{
  "type": "FeatureCollection",
  "features": [
    {
      "type": "Feature",
      "geometry": {
        "type": "Polygon",
        "coordinates": [
          [
            [
              7.7116,
              46.4113
            ],
            [
              7.6839,
              46.3762
            ],
            [
              7.7982,
              46.3757
            ],
            [
              7.8808,
              46.4117
            ],
            [
              7.9659,
              46.4058
            ],
            [
              8.0957,
              46.4511
            ],
            [
              8.209,
              46.5241
            ],
            [
              8.0982,
              46.5499
            ],
            [
              8.0586,
              46.5528
            ],
            [
              8.0288,
              46.5618
            ],
            [
              7.997,
              46.5586
            ],
            [
              7.9634,
              46.5379
            ],
            [
              7.9739,
              46.5215
            ],
            [
              7.9451,
              46.5074
            ],
            [
              7.9297,
              46.5001
            ],
            [
              7.8835,
              46.4796
            ],
            [
              7.8475,
              46.4785
            ],
            [
              7.7197,
              46.4176
            ],
            [
              7.7116,
              46.4113
            ]
          ]
        ]
      },
      "properties": {
        "id": "zentralwallis",
        "region": "Zentralwallis",
        "name": "Leukerbad / Loetschental",
        "elevation_ref": 2100,
        "reference_points": [
          [
            46.3873,
            7.7167
          ],
          [
            46.5269,
            8.1762
          ],
          [
            46.4106,
            7.9793
          ],
          [
            46.4571,
            7.848
          ]
        ],
        "kritischer_foehn": "Beide"
      }
    },
    {
      "type": "Feature",
      "geometry": {
        "type": "Point",
        "coordinates": [
          7.7167,
          46.3873
        ]
      },
      "properties": {
        "name": "Ref 1: Leukerbad / Loetschental",
        "region_id": "zentralwallis",
        "is_reference_point": true,
        "original_lat": 46.3873,
        "original_lon": 7.7167
      }
    },
    {
      "type": "Feature",
      "geometry": {
        "type": "Point",
        "coordinates": [
          8.1762,
          46.5269
        ]
      },
      "properties": {
        "name": "Ref 2: Leukerbad / Loetschental",
        "region_id": "zentralwallis",
        "is_reference_point": true,
        "original_lat": 46.5269,
        "original_lon": 8.1762
      }
    },
    {
      "type": "Feature",
      "geometry": {
        "type": "Point",
        "coordinates": [
          7.9793,
          46.4106
        ]
      },
      "properties": {
        "name": "Ref 3: Leukerbad / Loetschental",
        "region_id": "zentralwallis",
        "is_reference_point": true,
        "original_lat": 46.4106,
        "original_lon": 7.9793
      }
    },
    {
      "type": "Feature",
      "geometry": {
        "type": "Point",
        "coordinates": [
          7.848,
          46.4571
        ]
      },
      "properties": {
        "name": "Ref 4: Leukerbad / Loetschental",
        "region_id": "zentralwallis",
        "is_reference_point": true,
        "original_lat": 46.4571,
        "original_lon": 7.848
      }
    },
    {
      "type": "Feature",
      "geometry": {
        "type": "Polygon",
        "coordinates": [
          [
            [
              7.8132,
              46.2386
            ],
            [
              7.7672,
              46.2127
            ],
            [
              7.4292,
              46.1107
            ],
            [
              7.2737,
              46.0861
            ],
            [
              7.2181,
              46.0045
            ],
            [
              7.2931,
              45.9254
            ],
            [
              7.3878,
              45.8965
            ],
            [
              7.575,
              45.9847
            ],
            [
              7.8649,
              45.9183
            ],
            [
              7.8787,
              45.9766
            ],
            [
              7.9086,
              45.9973
            ],
            [
              7.9887,
              45.9968
            ],
            [
              8.0404,
              46.0489
            ],
            [
              8.0193,
              46.0706
            ],
            [
              8.0346,
              46.1009
            ],
            [
              7.9916,
              46.2034
            ],
            [
              7.8132,
              46.2386
            ]
          ]
        ]
      },
      "properties": {
        "id": "mattertal_saastal",
        "region": "Mattertal / Saastal",
        "name": "Graehen",
        "elevation_ref": 2000,
        "reference_points": [
          [
            45.9606,
            7.2695
          ],
          [
            46.1745,
            7.989
          ],
          [
            45.9606,
            7.6806
          ],
          [
            46.0889,
            7.4751
          ]
        ],
        "kritischer_foehn": "Beide"
      }
    },
    {
      "type": "Feature",
      "geometry": {
        "type": "Point",
        "coordinates": [
          7.2695,
          45.9606
        ]
      },
      "properties": {
        "name": "Ref 1: Graehen",
        "region_id": "mattertal_saastal",
        "is_reference_point": true,
        "original_lat": 45.9606,
        "original_lon": 7.2695
      }
    },
    {
      "type": "Feature",
      "geometry": {
        "type": "Point",
        "coordinates": [
          7.989,
          46.1745
        ]
      },
      "properties": {
        "name": "Ref 2: Graehen",
        "region_id": "mattertal_saastal",
        "is_reference_point": true,
        "original_lat": 46.1745,
        "original_lon": 7.989
      }
    },
    {
      "type": "Feature",
      "geometry": {
        "type": "Point",
        "coordinates": [
          7.6806,
          45.9606
        ]
      },
      "properties": {
        "name": "Ref 3: Graehen",
        "region_id": "mattertal_saastal",
        "is_reference_point": true,
        "original_lat": 45.9606,
        "original_lon": 7.6806
      }
    },
    {
      "type": "Feature",
      "geometry": {
        "type": "Point",
        "coordinates": [
          7.4751,
          46.0889
        ]
      },
      "properties": {
        "name": "Ref 4: Graehen",
        "region_id": "mattertal_saastal",
        "is_reference_point": true,
        "original_lat": 46.0889,
        "original_lon": 7.4751
      }
    },
    {
      "type": "Feature",
      "geometry": {
        "type": "Polygon",
        "coordinates": [
          [
            [
              7.7116,
              46.4113
            ],
            [
              7.6273,
              46.4439
            ],
            [
              7.5368,
              46.3981
            ],
            [
              7.228,
              46.3449
            ],
            [
              7.1357,
              46.2344
            ],
            [
              7.0817,
              46.1928
            ],
            [
              7.0712,
              46.1439
            ],
            [
              7.1267,
              46.0936
            ],
            [
              7.0742,
              46.0482
            ],
            [
              7.0058,
              46.0673
            ],
            [
              6.9495,
              46.1718
            ],
            [
              6.8952,
              46.1214
            ],
            [
              6.8675,
              46.0507
            ],
            [
              6.8794,
              46.0403
            ],
            [
              7.0103,
              45.996
            ],
            [
              7.0959,
              45.8627
            ],
            [
              7.1696,
              45.8668
            ],
            [
              7.2931,
              45.9254
            ],
            [
              7.2181,
              46.0045
            ],
            [
              7.2737,
              46.0861
            ],
            [
              7.4292,
              46.1107
            ],
            [
              7.7672,
              46.2127
            ],
            [
              7.8132,
              46.2386
            ],
            [
              7.7982,
              46.3757
            ],
            [
              7.6839,
              46.3762
            ],
            [
              7.7116,
              46.4113
            ]
          ]
        ]
      },
      "properties": {
        "id": "unterwallis",
        "region": "Unterwallis",
        "name": "Verbier Les Ruinettes",
        "elevation_ref": 2200,
        "reference_points": [
          [
            46.0443,
            6.9266
          ],
          [
            46.3349,
            7.7541
          ],
          [
            46.3349,
            7.2812
          ],
          [
            45.899,
            7.163
          ]
        ],
        "kritischer_foehn": "Beide"
      }
    },
    {
      "type": "Feature",
      "geometry": {
        "type": "Point",
        "coordinates": [
          6.9266,
          46.0443
        ]
      },
      "properties": {
        "name": "Ref 1: Verbier Les Ruinettes",
        "region_id": "unterwallis",
        "is_reference_point": true,
        "original_lat": 46.0443,
        "original_lon": 6.9266
      }
    },
    {
      "type": "Feature",
      "geometry": {
        "type": "Point",
        "coordinates": [
          7.7541,
          46.3349
        ]
      },
      "properties": {
        "name": "Ref 2: Verbier Les Ruinettes",
        "region_id": "unterwallis",
        "is_reference_point": true,
        "original_lat": 46.3349,
        "original_lon": 7.7541
      }
    },
    {
      "type": "Feature",
      "geometry": {
        "type": "Point",
        "coordinates": [
          7.2812,
          46.3349
        ]
      },
      "properties": {
        "name": "Ref 3: Verbier Les Ruinettes",
        "region_id": "unterwallis",
        "is_reference_point": true,
        "original_lat": 46.3349,
        "original_lon": 7.2812
      }
    },
    {
      "type": "Feature",
      "geometry": {
        "type": "Point",
        "coordinates": [
          7.163,
          45.899
        ]
      },
      "properties": {
        "name": "Ref 4: Verbier Les Ruinettes",
        "region_id": "unterwallis",
        "is_reference_point": true,
        "original_lat": 45.899,
        "original_lon": 7.163
      }
    },
    {
      "type": "Feature",
      "geometry": {
        "type": "Polygon",
        "coordinates": [
          [
            [
              7.228,
              46.3449
            ],
            [
              7.1962,
              46.3787
            ],
            [
              7.0121,
              46.376
            ],
            [
              6.9762,
              46.4312
            ],
            [
              6.9784,
              46.4736
            ],
            [
              6.8656,
              46.4933
            ],
            [
              6.7207,
              46.3874
            ],
            [
              6.8607,
              46.2776
            ],
            [
              6.7904,
              46.1598
            ],
            [
              6.8952,
              46.1214
            ],
            [
              6.9495,
              46.1718
            ],
            [
              7.0058,
              46.0673
            ],
            [
              7.0742,
              46.0482
            ],
            [
              7.1267,
              46.0936
            ],
            [
              7.0712,
              46.1439
            ],
            [
              7.0817,
              46.1928
            ],
            [
              7.1357,
              46.2344
            ],
            [
              7.228,
              46.3449
            ]
          ]
        ]
      },
      "properties": {
        "id": "waadtlaender_alpen",
        "region": "Waadtlaender Alpen",
        "name": "Col du Pillon / Leysin",
        "elevation_ref": 1600,
        "reference_points": [
          [
            46.4098,
            6.7524
          ],
          [
            46.076,
            7.0695
          ],
          [
            46.3542,
            7.1963
          ],
          [
            46.1873,
            6.8158
          ]
        ],
        "kritischer_foehn": "Süd"
      }
    },
    {
      "type": "Feature",
      "geometry": {
        "type": "Point",
        "coordinates": [
          6.7524,
          46.4098
        ]
      },
      "properties": {
        "name": "Ref 1: Col du Pillon / Leysin",
        "region_id": "waadtlaender_alpen",
        "is_reference_point": true,
        "original_lat": 46.4098,
        "original_lon": 6.7524
      }
    },
    {
      "type": "Feature",
      "geometry": {
        "type": "Point",
        "coordinates": [
          7.0695,
          46.076
        ]
      },
      "properties": {
        "name": "Ref 2: Col du Pillon / Leysin",
        "region_id": "waadtlaender_alpen",
        "is_reference_point": true,
        "original_lat": 46.076,
        "original_lon": 7.0695
      }
    },
    {
      "type": "Feature",
      "geometry": {
        "type": "Point",
        "coordinates": [
          7.1963,
          46.3542
        ]
      },
      "properties": {
        "name": "Ref 3: Col du Pillon / Leysin",
        "region_id": "waadtlaender_alpen",
        "is_reference_point": true,
        "original_lat": 46.3542,
        "original_lon": 7.1963
      }
    },
    {
      "type": "Feature",
      "geometry": {
        "type": "Point",
        "coordinates": [
          6.8158,
          46.1873
        ]
      },
      "properties": {
        "name": "Ref 4: Col du Pillon / Leysin",
        "region_id": "waadtlaender_alpen",
        "is_reference_point": true,
        "original_lat": 46.1873,
        "original_lon": 6.8158
      }
    },
    {
      "type": "Feature",
      "geometry": {
        "type": "Polygon",
        "coordinates": [
          [
            [
              7.7982,
              46.3757
            ],
            [
              7.8132,
              46.2386
            ],
            [
              7.9916,
              46.2034
            ],
            [
              8.1081,
              46.2502
            ],
            [
              8.0817,
              46.2604
            ],
            [
              8.1399,
              46.3011
            ],
            [
              8.1762,
              46.2966
            ],
            [
              8.3148,
              46.3769
            ],
            [
              8.3142,
              46.3994
            ],
            [
              8.2909,
              46.4081
            ],
            [
              8.3837,
              46.453
            ],
            [
              8.3911,
              46.4943
            ],
            [
              8.4832,
              46.5312
            ],
            [
              8.4836,
              46.619
            ],
            [
              8.4099,
              46.6536
            ],
            [
              8.3716,
              46.6325
            ],
            [
              8.3434,
              46.5636
            ],
            [
              8.209,
              46.5241
            ],
            [
              8.0957,
              46.4511
            ],
            [
              7.9659,
              46.4058
            ],
            [
              7.8808,
              46.4117
            ],
            [
              7.7982,
              46.3757
            ]
          ]
        ]
      },
      "properties": {
        "id": "oberwallis_goms",
        "region": "Oberwallis / Goms",
        "name": "Fiescheralp / Kühboden",
        "elevation_ref": 2200,
        "reference_points": [
          [
            46.6255,
            8.4408
          ],
          [
            46.2878,
            7.841
          ],
          [
            46.3441,
            8.1837
          ],
          [
            46.4566,
            8.3551
          ]
        ],
        "kritischer_foehn": "Beide"
      }
    },
    {
      "type": "Feature",
      "geometry": {
        "type": "Point",
        "coordinates": [
          8.4408,
          46.6255
        ]
      },
      "properties": {
        "name": "Ref 1: Fiescheralp / Kühboden",
        "region_id": "oberwallis_goms",
        "is_reference_point": true,
        "original_lat": 46.6255,
        "original_lon": 8.4408
      }
    },
    {
      "type": "Feature",
      "geometry": {
        "type": "Point",
        "coordinates": [
          7.841,
          46.2878
        ]
      },
      "properties": {
        "name": "Ref 2: Fiescheralp / Kühboden",
        "region_id": "oberwallis_goms",
        "is_reference_point": true,
        "original_lat": 46.2878,
        "original_lon": 7.841
      }
    },
    {
      "type": "Feature",
      "geometry": {
        "type": "Point",
        "coordinates": [
          8.1837,
          46.3441
        ]
      },
      "properties": {
        "name": "Ref 3: Fiescheralp / Kühboden",
        "region_id": "oberwallis_goms",
        "is_reference_point": true,
        "original_lat": 46.3441,
        "original_lon": 8.1837
      }
    },
    {
      "type": "Feature",
      "geometry": {
        "type": "Point",
        "coordinates": [
          8.3551,
          46.4566
        ]
      },
      "properties": {
        "name": "Ref 4: Fiescheralp / Kühboden",
        "region_id": "oberwallis_goms",
        "is_reference_point": true,
        "original_lat": 46.4566,
        "original_lon": 8.3551
      }
    },
    {
      "type": "Feature",
      "geometry": {
        "type": "Polygon",
        "coordinates": [
          [
            [
              8.3837,
              46.453
            ],
            [
              8.4498,
              46.4636
            ],
            [
              8.4642,
              46.447
            ],
            [
              8.4652,
              46.331
            ],
            [
              8.3879,
              46.2469
            ],
            [
              8.4617,
              46.2444
            ],
            [
              8.6012,
              46.286
            ],
            [
              8.6715,
              46.3185
            ],
            [
              8.7151,
              46.3525
            ],
            [
              8.7418,
              46.4054
            ],
            [
              8.8059,
              46.3779
            ],
            [
              8.832,
              46.3665
            ],
            [
              8.8631,
              46.3484
            ],
            [
              9.158,
              46.3404
            ],
            [
              9.1713,
              46.3733
            ],
            [
              9.1586,
              46.4177
            ],
            [
              9.1356,
              46.4658
            ],
            [
              9.1115,
              46.4793
            ],
            [
              9.0478,
              46.4776
            ],
            [
              9.0388,
              46.4927
            ],
            [
              9.0226,
              46.5108
            ],
            [
              9.0281,
              46.5681
            ],
            [
              9.0422,
              46.5848
            ],
            [
              9.033,
              46.6
            ],
            [
              8.9194,
              46.5987
            ],
            [
              8.8437,
              46.5633
            ],
            [
              8.6146,
              46.5786
            ],
            [
              8.4832,
              46.5312
            ],
            [
              8.3911,
              46.4943
            ],
            [
              8.3837,
              46.453
            ]
          ]
        ]
      },
      "properties": {
        "id": "tessin_nord",
        "region": "Tessin Nord",
        "name": "Carì",
        "elevation_ref": 2000,
        "reference_points": [
          [
            46.2666,
            8.4329
          ],
          [
            46.4444,
            9.1221
          ],
          [
            46.5333,
            8.7283
          ],
          [
            46.4889,
            8.4329
          ]
        ],
        "kritischer_foehn": "Nord"
      }
    },
    {
      "type": "Feature",
      "geometry": {
        "type": "Point",
        "coordinates": [
          8.4329,
          46.2666
        ]
      },
      "properties": {
        "name": "Ref 1: Carì",
        "region_id": "tessin_nord",
        "is_reference_point": true,
        "original_lat": 46.2666,
        "original_lon": 8.4329
      }
    },
    {
      "type": "Feature",
      "geometry": {
        "type": "Point",
        "coordinates": [
          9.1221,
          46.4444
        ]
      },
      "properties": {
        "name": "Ref 2: Carì",
        "region_id": "tessin_nord",
        "is_reference_point": true,
        "original_lat": 46.4444,
        "original_lon": 9.1221
      }
    },
    {
      "type": "Feature",
      "geometry": {
        "type": "Point",
        "coordinates": [
          8.7283,
          46.5333
        ]
      },
      "properties": {
        "name": "Ref 3: Carì",
        "region_id": "tessin_nord",
        "is_reference_point": true,
        "original_lat": 46.5333,
        "original_lon": 8.7283
      }
    },
    {
      "type": "Feature",
      "geometry": {
        "type": "Point",
        "coordinates": [
          8.4329,
          46.4889
        ]
      },
      "properties": {
        "name": "Ref 4: Carì",
        "region_id": "tessin_nord",
        "is_reference_point": true,
        "original_lat": 46.4889,
        "original_lon": 8.4329
      }
    },
    {
      "type": "Feature",
      "geometry": {
        "type": "Polygon",
        "coordinates": [
          [
            [
              8.4617,
              46.2444
            ],
            [
              8.4236,
              46.2182
            ],
            [
              8.5079,
              46.1067
            ],
            [
              8.6125,
              46.1221
            ],
            [
              8.6475,
              46.1237
            ],
            [
              8.8006,
              46.0946
            ],
            [
              8.8664,
              46.1036
            ],
            [
              9.0338,
              46.1465
            ],
            [
              9.1047,
              46.1384
            ],
            [
              9.1557,
              46.1619
            ],
            [
              9.1941,
              46.1778
            ],
            [
              9.2009,
              46.2074
            ],
            [
              9.2139,
              46.2101
            ],
            [
              9.2226,
              46.2241
            ],
            [
              9.2969,
              46.3206
            ],
            [
              9.2667,
              46.4509
            ],
            [
              9.2371,
              46.4879
            ],
            [
              9.169284,
              46.482777
            ],
            [
              9.11324,
              46.479405
            ],
            [
              9.1115,
              46.4793
            ],
            [
              9.1356,
              46.4658
            ],
            [
              9.1586,
              46.4177
            ],
            [
              9.1713,
              46.3733
            ],
            [
              9.158,
              46.3404
            ],
            [
              8.8631,
              46.3484
            ],
            [
              8.832,
              46.3665
            ],
            [
              8.8059,
              46.3779
            ],
            [
              8.7418,
              46.4054
            ],
            [
              8.7151,
              46.3525
            ],
            [
              8.6715,
              46.3185
            ],
            [
              8.6012,
              46.286
            ],
            [
              8.4617,
              46.2444
            ]
          ]
        ]
      },
      "properties": {
        "id": "tessin_zentral",
        "region": "Tessin Zentral",
        "name": "Locarno Cimetta",
        "elevation_ref": 1650,
        "reference_points": [
          [
            46.1683,
            8.4782
          ],
          [
            46.4633,
            9.2423
          ],
          [
            46.1192,
            8.9148
          ],
          [
            46.365,
            8.8057
          ]
        ],
        "kritischer_foehn": "Nord"
      }
    },
    {
      "type": "Feature",
      "geometry": {
        "type": "Point",
        "coordinates": [
          8.4782,
          46.1683
        ]
      },
      "properties": {
        "name": "Ref 1: Locarno Cimetta",
        "region_id": "tessin_zentral",
        "is_reference_point": true,
        "original_lat": 46.1683,
        "original_lon": 8.4782
      }
    },
    {
      "type": "Feature",
      "geometry": {
        "type": "Point",
        "coordinates": [
          9.2423,
          46.4633
        ]
      },
      "properties": {
        "name": "Ref 2: Locarno Cimetta",
        "region_id": "tessin_zentral",
        "is_reference_point": true,
        "original_lat": 46.4633,
        "original_lon": 9.2423
      }
    },
    {
      "type": "Feature",
      "geometry": {
        "type": "Point",
        "coordinates": [
          8.9148,
          46.1192
        ]
      },
      "properties": {
        "name": "Ref 3: Locarno Cimetta",
        "region_id": "tessin_zentral",
        "is_reference_point": true,
        "original_lat": 46.1192,
        "original_lon": 8.9148
      }
    },
    {
      "type": "Feature",
      "geometry": {
        "type": "Point",
        "coordinates": [
          8.8057,
          46.365
        ]
      },
      "properties": {
        "name": "Ref 4: Locarno Cimetta",
        "region_id": "tessin_zentral",
        "is_reference_point": true,
        "original_lat": 46.365,
        "original_lon": 8.8057
      }
    },
    {
      "type": "Feature",
      "geometry": {
        "type": "Polygon",
        "coordinates": [
          [
            [
              9.1115,
              46.4793
            ],
            [
              9.11324,
              46.479405
            ],
            [
              9.169284,
              46.482777
            ],
            [
              9.2371,
              46.4879
            ],
            [
              9.2667,
              46.4509
            ],
            [
              9.2833,
              46.4964
            ],
            [
              9.3638,
              46.5072
            ],
            [
              9.4028,
              46.4137
            ],
            [
              9.4215,
              46.3589
            ],
            [
              9.5457,
              46.3701
            ],
            [
              9.5702,
              46.3996
            ],
            [
              9.6672,
              46.4165
            ],
            [
              9.7467,
              46.4494
            ],
            [
              9.7045,
              46.475
            ],
            [
              9.6954,
              46.5448
            ],
            [
              9.8286,
              46.5714
            ],
            [
              9.8785,
              46.6198
            ],
            [
              9.8307,
              46.6754
            ],
            [
              9.7202,
              46.7541
            ],
            [
              9.6491,
              46.7206
            ],
            [
              9.6117,
              46.7281
            ],
            [
              9.5996,
              46.7608
            ],
            [
              9.5698,
              46.803
            ],
            [
              9.379,
              46.7703
            ],
            [
              9.2706,
              46.5781
            ],
            [
              9.118,
              46.5218
            ],
            [
              9.1025,
              46.5091
            ],
            [
              9.0226,
              46.5108
            ],
            [
              9.0388,
              46.4927
            ],
            [
              9.0478,
              46.4776
            ],
            [
              9.1115,
              46.4793
            ]
          ]
        ]
      },
      "properties": {
        "id": "engadin_unter",
        "region": "Engadin Unter",
        "name": "Scuol Motta Naluns",
        "elevation_ref": 2100,
        "reference_points": [
          [
            46.4977,
            9.0761
          ],
          [
            46.6642,
            9.825
          ],
          [
            46.3867,
            9.504
          ],
          [
            46.7197,
            9.3971
          ]
        ],
        "kritischer_foehn": "Beide"
      }
    },
    {
      "type": "Feature",
      "geometry": {
        "type": "Point",
        "coordinates": [
          9.0761,
          46.4977
        ]
      },
      "properties": {
        "name": "Ref 1: Scuol Motta Naluns",
        "region_id": "engadin_unter",
        "is_reference_point": true,
        "original_lat": 46.4977,
        "original_lon": 9.0761
      }
    },
    {
      "type": "Feature",
      "geometry": {
        "type": "Point",
        "coordinates": [
          9.825,
          46.6642
        ]
      },
      "properties": {
        "name": "Ref 2: Scuol Motta Naluns",
        "region_id": "engadin_unter",
        "is_reference_point": true,
        "original_lat": 46.6642,
        "original_lon": 9.825
      }
    },
    {
      "type": "Feature",
      "geometry": {
        "type": "Point",
        "coordinates": [
          9.504,
          46.3867
        ]
      },
      "properties": {
        "name": "Ref 3: Scuol Motta Naluns",
        "region_id": "engadin_unter",
        "is_reference_point": true,
        "original_lat": 46.3867,
        "original_lon": 9.504
      }
    },
    {
      "type": "Feature",
      "geometry": {
        "type": "Point",
        "coordinates": [
          9.3971,
          46.7197
        ]
      },
      "properties": {
        "name": "Ref 4: Scuol Motta Naluns",
        "region_id": "engadin_unter",
        "is_reference_point": true,
        "original_lat": 46.7197,
        "original_lon": 9.3971
      }
    },
    {
      "type": "Feature",
      "geometry": {
        "type": "Polygon",
        "coordinates": [
          [
            [
              9.6672,
              46.4165
            ],
            [
              9.7681,
              46.3389
            ],
            [
              9.9581,
              46.3786
            ],
            [
              10.1209,
              46.4296
            ],
            [
              10.1835,
              46.4449
            ],
            [
              10.2175,
              46.4991
            ],
            [
              10.1956,
              46.566
            ],
            [
              10.3899,
              46.6623
            ],
            [
              10.1138,
              46.7247
            ],
            [
              10.0914,
              46.8578
            ],
            [
              9.9886,
              46.7911
            ],
            [
              9.8785,
              46.6198
            ],
            [
              9.8286,
              46.5714
            ],
            [
              9.6954,
              46.5448
            ],
            [
              9.7045,
              46.475
            ],
            [
              9.7467,
              46.4494
            ],
            [
              9.6672,
              46.4165
            ]
          ]
        ]
      },
      "properties": {
        "id": "engadin_ober",
        "region": "Engadin Ober",
        "name": "Muottas Muragl",
        "elevation_ref": 2450,
        "reference_points": [
          [
            46.5011,
            9.7124
          ],
          [
            46.6308,
            10.2544
          ],
          [
            46.7605,
            9.9834
          ],
          [
            46.4362,
            9.9834
          ]
        ],
        "kritischer_foehn": "Beide"
      }
    },
    {
      "type": "Feature",
      "geometry": {
        "type": "Point",
        "coordinates": [
          9.7124,
          46.5011
        ]
      },
      "properties": {
        "name": "Ref 1: Muottas Muragl",
        "region_id": "engadin_ober",
        "is_reference_point": true,
        "original_lat": 46.5011,
        "original_lon": 9.7124
      }
    },
    {
      "type": "Feature",
      "geometry": {
        "type": "Point",
        "coordinates": [
          10.2544,
          46.6308
        ]
      },
      "properties": {
        "name": "Ref 2: Muottas Muragl",
        "region_id": "engadin_ober",
        "is_reference_point": true,
        "original_lat": 46.6308,
        "original_lon": 10.2544
      }
    },
    {
      "type": "Feature",
      "geometry": {
        "type": "Point",
        "coordinates": [
          9.9834,
          46.7605
        ]
      },
      "properties": {
        "name": "Ref 3: Muottas Muragl",
        "region_id": "engadin_ober",
        "is_reference_point": true,
        "original_lat": 46.7605,
        "original_lon": 9.9834
      }
    },
    {
      "type": "Feature",
      "geometry": {
        "type": "Point",
        "coordinates": [
          9.9834,
          46.4362
        ]
      },
      "properties": {
        "name": "Ref 4: Muottas Muragl",
        "region_id": "engadin_ober",
        "is_reference_point": true,
        "original_lat": 46.4362,
        "original_lon": 9.9834
      }
    },
    {
      "type": "Feature",
      "geometry": {
        "type": "Polygon",
        "coordinates": [
          [
            [
              9.8785,
              46.6198
            ],
            [
              9.9886,
              46.7911
            ],
            [
              10.0914,
              46.8578
            ],
            [
              10.0165,
              46.9014
            ],
            [
              9.8731,
              46.9289
            ],
            [
              9.8748,
              47.0198
            ],
            [
              9.7093,
              47.0519
            ],
            [
              9.5561,
              47.0511
            ],
            [
              9.6021,
              47.0102
            ],
            [
              9.6141,
              46.8712
            ],
            [
              9.5698,
              46.803
            ],
            [
              9.5996,
              46.7608
            ],
            [
              9.6117,
              46.7281
            ],
            [
              9.6491,
              46.7206
            ],
            [
              9.7202,
              46.7541
            ],
            [
              9.8307,
              46.6754
            ],
            [
              9.8785,
              46.6198
            ]
          ]
        ]
      },
      "properties": {
        "id": "praettigau_davos",
        "region": "Prättigau - Davos",
        "name": "Fanas Eggli",
        "elevation_ref": 1700,
        "reference_points": [
          [
            46.8629,
            10.0579
          ],
          [
            47.0249,
            9.5896
          ],
          [
            46.7548,
            9.7234
          ],
          [
            46.9709,
            9.8572
          ]
        ],
        "kritischer_foehn": "Süd"
      }
    },
    {
      "type": "Feature",
      "geometry": {
        "type": "Point",
        "coordinates": [
          10.0579,
          46.8629
        ]
      },
      "properties": {
        "name": "Ref 1: Fanas Eggli",
        "region_id": "praettigau_davos",
        "is_reference_point": true,
        "original_lat": 46.8629,
        "original_lon": 10.0579
      }
    },
    {
      "type": "Feature",
      "geometry": {
        "type": "Point",
        "coordinates": [
          9.5896,
          47.0249
        ]
      },
      "properties": {
        "name": "Ref 2: Fanas Eggli",
        "region_id": "praettigau_davos",
        "is_reference_point": true,
        "original_lat": 47.0249,
        "original_lon": 9.5896
      }
    },
    {
      "type": "Feature",
      "geometry": {
        "type": "Point",
        "coordinates": [
          9.7234,
          46.7548
        ]
      },
      "properties": {
        "name": "Ref 3: Fanas Eggli",
        "region_id": "praettigau_davos",
        "is_reference_point": true,
        "original_lat": 46.7548,
        "original_lon": 9.7234
      }
    },
    {
      "type": "Feature",
      "geometry": {
        "type": "Point",
        "coordinates": [
          9.8572,
          46.9709
        ]
      },
      "properties": {
        "name": "Ref 4: Fanas Eggli",
        "region_id": "praettigau_davos",
        "is_reference_point": true,
        "original_lat": 46.9709,
        "original_lon": 9.8572
      }
    },
    {
      "type": "Feature",
      "geometry": {
        "type": "Polygon",
        "coordinates": [
          [
            [
              9.5698,
              46.803
            ],
            [
              9.6141,
              46.8712
            ],
            [
              9.6021,
              47.0102
            ],
            [
              9.5561,
              47.0511
            ],
            [
              9.629,
              47.1832
            ],
            [
              9.7639,
              47.2833
            ],
            [
              9.7811,
              47.516
            ],
            [
              9.7232,
              47.5871
            ],
            [
              9.4804,
              47.4424
            ],
            [
              9.513,
              47.3099
            ],
            [
              9.3498,
              47.2144
            ],
            [
              9.3955,
              47.1306
            ],
            [
              9.4148,
              47.1099
            ],
            [
              9.4267,
              47.0987
            ],
            [
              9.3992,
              46.9737
            ],
            [
              9.3844,
              46.8977
            ],
            [
              9.379,
              46.7703
            ],
            [
              9.5698,
              46.803
            ]
          ]
        ]
      },
      "properties": {
        "id": "rheintal",
        "region": "Ostschweiz",
        "name": "Santa Maria in Calanca",
        "elevation_ref": 1500,
        "reference_points": [
          [
            47.5361,
            9.7541
          ],
          [
            46.8213,
            9.4307
          ],
          [
            47.2297,
            9.3768
          ],
          [
            47.2297,
            9.6463
          ]
        ],
        "kritischer_foehn": "Nord"
      }
    },
    {
      "type": "Feature",
      "geometry": {
        "type": "Point",
        "coordinates": [
          9.7541,
          47.5361
        ]
      },
      "properties": {
        "name": "Ref 1: Santa Maria in Calanca",
        "region_id": "rheintal",
        "is_reference_point": true,
        "original_lat": 47.5361,
        "original_lon": 9.7541
      }
    },
    {
      "type": "Feature",
      "geometry": {
        "type": "Point",
        "coordinates": [
          9.4307,
          46.8213
        ]
      },
      "properties": {
        "name": "Ref 2: Santa Maria in Calanca",
        "region_id": "rheintal",
        "is_reference_point": true,
        "original_lat": 46.8213,
        "original_lon": 9.4307
      }
    },
    {
      "type": "Feature",
      "geometry": {
        "type": "Point",
        "coordinates": [
          9.3768,
          47.2297
        ]
      },
      "properties": {
        "name": "Ref 3: Santa Maria in Calanca",
        "region_id": "rheintal",
        "is_reference_point": true,
        "original_lat": 47.2297,
        "original_lon": 9.3768
      }
    },
    {
      "type": "Feature",
      "geometry": {
        "type": "Point",
        "coordinates": [
          9.6463,
          47.2297
        ]
      },
      "properties": {
        "name": "Ref 4: Santa Maria in Calanca",
        "region_id": "rheintal",
        "is_reference_point": true,
        "original_lat": 47.2297,
        "original_lon": 9.6463
      }
    },
    {
      "type": "Feature",
      "geometry": {
        "type": "Polygon",
        "coordinates": [
          [
            [
              9.4804,
              47.4424
            ],
            [
              9.2728,
              47.3787
            ],
            [
              8.8215,
              47.4791
            ],
            [
              8.743016,
              47.457354
            ],
            [
              8.8863,
              47.2942
            ],
            [
              9.0127,
              47.2588
            ],
            [
              9.0885,
              47.1624
            ],
            [
              9.2131,
              47.1476
            ],
            [
              9.3132,
              47.1545
            ],
            [
              9.4148,
              47.1099
            ],
            [
              9.3955,
              47.1306
            ],
            [
              9.3498,
              47.2144
            ],
            [
              9.513,
              47.3099
            ],
            [
              9.4804,
              47.4424
            ]
          ]
        ]
      },
      "properties": {
        "id": "alpstein",
        "region": "Alpstein / Ostschweiz",
        "name": "Ebenalp",
        "elevation_ref": 1640,
        "reference_points": [
          [
            47.456,
            8.7911
          ],
          [
            47.3176,
            9.4649
          ],
          [
            47.1791,
            9.0799
          ],
          [
            47.4099,
            9.0799
          ]
        ],
        "kritischer_foehn": "Süd"
      }
    },
    {
      "type": "Feature",
      "geometry": {
        "type": "Point",
        "coordinates": [
          8.7911,
          47.456
        ]
      },
      "properties": {
        "name": "Ref 1: Ebenalp",
        "region_id": "alpstein",
        "is_reference_point": true,
        "original_lat": 47.456,
        "original_lon": 8.7911
      }
    },
    {
      "type": "Feature",
      "geometry": {
        "type": "Point",
        "coordinates": [
          9.4649,
          47.3176
        ]
      },
      "properties": {
        "name": "Ref 2: Ebenalp",
        "region_id": "alpstein",
        "is_reference_point": true,
        "original_lat": 47.3176,
        "original_lon": 9.4649
      }
    },
    {
      "type": "Feature",
      "geometry": {
        "type": "Point",
        "coordinates": [
          9.0799,
          47.1791
        ]
      },
      "properties": {
        "name": "Ref 3: Ebenalp",
        "region_id": "alpstein",
        "is_reference_point": true,
        "original_lat": 47.1791,
        "original_lon": 9.0799
      }
    },
    {
      "type": "Feature",
      "geometry": {
        "type": "Point",
        "coordinates": [
          9.0799,
          47.4099
        ]
      },
      "properties": {
        "name": "Ref 4: Ebenalp",
        "region_id": "alpstein",
        "is_reference_point": true,
        "original_lat": 47.4099,
        "original_lon": 9.0799
      }
    },
    {
      "type": "Feature",
      "geometry": {
        "type": "Polygon",
        "coordinates": [
          [
            [
              8.4832,
              46.5312
            ],
            [
              8.6146,
              46.5786
            ],
            [
              8.6361,
              46.6834
            ],
            [
              8.8766,
              46.8131
            ],
            [
              8.8585,
              46.8815
            ],
            [
              8.9494,
              46.9696
            ],
            [
              8.8844,
              47.0622
            ],
            [
              8.8318,
              47.0448
            ],
            [
              8.6884,
              47.031
            ],
            [
              8.6101,
              47.0192
            ],
            [
              8.2543,
              46.9791
            ],
            [
              8.1856,
              46.9845
            ],
            [
              7.9099,
              46.8252
            ],
            [
              7.9753,
              46.7899
            ],
            [
              8.09,
              46.7876
            ],
            [
              8.2797,
              46.7521
            ],
            [
              8.3688,
              46.7884
            ],
            [
              8.4483,
              46.7645
            ],
            [
              8.4099,
              46.6536
            ],
            [
              8.4836,
              46.619
            ],
            [
              8.4832,
              46.5312
            ]
          ]
        ]
      },
      "properties": {
        "id": "zentralschweizer_voralpen",
        "region": "Zentralschweizer Voralpen",
        "name": "Engelberg Brunni",
        "elevation_ref": 1860,
        "reference_points": [
          [
            46.8299,
            7.9749
          ],
          [
            47.029,
            8.8844
          ],
          [
            46.5644,
            8.4946
          ],
          [
            46.9626,
            8.3647
          ]
        ],
        "kritischer_foehn": "Süd"
      }
    },
    {
      "type": "Feature",
      "geometry": {
        "type": "Point",
        "coordinates": [
          7.9749,
          46.8299
        ]
      },
      "properties": {
        "name": "Ref 1: Engelberg Brunni",
        "region_id": "zentralschweizer_voralpen",
        "is_reference_point": true,
        "original_lat": 46.8299,
        "original_lon": 7.9749
      }
    },
    {
      "type": "Feature",
      "geometry": {
        "type": "Point",
        "coordinates": [
          8.8844,
          47.029
        ]
      },
      "properties": {
        "name": "Ref 2: Engelberg Brunni",
        "region_id": "zentralschweizer_voralpen",
        "is_reference_point": true,
        "original_lat": 47.029,
        "original_lon": 8.8844
      }
    },
    {
      "type": "Feature",
      "geometry": {
        "type": "Point",
        "coordinates": [
          8.4946,
          46.5644
        ]
      },
      "properties": {
        "name": "Ref 3: Engelberg Brunni",
        "region_id": "zentralschweizer_voralpen",
        "is_reference_point": true,
        "original_lat": 46.5644,
        "original_lon": 8.4946
      }
    },
    {
      "type": "Feature",
      "geometry": {
        "type": "Point",
        "coordinates": [
          8.3647,
          46.9626
        ]
      },
      "properties": {
        "name": "Ref 4: Engelberg Brunni",
        "region_id": "zentralschweizer_voralpen",
        "is_reference_point": true,
        "original_lat": 46.9626,
        "original_lon": 8.3647
      }
    },
    {
      "type": "Feature",
      "geometry": {
        "type": "Polygon",
        "coordinates": [
          [
            [
              9.0226,
              46.5108
            ],
            [
              9.1025,
              46.5091
            ],
            [
              9.118,
              46.5218
            ],
            [
              9.2706,
              46.5781
            ],
            [
              9.379,
              46.7703
            ],
            [
              9.3844,
              46.8977
            ],
            [
              9.2479,
              46.916
            ],
            [
              9.1107,
              46.8504
            ],
            [
              9.095,
              46.8707
            ],
            [
              9.0639,
              46.8749
            ],
            [
              9.0472,
              46.8666
            ],
            [
              9.0218,
              46.8174
            ],
            [
              8.9266,
              46.7973
            ],
            [
              8.8766,
              46.8131
            ],
            [
              8.6361,
              46.6834
            ],
            [
              8.6146,
              46.5786
            ],
            [
              8.8437,
              46.5633
            ],
            [
              8.9194,
              46.5987
            ],
            [
              9.033,
              46.6
            ],
            [
              9.0422,
              46.5848
            ],
            [
              9.0281,
              46.5681
            ],
            [
              9.0226,
              46.5108
            ]
          ]
        ]
      },
      "properties": {
        "id": "surselva",
        "region": "Surselva",
        "name": "Flims Crap Sogn Gion",
        "elevation_ref": 2200,
        "reference_points": [
          [
            46.5854,
            8.6627
          ],
          [
            46.8906,
            9.3363
          ],
          [
            46.5345,
            9.1438
          ],
          [
            46.7888,
            8.9514
          ]
        ],
        "kritischer_foehn": "Beide"
      }
    },
    {
      "type": "Feature",
      "geometry": {
        "type": "Point",
        "coordinates": [
          8.6627,
          46.5854
        ]
      },
      "properties": {
        "name": "Ref 1: Flims Crap Sogn Gion",
        "region_id": "surselva",
        "is_reference_point": true,
        "original_lat": 46.5854,
        "original_lon": 8.6627
      }
    },
    {
      "type": "Feature",
      "geometry": {
        "type": "Point",
        "coordinates": [
          9.3363,
          46.8906
        ]
      },
      "properties": {
        "name": "Ref 2: Flims Crap Sogn Gion",
        "region_id": "surselva",
        "is_reference_point": true,
        "original_lat": 46.8906,
        "original_lon": 9.3363
      }
    },
    {
      "type": "Feature",
      "geometry": {
        "type": "Point",
        "coordinates": [
          9.1438,
          46.5345
        ]
      },
      "properties": {
        "name": "Ref 3: Flims Crap Sogn Gion",
        "region_id": "surselva",
        "is_reference_point": true,
        "original_lat": 46.5345,
        "original_lon": 9.1438
      }
    },
    {
      "type": "Feature",
      "geometry": {
        "type": "Point",
        "coordinates": [
          8.9514,
          46.7888
        ]
      },
      "properties": {
        "name": "Ref 4: Flims Crap Sogn Gion",
        "region_id": "surselva",
        "is_reference_point": true,
        "original_lat": 46.7888,
        "original_lon": 8.9514
      }
    },
    {
      "type": "Feature",
      "geometry": {
        "type": "Polygon",
        "coordinates": [
          [
            [
              9.4148,
              47.1099
            ],
            [
              9.3132,
              47.1545
            ],
            [
              9.2131,
              47.1476
            ],
            [
              9.0885,
              47.1624
            ],
            [
              9.0587,
              47.1285
            ],
            [
              8.9662,
              47.1204
            ],
            [
              8.8844,
              47.0622
            ],
            [
              8.9494,
              46.9696
            ],
            [
              8.8585,
              46.8815
            ],
            [
              8.8766,
              46.8131
            ],
            [
              8.9266,
              46.7973
            ],
            [
              9.0218,
              46.8174
            ],
            [
              9.0472,
              46.8666
            ],
            [
              9.0639,
              46.8749
            ],
            [
              9.095,
              46.8707
            ],
            [
              9.1107,
              46.8504
            ],
            [
              9.2479,
              46.916
            ],
            [
              9.3844,
              46.8977
            ],
            [
              9.3992,
              46.9737
            ],
            [
              9.4267,
              47.0987
            ],
            [
              9.4148,
              47.1099
            ]
          ]
        ]
      },
      "properties": {
        "id": "glarnerland_walensee",
        "region": "Glarnerland / Walensee",
        "name": "Schrina",
        "elevation_ref": 1300,
        "reference_points": [
          [
            46.8201,
            8.894
          ],
          [
            47.0939,
            9.3912
          ],
          [
            47.0939,
            9.0361
          ],
          [
            46.9114,
            9.1781
          ]
        ],
        "kritischer_foehn": "Süd"
      }
    },
    {
      "type": "Feature",
      "geometry": {
        "type": "Point",
        "coordinates": [
          8.894,
          46.8201
        ]
      },
      "properties": {
        "name": "Ref 1: Schrina",
        "region_id": "glarnerland_walensee",
        "is_reference_point": true,
        "original_lat": 46.8201,
        "original_lon": 8.894
      }
    },
    {
      "type": "Feature",
      "geometry": {
        "type": "Point",
        "coordinates": [
          9.3912,
          47.0939
        ]
      },
      "properties": {
        "name": "Ref 2: Schrina",
        "region_id": "glarnerland_walensee",
        "is_reference_point": true,
        "original_lat": 47.0939,
        "original_lon": 9.3912
      }
    },
    {
      "type": "Feature",
      "geometry": {
        "type": "Point",
        "coordinates": [
          9.0361,
          47.0939
        ]
      },
      "properties": {
        "name": "Ref 3: Schrina",
        "region_id": "glarnerland_walensee",
        "is_reference_point": true,
        "original_lat": 47.0939,
        "original_lon": 9.0361
      }
    },
    {
      "type": "Feature",
      "geometry": {
        "type": "Point",
        "coordinates": [
          9.1781,
          46.9114
        ]
      },
      "properties": {
        "name": "Ref 4: Schrina",
        "region_id": "glarnerland_walensee",
        "is_reference_point": true,
        "original_lat": 46.9114,
        "original_lon": 9.1781
      }
    },
    {
      "type": "Feature",
      "geometry": {
        "type": "Polygon",
        "coordinates": [
          [
            [
              8.209,
              46.5241
            ],
            [
              8.3434,
              46.5636
            ],
            [
              8.3716,
              46.6325
            ],
            [
              8.4099,
              46.6536
            ],
            [
              8.4483,
              46.7645
            ],
            [
              8.3688,
              46.7884
            ],
            [
              8.2797,
              46.7521
            ],
            [
              8.09,
              46.7876
            ],
            [
              7.9753,
              46.7899
            ],
            [
              7.9099,
              46.8252
            ],
            [
              7.802,
              46.7577
            ],
            [
              7.7517,
              46.7172
            ],
            [
              7.7937,
              46.6213
            ],
            [
              7.8188,
              46.5614
            ],
            [
              7.803,
              46.5123
            ],
            [
              7.8475,
              46.4785
            ],
            [
              7.8835,
              46.4796
            ],
            [
              7.9297,
              46.5001
            ],
            [
              7.9451,
              46.5074
            ],
            [
              7.9739,
              46.5215
            ],
            [
              7.9634,
              46.5379
            ],
            [
              7.997,
              46.5586
            ],
            [
              8.0288,
              46.5618
            ],
            [
              8.0586,
              46.5528
            ],
            [
              8.0982,
              46.5499
            ],
            [
              8.209,
              46.5241
            ]
          ]
        ]
      },
      "properties": {
        "id": "berner_voralpen",
        "region": "Berner Voralpen",
        "name": "Niederhorn",
        "elevation_ref": 1950,
        "reference_points": [
          [
            46.7602,
            8.4048
          ],
          [
            46.6302,
            7.7952
          ],
          [
            46.5435,
            8.1435
          ],
          [
            46.7602,
            8.0565
          ]
        ],
        "kritischer_foehn": "Süd"
      }
    },
    {
      "type": "Feature",
      "geometry": {
        "type": "Point",
        "coordinates": [
          8.4048,
          46.7602
        ]
      },
      "properties": {
        "name": "Ref 1: Niederhorn",
        "region_id": "berner_voralpen",
        "is_reference_point": true,
        "original_lat": 46.7602,
        "original_lon": 8.4048
      }
    },
    {
      "type": "Feature",
      "geometry": {
        "type": "Point",
        "coordinates": [
          7.7952,
          46.6302
        ]
      },
      "properties": {
        "name": "Ref 2: Niederhorn",
        "region_id": "berner_voralpen",
        "is_reference_point": true,
        "original_lat": 46.6302,
        "original_lon": 7.7952
      }
    },
    {
      "type": "Feature",
      "geometry": {
        "type": "Point",
        "coordinates": [
          8.1435,
          46.5435
        ]
      },
      "properties": {
        "name": "Ref 3: Niederhorn",
        "region_id": "berner_voralpen",
        "is_reference_point": true,
        "original_lat": 46.5435,
        "original_lon": 8.1435
      }
    },
    {
      "type": "Feature",
      "geometry": {
        "type": "Point",
        "coordinates": [
          8.0565,
          46.7602
        ]
      },
      "properties": {
        "name": "Ref 4: Niederhorn",
        "region_id": "berner_voralpen",
        "is_reference_point": true,
        "original_lat": 46.7602,
        "original_lon": 8.0565
      }
    },
    {
      "type": "Feature",
      "geometry": {
        "type": "Polygon",
        "coordinates": [
          [
            [
              7.8475,
              46.4785
            ],
            [
              7.803,
              46.5123
            ],
            [
              7.8188,
              46.5614
            ],
            [
              7.7937,
              46.6213
            ],
            [
              7.7364,
              46.6219
            ],
            [
              7.558,
              46.7132
            ],
            [
              7.4442,
              46.7225
            ],
            [
              7.2414,
              46.6439
            ],
            [
              7.2113,
              46.5817
            ],
            [
              7.1496,
              46.5936
            ],
            [
              7.1158,
              46.5796
            ],
            [
              7.1003,
              46.5156
            ],
            [
              7.0213,
              46.5545
            ],
            [
              6.9984,
              46.5483
            ],
            [
              6.9859,
              46.5335
            ],
            [
              6.9784,
              46.4736
            ],
            [
              6.9762,
              46.4312
            ],
            [
              7.0121,
              46.376
            ],
            [
              7.1962,
              46.3787
            ],
            [
              7.228,
              46.3449
            ],
            [
              7.5368,
              46.3981
            ],
            [
              7.6273,
              46.4439
            ],
            [
              7.7116,
              46.4113
            ],
            [
              7.7197,
              46.4176
            ],
            [
              7.8475,
              46.4785
            ]
          ]
        ]
      },
      "properties": {
        "id": "freiburger_voralpen",
        "region": "Freiburger Voralpen",
        "name": "Moléson",
        "elevation_ref": 1950,
        "reference_points": [
          [
            46.4157,
            7.0307
          ],
          [
            46.6045,
            7.793
          ],
          [
            46.6517,
            7.3574
          ],
          [
            46.3685,
            7.3574
          ]
        ],
        "kritischer_foehn": "Süd"
      }
    },
    {
      "type": "Feature",
      "geometry": {
        "type": "Point",
        "coordinates": [
          7.0307,
          46.4157
        ]
      },
      "properties": {
        "name": "Ref 1: Moléson",
        "region_id": "freiburger_voralpen",
        "is_reference_point": true,
        "original_lat": 46.4157,
        "original_lon": 7.0307
      }
    },
    {
      "type": "Feature",
      "geometry": {
        "type": "Point",
        "coordinates": [
          7.793,
          46.6045
        ]
      },
      "properties": {
        "name": "Ref 2: Moléson",
        "region_id": "freiburger_voralpen",
        "is_reference_point": true,
        "original_lat": 46.6045,
        "original_lon": 7.793
      }
    },
    {
      "type": "Feature",
      "geometry": {
        "type": "Point",
        "coordinates": [
          7.3574,
          46.6517
        ]
      },
      "properties": {
        "name": "Ref 3: Moléson",
        "region_id": "freiburger_voralpen",
        "is_reference_point": true,
        "original_lat": 46.6517,
        "original_lon": 7.3574
      }
    },
    {
      "type": "Feature",
      "geometry": {
        "type": "Point",
        "coordinates": [
          7.3574,
          46.3685
        ]
      },
      "properties": {
        "name": "Ref 4: Moléson",
        "region_id": "freiburger_voralpen",
        "is_reference_point": true,
        "original_lat": 46.3685,
        "original_lon": 7.3574
      }
    },
    {
      "type": "Feature",
      "geometry": {
        "type": "Polygon",
        "coordinates": [
          [
            [
              6.8656,
              46.4933
            ],
            [
              6.7223,
              46.5484
            ],
            [
              6.4749,
              46.7166
            ],
            [
              6.3542,
              46.5485
            ],
            [
              6.32,
              46.523
            ],
            [
              5.8785,
              46.202
            ],
            [
              5.8588,
              46.1493
            ],
            [
              5.9341,
              46.0581
            ],
            [
              6.0215,
              46.0917
            ],
            [
              6.1315,
              46.0789
            ],
            [
              6.2035,
              46.1693
            ],
            [
              6.3108,
              46.2118
            ],
            [
              6.5331,
              46.3746
            ],
            [
              6.7207,
              46.3874
            ],
            [
              6.8656,
              46.4933
            ]
          ]
        ]
      },
      "properties": {
        "id": "genferseeregion",
        "region": "Genferseeregion",
        "name": "Lavaux / Jorat",
        "elevation_ref": 800,
        "reference_points": [
          [
            46.0993,
            5.9217
          ],
          [
            46.5108,
            6.8027
          ],
          [
            46.4285,
            6.2993
          ],
          [
            46.5931,
            6.551
          ]
        ],
        "kritischer_foehn": "Süd"
      }
    },
    {
      "type": "Feature",
      "geometry": {
        "type": "Point",
        "coordinates": [
          5.9217,
          46.0993
        ]
      },
      "properties": {
        "name": "Ref 1: Lavaux / Jorat",
        "region_id": "genferseeregion",
        "is_reference_point": true,
        "original_lat": 46.0993,
        "original_lon": 5.9217
      }
    },
    {
      "type": "Feature",
      "geometry": {
        "type": "Point",
        "coordinates": [
          6.8027,
          46.5108
        ]
      },
      "properties": {
        "name": "Ref 2: Lavaux / Jorat",
        "region_id": "genferseeregion",
        "is_reference_point": true,
        "original_lat": 46.5108,
        "original_lon": 6.8027
      }
    },
    {
      "type": "Feature",
      "geometry": {
        "type": "Point",
        "coordinates": [
          6.2993,
          46.4285
        ]
      },
      "properties": {
        "name": "Ref 3: Lavaux / Jorat",
        "region_id": "genferseeregion",
        "is_reference_point": true,
        "original_lat": 46.4285,
        "original_lon": 6.2993
      }
    },
    {
      "type": "Feature",
      "geometry": {
        "type": "Point",
        "coordinates": [
          6.551,
          46.5931
        ]
      },
      "properties": {
        "name": "Ref 4: Lavaux / Jorat",
        "region_id": "genferseeregion",
        "is_reference_point": true,
        "original_lat": 46.5931,
        "original_lon": 6.551
      }
    },
    {
      "type": "Feature",
      "geometry": {
        "type": "Polygon",
        "coordinates": [
          [
            [
              6.8656,
              46.4933
            ],
            [
              6.8461,
              46.6127
            ],
            [
              6.8989,
              46.709
            ],
            [
              7.1093,
              46.75
            ],
            [
              7.4395,
              46.8996
            ],
            [
              7.1022,
              47.086
            ],
            [
              6.8313,
              46.9566
            ],
            [
              6.7185,
              46.8608
            ],
            [
              6.6202,
              46.8427
            ],
            [
              6.5262,
              46.7888
            ],
            [
              6.4749,
              46.7166
            ],
            [
              6.7223,
              46.5484
            ],
            [
              6.8656,
              46.4933
            ]
          ]
        ]
      },
      "properties": {
        "id": "mittelland_west",
        "region": "Mittelland West",
        "name": "Moudon",
        "elevation_ref": 700,
        "reference_points": [
          [
            46.9008,
            7.3792
          ],
          [
            46.6785,
            6.5352
          ],
          [
            46.9749,
            6.8969
          ],
          [
            46.5303,
            6.7763
          ]
        ],
        "kritischer_foehn": "Süd"
      }
    },
    {
      "type": "Feature",
      "geometry": {
        "type": "Point",
        "coordinates": [
          7.3792,
          46.9008
        ]
      },
      "properties": {
        "name": "Ref 1: Moudon",
        "region_id": "mittelland_west",
        "is_reference_point": true,
        "original_lat": 46.9008,
        "original_lon": 7.3792
      }
    },
    {
      "type": "Feature",
      "geometry": {
        "type": "Point",
        "coordinates": [
          6.5352,
          46.6785
        ]
      },
      "properties": {
        "name": "Ref 2: Moudon",
        "region_id": "mittelland_west",
        "is_reference_point": true,
        "original_lat": 46.6785,
        "original_lon": 6.5352
      }
    },
    {
      "type": "Feature",
      "geometry": {
        "type": "Point",
        "coordinates": [
          6.8969,
          46.9749
        ]
      },
      "properties": {
        "name": "Ref 3: Moudon",
        "region_id": "mittelland_west",
        "is_reference_point": true,
        "original_lat": 46.9749,
        "original_lon": 6.8969
      }
    },
    {
      "type": "Feature",
      "geometry": {
        "type": "Point",
        "coordinates": [
          6.7763,
          46.5303
        ]
      },
      "properties": {
        "name": "Ref 4: Moudon",
        "region_id": "mittelland_west",
        "is_reference_point": true,
        "original_lat": 46.5303,
        "original_lon": 6.7763
      }
    },
    {
      "type": "Feature",
      "geometry": {
        "type": "Polygon",
        "coordinates": [
          [
            [
              7.1022,
              47.086
            ],
            [
              6.9557,
              47.2906
            ],
            [
              6.7768,
              47.1872
            ],
            [
              6.3184,
              47.0313
            ],
            [
              6.229,
              46.9353
            ],
            [
              6.1597,
              46.8673
            ],
            [
              6.4749,
              46.7166
            ],
            [
              6.5262,
              46.7888
            ],
            [
              6.6202,
              46.8427
            ],
            [
              6.7185,
              46.8608
            ],
            [
              6.8313,
              46.9566
            ],
            [
              7.1022,
              47.086
            ]
          ]
        ]
      },
      "properties": {
        "id": "jura_west",
        "region": "Jura West",
        "name": "Mauborget / Suchet",
        "elevation_ref": 1200,
        "reference_points": [
          [
            47.1112,
            7.0433
          ],
          [
            46.896,
            6.2186
          ],
          [
            47.1112,
            6.572
          ],
          [
            46.8242,
            6.572
          ]
        ],
        "kritischer_foehn": "Süd"
      }
    },
    {
      "type": "Feature",
      "geometry": {
        "type": "Point",
        "coordinates": [
          7.0433,
          47.1112
        ]
      },
      "properties": {
        "name": "Ref 1: Mauborget / Suchet",
        "region_id": "jura_west",
        "is_reference_point": true,
        "original_lat": 47.1112,
        "original_lon": 7.0433
      }
    },
    {
      "type": "Feature",
      "geometry": {
        "type": "Point",
        "coordinates": [
          6.2186,
          46.896
        ]
      },
      "properties": {
        "name": "Ref 2: Mauborget / Suchet",
        "region_id": "jura_west",
        "is_reference_point": true,
        "original_lat": 46.896,
        "original_lon": 6.2186
      }
    },
    {
      "type": "Feature",
      "geometry": {
        "type": "Point",
        "coordinates": [
          6.572,
          47.1112
        ]
      },
      "properties": {
        "name": "Ref 3: Mauborget / Suchet",
        "region_id": "jura_west",
        "is_reference_point": true,
        "original_lat": 47.1112,
        "original_lon": 6.572
      }
    },
    {
      "type": "Feature",
      "geometry": {
        "type": "Point",
        "coordinates": [
          6.572,
          46.8242
        ]
      },
      "properties": {
        "name": "Ref 4: Mauborget / Suchet",
        "region_id": "jura_west",
        "is_reference_point": true,
        "original_lat": 46.8242,
        "original_lon": 6.572
      }
    },
    {
      "type": "Feature",
      "geometry": {
        "type": "Polygon",
        "coordinates": [
          [
            [
              7.1022,
              47.086
            ],
            [
              7.3532,
              47.1769
            ],
            [
              7.3941,
              47.2095
            ],
            [
              7.5886,
              47.2484
            ],
            [
              7.7574,
              47.2973
            ],
            [
              7.7502,
              47.3504
            ],
            [
              7.7129,
              47.3758
            ],
            [
              7.58,
              47.3437
            ],
            [
              7.5289,
              47.32
            ],
            [
              7.4842,
              47.36
            ],
            [
              7.3604,
              47.3704
            ],
            [
              7.1255,
              47.3353
            ],
            [
              6.9557,
              47.2906
            ],
            [
              7.1022,
              47.086
            ]
          ]
        ]
      },
      "properties": {
        "id": "jura_zentral",
        "region": "Jura Zentral",
        "name": "Weissenstein",
        "elevation_ref": 1280,
        "reference_points": [
          [
            47.3577,
            7.7073
          ],
          [
            47.249,
            7.0058
          ],
          [
            47.2128,
            7.4067
          ],
          [
            47.1403,
            7.2062
          ]
        ],
        "kritischer_foehn": "Süd"
      }
    },
    {
      "type": "Feature",
      "geometry": {
        "type": "Point",
        "coordinates": [
          7.7073,
          47.3577
        ]
      },
      "properties": {
        "name": "Ref 1: Weissenstein",
        "region_id": "jura_zentral",
        "is_reference_point": true,
        "original_lat": 47.3577,
        "original_lon": 7.7073
      }
    },
    {
      "type": "Feature",
      "geometry": {
        "type": "Point",
        "coordinates": [
          7.0058,
          47.249
        ]
      },
      "properties": {
        "name": "Ref 2: Weissenstein",
        "region_id": "jura_zentral",
        "is_reference_point": true,
        "original_lat": 47.249,
        "original_lon": 7.0058
      }
    },
    {
      "type": "Feature",
      "geometry": {
        "type": "Point",
        "coordinates": [
          7.4067,
          47.2128
        ]
      },
      "properties": {
        "name": "Ref 3: Weissenstein",
        "region_id": "jura_zentral",
        "is_reference_point": true,
        "original_lat": 47.2128,
        "original_lon": 7.4067
      }
    },
    {
      "type": "Feature",
      "geometry": {
        "type": "Point",
        "coordinates": [
          7.2062,
          47.1403
        ]
      },
      "properties": {
        "name": "Ref 4: Weissenstein",
        "region_id": "jura_zentral",
        "is_reference_point": true,
        "original_lat": 47.1403,
        "original_lon": 7.2062
      }
    },
    {
      "type": "Feature",
      "geometry": {
        "type": "Polygon",
        "coordinates": [
          [
            [
              7.7574,
              47.2973
            ],
            [
              7.9503,
              47.386
            ],
            [
              8.0382,
              47.4259
            ],
            [
              7.9351,
              47.5309
            ],
            [
              7.8737,
              47.5459
            ],
            [
              7.7993,
              47.5104
            ],
            [
              7.7007,
              47.5083
            ],
            [
              7.6386,
              47.5007
            ],
            [
              7.6211,
              47.4697
            ],
            [
              7.4258,
              47.463
            ],
            [
              7.2953,
              47.4994
            ],
            [
              6.9124,
              47.4897
            ],
            [
              6.9557,
              47.2906
            ],
            [
              7.1255,
              47.3353
            ],
            [
              7.3604,
              47.3704
            ],
            [
              7.4842,
              47.36
            ],
            [
              7.5289,
              47.32
            ],
            [
              7.58,
              47.3437
            ],
            [
              7.7129,
              47.3758
            ],
            [
              7.7502,
              47.3504
            ],
            [
              7.7574,
              47.2973
            ]
          ]
        ]
      },
      "properties": {
        "id": "jura_ost",
        "region": "Jura Ost",
        "name": "Wasserflue / Geissflue",
        "elevation_ref": 900,
        "reference_points": [
          [
            47.4661,
            7.9678
          ],
          [
            47.3066,
            6.9828
          ],
          [
            47.4661,
            7.4049
          ],
          [
            47.3704,
            7.6864
          ]
        ],
        "kritischer_foehn": "Süd"
      }
    },
    {
      "type": "Feature",
      "geometry": {
        "type": "Point",
        "coordinates": [
          7.9678,
          47.4661
        ]
      },
      "properties": {
        "name": "Ref 1: Wasserflue / Geissflue",
        "region_id": "jura_ost",
        "is_reference_point": true,
        "original_lat": 47.4661,
        "original_lon": 7.9678
      }
    },
    {
      "type": "Feature",
      "geometry": {
        "type": "Point",
        "coordinates": [
          6.9828,
          47.3066
        ]
      },
      "properties": {
        "name": "Ref 2: Wasserflue / Geissflue",
        "region_id": "jura_ost",
        "is_reference_point": true,
        "original_lat": 47.3066,
        "original_lon": 6.9828
      }
    },
    {
      "type": "Feature",
      "geometry": {
        "type": "Point",
        "coordinates": [
          7.4049,
          47.4661
        ]
      },
      "properties": {
        "name": "Ref 3: Wasserflue / Geissflue",
        "region_id": "jura_ost",
        "is_reference_point": true,
        "original_lat": 47.4661,
        "original_lon": 7.4049
      }
    },
    {
      "type": "Feature",
      "geometry": {
        "type": "Point",
        "coordinates": [
          7.6864,
          47.3704
        ]
      },
      "properties": {
        "name": "Ref 4: Wasserflue / Geissflue",
        "region_id": "jura_ost",
        "is_reference_point": true,
        "original_lat": 47.3704,
        "original_lon": 7.6864
      }
    },
    {
      "type": "Feature",
      "geometry": {
        "type": "Polygon",
        "coordinates": [
          [
            [
              6.9784,
              46.4736
            ],
            [
              6.9859,
              46.5335
            ],
            [
              6.9984,
              46.5483
            ],
            [
              7.0213,
              46.5545
            ],
            [
              7.1003,
              46.5156
            ],
            [
              7.1158,
              46.5796
            ],
            [
              7.1496,
              46.5936
            ],
            [
              7.2113,
              46.5817
            ],
            [
              7.2414,
              46.6439
            ],
            [
              7.4442,
              46.7225
            ],
            [
              7.4395,
              46.8996
            ],
            [
              7.1093,
              46.75
            ],
            [
              6.8989,
              46.709
            ],
            [
              6.8461,
              46.6127
            ],
            [
              6.8656,
              46.4933
            ],
            [
              6.9784,
              46.4736
            ]
          ]
        ]
      },
      "properties": {
        "id": "schwarzsee_gantrisch",
        "region": "Schwarzsee / Gantrisch",
        "name": "Gantrisch / Schwarzsee",
        "elevation_ref": 1500,
        "reference_points": [
          [
            46.873,
            7.4068
          ],
          [
            46.5002,
            6.8835
          ],
          [
            46.6067,
            7.1825
          ],
          [
            46.7132,
            6.9582
          ]
        ],
        "kritischer_foehn": "Süd"
      }
    },
    {
      "type": "Feature",
      "geometry": {
        "type": "Point",
        "coordinates": [
          7.4068,
          46.873
        ]
      },
      "properties": {
        "name": "Ref 1: Gantrisch / Schwarzsee",
        "region_id": "schwarzsee_gantrisch",
        "is_reference_point": true,
        "original_lat": 46.873,
        "original_lon": 7.4068
      }
    },
    {
      "type": "Feature",
      "geometry": {
        "type": "Point",
        "coordinates": [
          6.8835,
          46.5002
        ]
      },
      "properties": {
        "name": "Ref 2: Gantrisch / Schwarzsee",
        "region_id": "schwarzsee_gantrisch",
        "is_reference_point": true,
        "original_lat": 46.5002,
        "original_lon": 6.8835
      }
    },
    {
      "type": "Feature",
      "geometry": {
        "type": "Point",
        "coordinates": [
          7.1825,
          46.6067
        ]
      },
      "properties": {
        "name": "Ref 3: Gantrisch / Schwarzsee",
        "region_id": "schwarzsee_gantrisch",
        "is_reference_point": true,
        "original_lat": 46.6067,
        "original_lon": 7.1825
      }
    },
    {
      "type": "Feature",
      "geometry": {
        "type": "Point",
        "coordinates": [
          6.9582,
          46.7132
        ]
      },
      "properties": {
        "name": "Ref 4: Gantrisch / Schwarzsee",
        "region_id": "schwarzsee_gantrisch",
        "is_reference_point": true,
        "original_lat": 46.7132,
        "original_lon": 6.9582
      }
    },
    {
      "type": "Feature",
      "geometry": {
        "type": "Polygon",
        "coordinates": [
          [
            [
              7.9099,
              46.8252
            ],
            [
              7.9378,
              46.8797
            ],
            [
              7.9052,
              46.9262
            ],
            [
              7.9711,
              47.0762
            ],
            [
              7.8528,
              47.1081
            ],
            [
              7.6275,
              47.0727
            ],
            [
              7.4395,
              46.8996
            ],
            [
              7.4442,
              46.7225
            ],
            [
              7.558,
              46.7132
            ],
            [
              7.7364,
              46.6219
            ],
            [
              7.7937,
              46.6213
            ],
            [
              7.7517,
              46.7172
            ],
            [
              7.802,
              46.7577
            ],
            [
              7.9099,
              46.8252
            ]
          ]
        ]
      },
      "properties": {
        "id": "berner_oberland",
        "region": "Berner Oberland",
        "name": "Interlaken / Niederhorn",
        "elevation_ref": 1800,
        "reference_points": [
          [
            47.0777,
            7.9379
          ],
          [
            46.7734,
            7.4727
          ],
          [
            46.7734,
            7.805
          ],
          [
            47.0168,
            7.6056
          ]
        ],
        "kritischer_foehn": "Süd"
      }
    },
    {
      "type": "Feature",
      "geometry": {
        "type": "Point",
        "coordinates": [
          7.9379,
          47.0777
        ]
      },
      "properties": {
        "name": "Ref 1: Interlaken / Niederhorn",
        "region_id": "berner_oberland",
        "is_reference_point": true,
        "original_lat": 47.0777,
        "original_lon": 7.9379
      }
    },
    {
      "type": "Feature",
      "geometry": {
        "type": "Point",
        "coordinates": [
          7.4727,
          46.7734
        ]
      },
      "properties": {
        "name": "Ref 2: Interlaken / Niederhorn",
        "region_id": "berner_oberland",
        "is_reference_point": true,
        "original_lat": 46.7734,
        "original_lon": 7.4727
      }
    },
    {
      "type": "Feature",
      "geometry": {
        "type": "Point",
        "coordinates": [
          7.805,
          46.7734
        ]
      },
      "properties": {
        "name": "Ref 3: Interlaken / Niederhorn",
        "region_id": "berner_oberland",
        "is_reference_point": true,
        "original_lat": 46.7734,
        "original_lon": 7.805
      }
    },
    {
      "type": "Feature",
      "geometry": {
        "type": "Point",
        "coordinates": [
          7.6056,
          47.0168
        ]
      },
      "properties": {
        "name": "Ref 4: Interlaken / Niederhorn",
        "region_id": "berner_oberland",
        "is_reference_point": true,
        "original_lat": 47.0168,
        "original_lon": 7.6056
      }
    },
    {
      "type": "Feature",
      "geometry": {
        "type": "Polygon",
        "coordinates": [
          [
            [
              7.4395,
              46.8996
            ],
            [
              7.6275,
              47.0727
            ],
            [
              7.8528,
              47.1081
            ],
            [
              7.9711,
              47.0762
            ],
            [
              7.950323,
              47.385654
            ],
            [
              7.9503,
              47.386
            ],
            [
              7.7574,
              47.2973
            ],
            [
              7.5886,
              47.2484
            ],
            [
              7.3941,
              47.2095
            ],
            [
              7.3532,
              47.1769
            ],
            [
              7.1022,
              47.086
            ],
            [
              7.4395,
              46.8996
            ]
          ]
        ]
      },
      "properties": {
        "id": "seeland_emmental",
        "region": "Seeland / Emmental",
        "name": "Belp / Bantiger",
        "elevation_ref": 600,
        "reference_points": [
          [
            47.3556,
            7.9168
          ],
          [
            47.0516,
            7.2651
          ],
          [
            47.234,
            7.591
          ],
          [
            47.1124,
            7.8082
          ]
        ],
        "kritischer_foehn": "Süd"
      }
    },
    {
      "type": "Feature",
      "geometry": {
        "type": "Point",
        "coordinates": [
          7.9168,
          47.3556
        ]
      },
      "properties": {
        "name": "Ref 1: Belp / Bantiger",
        "region_id": "seeland_emmental",
        "is_reference_point": true,
        "original_lat": 47.3556,
        "original_lon": 7.9168
      }
    },
    {
      "type": "Feature",
      "geometry": {
        "type": "Point",
        "coordinates": [
          7.2651,
          47.0516
        ]
      },
      "properties": {
        "name": "Ref 2: Belp / Bantiger",
        "region_id": "seeland_emmental",
        "is_reference_point": true,
        "original_lat": 47.0516,
        "original_lon": 7.2651
      }
    },
    {
      "type": "Feature",
      "geometry": {
        "type": "Point",
        "coordinates": [
          7.591,
          47.234
        ]
      },
      "properties": {
        "name": "Ref 3: Belp / Bantiger",
        "region_id": "seeland_emmental",
        "is_reference_point": true,
        "original_lat": 47.234,
        "original_lon": 7.591
      }
    },
    {
      "type": "Feature",
      "geometry": {
        "type": "Point",
        "coordinates": [
          7.8082,
          47.1124
        ]
      },
      "properties": {
        "name": "Ref 4: Belp / Bantiger",
        "region_id": "seeland_emmental",
        "is_reference_point": true,
        "original_lat": 47.1124,
        "original_lon": 7.8082
      }
    },
    {
      "type": "Feature",
      "geometry": {
        "type": "Polygon",
        "coordinates": [
          [
            [
              8.8844,
              47.0622
            ],
            [
              8.9662,
              47.1204
            ],
            [
              8.9642,
              47.1804
            ],
            [
              8.7675,
              47.1782
            ],
            [
              8.6632,
              47.1595
            ],
            [
              8.3929,
              47.1501
            ],
            [
              8.3877,
              47.0846
            ],
            [
              8.2886,
              47.0302
            ],
            [
              7.9711,
              47.0762
            ],
            [
              7.9052,
              46.9262
            ],
            [
              7.9378,
              46.8797
            ],
            [
              7.9099,
              46.8252
            ],
            [
              8.1856,
              46.9845
            ],
            [
              8.2543,
              46.9791
            ],
            [
              8.6101,
              47.0192
            ],
            [
              8.6884,
              47.031
            ],
            [
              8.8318,
              47.0448
            ],
            [
              8.8844,
              47.0622
            ]
          ]
        ]
      },
      "properties": {
        "id": "mittelland_zentral",
        "region": "Mittelland Zentral",
        "name": "Napf",
        "elevation_ref": 1400,
        "reference_points": [
          [
            46.8918,
            7.9715
          ],
          [
            47.1582,
            8.8999
          ],
          [
            47.0694,
            8.3694
          ],
          [
            47.025,
            8.6346
          ]
        ],
        "kritischer_foehn": "Süd"
      }
    },
    {
      "type": "Feature",
      "geometry": {
        "type": "Point",
        "coordinates": [
          7.9715,
          46.8918
        ]
      },
      "properties": {
        "name": "Ref 1: Napf",
        "region_id": "mittelland_zentral",
        "is_reference_point": true,
        "original_lat": 46.8918,
        "original_lon": 7.9715
      }
    },
    {
      "type": "Feature",
      "geometry": {
        "type": "Point",
        "coordinates": [
          8.8999,
          47.1582
        ]
      },
      "properties": {
        "name": "Ref 2: Napf",
        "region_id": "mittelland_zentral",
        "is_reference_point": true,
        "original_lat": 47.1582,
        "original_lon": 8.8999
      }
    },
    {
      "type": "Feature",
      "geometry": {
        "type": "Point",
        "coordinates": [
          8.3694,
          47.0694
        ]
      },
      "properties": {
        "name": "Ref 3: Napf",
        "region_id": "mittelland_zentral",
        "is_reference_point": true,
        "original_lat": 47.0694,
        "original_lon": 8.3694
      }
    },
    {
      "type": "Feature",
      "geometry": {
        "type": "Point",
        "coordinates": [
          8.6346,
          47.025
        ]
      },
      "properties": {
        "name": "Ref 4: Napf",
        "region_id": "mittelland_zentral",
        "is_reference_point": true,
        "original_lat": 47.025,
        "original_lon": 8.6346
      }
    },
    {
      "type": "Feature",
      "geometry": {
        "type": "Polygon",
        "coordinates": [
          [
            [
              7.9503,
              47.386
            ],
            [
              7.950323,
              47.385654
            ],
            [
              7.9711,
              47.0762
            ],
            [
              8.2886,
              47.0302
            ],
            [
              8.3877,
              47.0846
            ],
            [
              8.3929,
              47.1501
            ],
            [
              8.6632,
              47.1595
            ],
            [
              8.4995,
              47.2965
            ],
            [
              8.4696,
              47.4318
            ],
            [
              8.5606,
              47.6992
            ],
            [
              8.5395,
              47.7292
            ],
            [
              8.4267,
              47.7556
            ],
            [
              8.185,
              47.6382
            ],
            [
              7.9438,
              47.5709
            ],
            [
              7.9351,
              47.5309
            ],
            [
              8.0382,
              47.4259
            ],
            [
              7.9503,
              47.386
            ]
          ]
        ]
      },
      "properties": {
        "id": "zentrales_mittelland",
        "region": "Zentrales Mittelland",
        "name": "Hasliberg Planplatten",
        "elevation_ref": 600,
        "reference_points": [
          [
            47.7103,
            8.5267
          ],
          [
            47.0755,
            7.9806
          ],
          [
            47.1662,
            8.6177
          ],
          [
            47.5289,
            8.0716
          ]
        ],
        "kritischer_foehn": "Süd"
      }
    },
    {
      "type": "Feature",
      "geometry": {
        "type": "Point",
        "coordinates": [
          8.5267,
          47.7103
        ]
      },
      "properties": {
        "name": "Ref 1: Hasliberg Planplatten",
        "region_id": "zentrales_mittelland",
        "is_reference_point": true,
        "original_lat": 47.7103,
        "original_lon": 8.5267
      }
    },
    {
      "type": "Feature",
      "geometry": {
        "type": "Point",
        "coordinates": [
          7.9806,
          47.0755
        ]
      },
      "properties": {
        "name": "Ref 2: Hasliberg Planplatten",
        "region_id": "zentrales_mittelland",
        "is_reference_point": true,
        "original_lat": 47.0755,
        "original_lon": 7.9806
      }
    },
    {
      "type": "Feature",
      "geometry": {
        "type": "Point",
        "coordinates": [
          8.6177,
          47.1662
        ]
      },
      "properties": {
        "name": "Ref 3: Hasliberg Planplatten",
        "region_id": "zentrales_mittelland",
        "is_reference_point": true,
        "original_lat": 47.1662,
        "original_lon": 8.6177
      }
    },
    {
      "type": "Feature",
      "geometry": {
        "type": "Point",
        "coordinates": [
          8.0716,
          47.5289
        ]
      },
      "properties": {
        "name": "Ref 4: Hasliberg Planplatten",
        "region_id": "zentrales_mittelland",
        "is_reference_point": true,
        "original_lat": 47.5289,
        "original_lon": 8.0716
      }
    },
    {
      "type": "Feature",
      "geometry": {
        "type": "Polygon",
        "coordinates": [
          [
            [
              8.743016,
              47.457354
            ],
            [
              8.5916,
              47.4154
            ],
            [
              8.4696,
              47.4318
            ],
            [
              8.4995,
              47.2965
            ],
            [
              8.6632,
              47.1595
            ],
            [
              8.7675,
              47.1782
            ],
            [
              8.9642,
              47.1804
            ],
            [
              8.9662,
              47.1204
            ],
            [
              9.0587,
              47.1285
            ],
            [
              9.0885,
              47.1624
            ],
            [
              9.0127,
              47.2588
            ],
            [
              8.8863,
              47.2942
            ],
            [
              8.743016,
              47.457354
            ]
          ]
        ]
      },
      "properties": {
        "id": "mittelland_ost",
        "region": "Mittelland Ost",
        "name": "Uetliberg Balderen",
        "elevation_ref": 730,
        "reference_points": [
          [
            47.415,
            8.59
          ],
          [
            47.25,
            8.75
          ],
          [
            47.43,
            8.47
          ],
          [
            47.16,
            8.66
          ]
        ],
        "kritischer_foehn": "Süd"
      }
    },
    {
      "type": "Feature",
      "geometry": {
        "type": "Point",
        "coordinates": [
          8.59,
          47.415
        ]
      },
      "properties": {
        "name": "Ref 1: Uetliberg Balderen",
        "region_id": "mittelland_ost",
        "is_reference_point": true,
        "original_lat": 47.415,
        "original_lon": 8.59
      }
    },
    {
      "type": "Feature",
      "geometry": {
        "type": "Point",
        "coordinates": [
          8.75,
          47.25
        ]
      },
      "properties": {
        "name": "Ref 2: Uetliberg Balderen",
        "region_id": "mittelland_ost",
        "is_reference_point": true,
        "original_lat": 47.25,
        "original_lon": 8.75
      }
    },
    {
      "type": "Feature",
      "geometry": {
        "type": "Point",
        "coordinates": [
          8.47,
          47.43
        ]
      },
      "properties": {
        "name": "Ref 3: Uetliberg Balderen",
        "region_id": "mittelland_ost",
        "is_reference_point": true,
        "original_lat": 47.43,
        "original_lon": 8.47
      }
    },
    {
      "type": "Feature",
      "geometry": {
        "type": "Point",
        "coordinates": [
          8.66,
          47.16
        ]
      },
      "properties": {
        "name": "Ref 4: Uetliberg Balderen",
        "region_id": "mittelland_ost",
        "is_reference_point": true,
        "original_lat": 47.16,
        "original_lon": 8.66
      }
    },
    {
      "type": "Feature",
      "geometry": {
        "type": "Polygon",
        "coordinates": [
          [
            [
              9.7232,
              47.5871
            ],
            [
              9.5926,
              47.611
            ],
            [
              9.574,
              47.6829
            ],
            [
              9.4345,
              47.7183
            ],
            [
              9.3909,
              47.7187
            ],
            [
              9.1758,
              47.8084
            ],
            [
              9.1036,
              47.8344
            ],
            [
              8.9016,
              47.8747
            ],
            [
              8.754,
              47.8799
            ],
            [
              8.5606,
              47.6992
            ],
            [
              8.4696,
              47.4318
            ],
            [
              8.5916,
              47.4154
            ],
            [
              8.743016,
              47.457354
            ],
            [
              8.8215,
              47.4791
            ],
            [
              9.2728,
              47.3787
            ],
            [
              9.4804,
              47.4424
            ],
            [
              9.7232,
              47.5871
            ]
          ]
        ]
      },
      "properties": {
        "id": "bodenseeraum",
        "region": "Bodenseeraum",
        "name": "Eggberge Altdorf",
        "elevation_ref": 1500,
        "reference_points": [
          [
            47.598,
            9.6448
          ],
          [
            47.4727,
            8.548
          ],
          [
            47.8486,
            9.0181
          ],
          [
            47.41,
            9.1747
          ]
        ],
        "kritischer_foehn": "Beide"
      }
    },
    {
      "type": "Feature",
      "geometry": {
        "type": "Point",
        "coordinates": [
          9.6448,
          47.598
        ]
      },
      "properties": {
        "name": "Ref 1: Eggberge Altdorf",
        "region_id": "bodenseeraum",
        "is_reference_point": true,
        "original_lat": 47.598,
        "original_lon": 9.6448
      }
    },
    {
      "type": "Feature",
      "geometry": {
        "type": "Point",
        "coordinates": [
          8.548,
          47.4727
        ]
      },
      "properties": {
        "name": "Ref 2: Eggberge Altdorf",
        "region_id": "bodenseeraum",
        "is_reference_point": true,
        "original_lat": 47.4727,
        "original_lon": 8.548
      }
    },
    {
      "type": "Feature",
      "geometry": {
        "type": "Point",
        "coordinates": [
          9.0181,
          47.8486
        ]
      },
      "properties": {
        "name": "Ref 3: Eggberge Altdorf",
        "region_id": "bodenseeraum",
        "is_reference_point": true,
        "original_lat": 47.8486,
        "original_lon": 9.0181
      }
    },
    {
      "type": "Feature",
      "geometry": {
        "type": "Point",
        "coordinates": [
          9.1747,
          47.41
        ]
      },
      "properties": {
        "name": "Ref 4: Eggberge Altdorf",
        "region_id": "bodenseeraum",
        "is_reference_point": true,
        "original_lat": 47.41,
        "original_lon": 9.1747
      }
    }
  ]
}