<?xml version="1.0" encoding="UTF-8"?>
<kml xmlns="http://www.opengis.net/kml/2.2" xmlns:gx="http://www.google.com/kml/ext/2.2" xmlns:kml="http://www.opengis.net/kml/2.2" xmlns:atom="http://www.w3.org/2005/Atom">
<Document>
	<name>dhv_gelaende_2026-04-09_16.27.54kml</name>
	<atom:author>      
		<atom:name>DHV - Deutscher Hängegleiterverband</atom:name>    
	</atom:author>    
	<atom:link href="http://www.dhv.de" />    
	<open>1</open>
	<description><![CDATA[Auszug aus der DHV Geländedatenbank 09.04.2026 16:27<br/>Quelle <a href="https://service.dhv.de/db2/geosearch.php">https://service.dhv.de/db2/geosearch.php</a>]]></description>
	<!-- DHV Gelaende-->
	<Style id="dhv_gelaende_no">
		<ListStyle>
			<ItemIcon>
				<href>https://service.dhv.de/dbresources/dhv/images/googleearth/rogallo.png</href>
			</ItemIcon>
		</ListStyle>
	</Style>
	<StyleMap id="dhv_gelaende">
		<Pair>
			<key>normal</key>
			<styleUrl>#dhv_gelaende_no</styleUrl>
		</Pair>
	</StyleMap>
	<!-- DHV Gelaende -->
	<!-- DHV Landeplatz -->
	<Style id="dhv_landeplatz_act">
		<IconStyle>
			<scale>1.0</scale>
			<Icon>
				<href>https://service.dhv.de/dbresources/dhv/images/googleearth/windsack_gruen.png</href>
			</Icon>
			<hotSpot x="31" y="1" xunits="pixels" yunits="pixels"/>
		</IconStyle>
		<ListStyle>
			<ItemIcon>
				<href>https://service.dhv.de/dbresources/dhv/images/googleearth/windsack_l_gruen.png</href>
			</ItemIcon>
		</ListStyle>
	</Style>
	<Style id="dhv_landeplatz_no">
		<IconStyle>
			<scale>0.8</scale>
			<Icon>
				<href>https://service.dhv.de/dbresources/dhv/images/googleearth/windsack_gruen.png</href>
			</Icon>
			<hotSpot x="31" y="1" xunits="pixels" yunits="pixels"/>
		</IconStyle>
		<ListStyle>
			<ItemIcon>
				<href>https://service.dhv.de/dbresources/dhv/images/googleearth/windsack_l_gruen.png</href>
			</ItemIcon>
		</ListStyle>
	</Style>
	<StyleMap id="dhv_landeplatz">
		<Pair>
			<key>normal</key>
			<styleUrl>#dhv_landeplatz_no</styleUrl>
		</Pair>
		<Pair>
			<key>highlight</key>
			<styleUrl>#dhv_landeplatz_act</styleUrl>
		</Pair>
	</StyleMap>
	<!-- DHV Landeplatz -->
	<!-- DHV Startplatz -->
	<Style id="dhv_startplatz_act">
		<IconStyle>
			<scale>1.0</scale>
			<Icon>
				<href>https://service.dhv.de/dbresources/dhv/images/googleearth/windsack_rot.png</href>
			</Icon>
			<hotSpot x="31" y="1" xunits="pixels" yunits="pixels"/>
		</IconStyle>
		<ListStyle>
			<ItemIcon>
				<href>https://service.dhv.de/dbresources/dhv/images/googleearth/windsack_l_rot.png</href>
			</ItemIcon>
		</ListStyle>
	</Style>
	<Style id="dhv_startplatz_no">
		<IconStyle>
			<scale>0.8</scale>
			<Icon>
				<href>https://service.dhv.de/dbresources/dhv/images/googleearth/windsack_rot.png</href>
			</Icon>
			<hotSpot x="31" y="1" xunits="pixels" yunits="pixels"/>
		</IconStyle>
		<ListStyle>
			<ItemIcon>
				<href>https://service.dhv.de/dbresources/dhv/images/googleearth/windsack_l_rot.png</href>
			</ItemIcon>
		</ListStyle>
	</Style>
	<StyleMap id="dhv_startplatz">
		<Pair>
			<key>normal</key>
			<styleUrl>#dhv_startplatz_no</styleUrl>
		</Pair>
		<Pair>
			<key>highlight</key>
			<styleUrl>#dhv_startplatz_act</styleUrl>
		</Pair>
	</StyleMap>
	<!-- DHV Startplatz -->
	<!-- DHV Schlepp-->
	<Style id="dhv_schlepp_act">
		<IconStyle>
			<scale>1.0</scale>
			<Icon>
				<href>https://service.dhv.de/dbresources/dhv/images/googleearth/windsack_blau.png</href>
			</Icon>
			<hotSpot x="31" y="1" xunits="pixels" yunits="pixels"/>
		</IconStyle>
		<ListStyle>
			<ItemIcon>
				<href>https://service.dhv.de/dbresources/dhv/images/googleearth/windsack_l_blau.png</href>
			</ItemIcon>
		</ListStyle>
	</Style>
	<Style id="dhv_schlepp_no">
		<IconStyle>
			<scale>0.8</scale>
			<Icon>
				<href>https://service.dhv.de/dbresources/dhv/images/googleearth/windsack_blau.png</href>
			</Icon>
			<hotSpot x="31" y="1" xunits="pixels" yunits="pixels"/>
		</IconStyle>
		<ListStyle>
			<ItemIcon>
				<href>https://service.dhv.de/dbresources/dhv/images/googleearth/windsack_l_blau.png</href>
			</ItemIcon>
		</ListStyle>
	</Style>
	<StyleMap id="dhv_schlepp">
		<Pair>
			<key>normal</key>
			<styleUrl>#dhv_schlepp_no</styleUrl>
		</Pair>
		<Pair>
			<key>highlight</key>
			<styleUrl>#dhv_schlepp_act</styleUrl>
		</Pair>
	</StyleMap>
	<!-- DHV Schlepp -->
	<Folder>
		<name>Schweiz</name>
		<open>0</open>
			<Folder>
			<name>Appenzell Ausserrhoden</name>
			<open>0</open>
			<Folder>
				<name>Hochhamm</name>
				<description><![CDATA[Hanggelände für Gleitschirme<br/>Max. Höhendifferenz 424m.<br/><a href="https://service.dhv.de/db2/details.php?qi=glp_details&amp;popup=1&amp;item=5492">Details anzeigen</a>]]></description>
				<styleUrl>#dhv_gelaende</styleUrl>
				<open>0</open>
				<Placemark>
					<name>Hochhamm Startplatz</name>
					<description><![CDATA[Startplatz, Startrichtung NW-N<br/>Gemeinde Schönengrund, Höhe NN 1271m<br/><a href="https://service.dhv.de/db2/details.php?qi=glp_details&amp;popup=1&amp;item=5492" target="_blank">Details anzeigen</a>]]></description>
					<styleUrl>#dhv_startplatz</styleUrl>
					<Point>
						<coordinates>9.245094,47.317097</coordinates>
					</Point>
				</Placemark>
				<Placemark>
					<name>Hochhamm Landeplatz</name>
					<description><![CDATA[Landeplatz<br/>Gemeinde Schönengrund, Höhe NN 847m<br/><a href="https://service.dhv.de/db2/details.php?qi=glp_details&amp;popup=1&amp;item=5492" target="_blank">Details anzeigen</a>]]></description>
					<styleUrl>#dhv_landeplatz</styleUrl>
					<Point>
						<coordinates>9.228275,47.326997</coordinates>
					</Point>
				</Placemark>
			</Folder>
			<Folder>
				<name>Hundwiler Höhi</name>
				<description><![CDATA[Hanggelände für Gleitschirme<br/>Max. Höhendifferenz 416m.<br/><a href="https://service.dhv.de/db2/details.php?qi=glp_details&amp;popup=1&amp;item=1615">Details anzeigen</a>]]></description>
				<styleUrl>#dhv_gelaende</styleUrl>
				<open>0</open>
				<Placemark>
					<name>Hundwiler Höhi Startplatz</name>
					<description><![CDATA[Startplatz, Startrichtung SO-SW<br/>Gemeinde Jakobsbad, Höhe NN 1297m<br/><a href="https://service.dhv.de/db2/details.php?qi=glp_details&amp;popup=1&amp;item=1615" target="_blank">Details anzeigen</a>]]></description>
					<styleUrl>#dhv_startplatz</styleUrl>
					<Point>
						<coordinates>9.333208,47.340700</coordinates>
					</Point>
				</Placemark>
			</Folder>
		</Folder>
		<Folder>
			<name>Appenzell Innerrhoden</name>
			<open>0</open>
			<Folder>
				<name>Ebenalp</name>
				<description><![CDATA[Hanggelände für Gleitschirme und Hängegleiter<br/>Max. Höhendifferenz 736m.<br/><a href="https://service.dhv.de/db2/details.php?qi=glp_details&amp;popup=1&amp;item=1246">Details anzeigen</a>]]></description>
				<styleUrl>#dhv_gelaende</styleUrl>
				<open>0</open>
				<Placemark>
					<name>Ebenalp Startplatz 3</name>
					<description><![CDATA[Startplatz, Startrichtung NO-S<br/>Gemeinde Schwende, Höhe NN 1603m<br/><a href="https://service.dhv.de/db2/details.php?qi=glp_details&amp;popup=1&amp;item=1246" target="_blank">Details anzeigen</a>]]></description>
					<styleUrl>#dhv_startplatz</styleUrl>
					<Point>
						<coordinates>9.413019,47.283341</coordinates>
					</Point>
				</Placemark>
				<Placemark>
					<name>Ebenalp Startplatz 1</name>
					<description><![CDATA[Startplatz, Startrichtung NW-NO<br/>Gemeinde Schwende, Höhe NN 1594m<br/><a href="https://service.dhv.de/db2/details.php?qi=glp_details&amp;popup=1&amp;item=1246" target="_blank">Details anzeigen</a>]]></description>
					<styleUrl>#dhv_startplatz</styleUrl>
					<Point>
						<coordinates>9.411583,47.284861</coordinates>
					</Point>
				</Placemark>
				<Placemark>
					<name>Ebenalp Startplatz 2</name>
					<description><![CDATA[Startplatz, Startrichtung NW-N<br/>Gemeinde Schwende, Höhe NN 1594m<br/><a href="https://service.dhv.de/db2/details.php?qi=glp_details&amp;popup=1&amp;item=1246" target="_blank">Details anzeigen</a>]]></description>
					<styleUrl>#dhv_startplatz</styleUrl>
					<Point>
						<coordinates>9.410500,47.284056</coordinates>
					</Point>
				</Placemark>
				<Placemark>
					<name>Ebenalp Landeplatz 1</name>
					<description><![CDATA[Landeplatz<br/>Gemeinde Schwende, Höhe NN 871m<br/><a href="https://service.dhv.de/db2/details.php?qi=glp_details&amp;popup=1&amp;item=1246" target="_blank">Details anzeigen</a>]]></description>
					<styleUrl>#dhv_landeplatz</styleUrl>
					<Point>
						<coordinates>9.427096,47.283669</coordinates>
					</Point>
				</Placemark>
				<Placemark>
					<name>Ebenalp Landeplatz 2</name>
					<description><![CDATA[Landeplatz<br/>Gemeinde Schwende, Höhe NN 867m<br/><a href="https://service.dhv.de/db2/details.php?qi=glp_details&amp;popup=1&amp;item=1246" target="_blank">Details anzeigen</a>]]></description>
					<styleUrl>#dhv_landeplatz</styleUrl>
					<Point>
						<coordinates>9.428930,47.287148</coordinates>
					</Point>
				</Placemark>
			</Folder>
			<Folder>
				<name>Hoher Kasten</name>
				<description><![CDATA[Hanggelände für Gleitschirme und Hängegleiter<br/>Max. Höhendifferenz 784m.<br/><a href="https://service.dhv.de/db2/details.php?qi=glp_details&amp;popup=1&amp;item=1247">Details anzeigen</a>]]></description>
				<styleUrl>#dhv_gelaende</styleUrl>
				<open>0</open>
				<Placemark>
					<name>Hoher Kasten Startplatz 4</name>
					<description><![CDATA[Startplatz, Startrichtung O-SO<br/>Gemeinde Brüslisau, Höhe NN 1717m<br/><a href="https://service.dhv.de/db2/details.php?qi=glp_details&amp;popup=1&amp;item=1247" target="_blank">Details anzeigen</a>]]></description>
					<styleUrl>#dhv_startplatz</styleUrl>
					<Point>
						<coordinates>9.487972,47.287806</coordinates>
					</Point>
				</Placemark>
				<Placemark>
					<name>Hoher Kasten Startplatz 1</name>
					<description><![CDATA[Startplatz, Startrichtung W-WNW<br/>Gemeinde Brüslisau, Höhe NN 1686m<br/><a href="https://service.dhv.de/db2/details.php?qi=glp_details&amp;popup=1&amp;item=1247" target="_blank">Details anzeigen</a>]]></description>
					<styleUrl>#dhv_startplatz</styleUrl>
					<Point>
						<coordinates>9.486056,47.285667</coordinates>
					</Point>
				</Placemark>
				<Placemark>
					<name>Hoher Kasten Startplatz 2</name>
					<description><![CDATA[Startplatz, Startrichtung W-WNW<br/>Gemeinde Brüslisau, Höhe NN 1678m<br/><a href="https://service.dhv.de/db2/details.php?qi=glp_details&amp;popup=1&amp;item=1247" target="_blank">Details anzeigen</a>]]></description>
					<styleUrl>#dhv_startplatz</styleUrl>
					<Point>
						<coordinates>9.486583,47.286750</coordinates>
					</Point>
				</Placemark>
				<Placemark>
					<name>Hoher Kasten Startplatz 3</name>
					<description><![CDATA[Startplatz, Startrichtung W-WNW<br/>Gemeinde Brüslisau, Höhe NN 1577m<br/><a href="https://service.dhv.de/db2/details.php?qi=glp_details&amp;popup=1&amp;item=1247" target="_blank">Details anzeigen</a>]]></description>
					<styleUrl>#dhv_startplatz</styleUrl>
					<Point>
						<coordinates>9.484972,47.287667</coordinates>
					</Point>
				</Placemark>
				<Placemark>
					<name>Hoher Kasten Landeplatz</name>
					<description><![CDATA[Landeplatz<br/>Gemeinde Brüslisau, Höhe NN 937m<br/><a href="https://service.dhv.de/db2/details.php?qi=glp_details&amp;popup=1&amp;item=1247" target="_blank">Details anzeigen</a>]]></description>
					<styleUrl>#dhv_landeplatz</styleUrl>
					<Point>
						<coordinates>9.457250,47.297778</coordinates>
					</Point>
				</Placemark>
			</Folder>
			<Folder>
				<name>Hundwiler Höhi</name>
				<description><![CDATA[Hanggelände für Gleitschirme<br/>Max. Höhendifferenz 416m.<br/><a href="https://service.dhv.de/db2/details.php?qi=glp_details&amp;popup=1&amp;item=1615">Details anzeigen</a>]]></description>
				<styleUrl>#dhv_gelaende</styleUrl>
				<open>0</open>
				<Placemark>
					<name>Kronberg Landeplatz</name>
					<description><![CDATA[Landeplatz<br/>Gemeinde Jakobsbad, Höhe NN 881m<br/><a href="https://service.dhv.de/db2/details.php?qi=glp_details&amp;popup=1&amp;item=1615" target="_blank">Details anzeigen</a>]]></description>
					<styleUrl>#dhv_landeplatz</styleUrl>
					<Point>
						<coordinates>9.329174,47.319000</coordinates>
					</Point>
				</Placemark>
			</Folder>
			<Folder>
				<name>Hüsli Berneck</name>
				<description><![CDATA[Hanggelände für Gleitschirme<br/>Max. Höhendifferenz 310m.<br/><a href="https://service.dhv.de/db2/details.php?qi=glp_details&amp;popup=1&amp;item=1471">Details anzeigen</a>]]></description>
				<styleUrl>#dhv_gelaende</styleUrl>
				<open>0</open>
				<Placemark>
					<name>Hüsli Berneck Startplatz</name>
					<description><![CDATA[Startplatz, Startrichtung NO<br/>Gemeinde Berneck, Höhe NN 749m<br/><a href="https://service.dhv.de/db2/details.php?qi=glp_details&amp;popup=1&amp;item=1471" target="_blank">Details anzeigen</a>]]></description>
					<styleUrl>#dhv_startplatz</styleUrl>
					<Point>
						<coordinates>9.596236,47.429650</coordinates>
					</Point>
				</Placemark>
			</Folder>
			<Folder>
				<name>Kronberg</name>
				<description><![CDATA[Hanggelände für Gleitschirme und Hängegleiter<br/>Max. Höhendifferenz 768m.<br/><a href="https://service.dhv.de/db2/details.php?qi=glp_details&amp;popup=1&amp;item=1248">Details anzeigen</a>]]></description>
				<styleUrl>#dhv_gelaende</styleUrl>
				<open>0</open>
				<Placemark>
					<name>Kronberg Startplatz 2</name>
					<description><![CDATA[Startplatz, Startrichtung S-SW<br/>Gemeinde Jakobsbad, Höhe NN 1649m<br/><a href="https://service.dhv.de/db2/details.php?qi=glp_details&amp;popup=1&amp;item=1248" target="_blank">Details anzeigen</a>]]></description>
					<styleUrl>#dhv_startplatz</styleUrl>
					<Point>
						<coordinates>9.328798,47.291219</coordinates>
					</Point>
				</Placemark>
				<Placemark>
					<name>Kronberg Startplatz 1</name>
					<description><![CDATA[Startplatz, Startrichtung NW-NO<br/>Gemeinde Jakobsbad, Höhe NN 1639m<br/><a href="https://service.dhv.de/db2/details.php?qi=glp_details&amp;popup=1&amp;item=1248" target="_blank">Details anzeigen</a>]]></description>
					<styleUrl>#dhv_startplatz</styleUrl>
					<Point>
						<coordinates>9.328500,47.291528</coordinates>
					</Point>
				</Placemark>
				<Placemark>
					<name>Kronberg Startplatz 4</name>
					<description><![CDATA[Startplatz, Startrichtung NW-N<br/>Gemeinde Jakobsbad, Höhe NN 1636m<br/><a href="https://service.dhv.de/db2/details.php?qi=glp_details&amp;popup=1&amp;item=1248" target="_blank">Details anzeigen</a>]]></description>
					<styleUrl>#dhv_startplatz</styleUrl>
					<Point>
						<coordinates>9.332961,47.292633</coordinates>
					</Point>
				</Placemark>
				<Placemark>
					<name>Kronberg Startplatz 3</name>
					<description><![CDATA[Startplatz, Startrichtung W-WNW<br/>Gemeinde Jakobsbad, Höhe NN 1635m<br/><a href="https://service.dhv.de/db2/details.php?qi=glp_details&amp;popup=1&amp;item=1248" target="_blank">Details anzeigen</a>]]></description>
					<styleUrl>#dhv_startplatz</styleUrl>
					<Point>
						<coordinates>9.326833,47.291472</coordinates>
					</Point>
				</Placemark>
				<Placemark>
					<name>Kronberg Landeplatz</name>
					<description><![CDATA[Landeplatz<br/>Gemeinde Jakobsbad, Höhe NN 881m<br/><a href="https://service.dhv.de/db2/details.php?qi=glp_details&amp;popup=1&amp;item=1248" target="_blank">Details anzeigen</a>]]></description>
					<styleUrl>#dhv_landeplatz</styleUrl>
					<Point>
						<coordinates>9.329174,47.319000</coordinates>
					</Point>
				</Placemark>
			</Folder>
			<Folder>
				<name>St. Anton</name>
				<description><![CDATA[Hanggelände für Gleitschirme und Hängegleiter<br/>Max. Höhendifferenz 667m.<br/><a href="https://service.dhv.de/db2/details.php?qi=glp_details&amp;popup=1&amp;item=2049">Details anzeigen</a>]]></description>
				<styleUrl>#dhv_gelaende</styleUrl>
				<open>0</open>
				<Placemark>
					<name>St. Anton Startplatz</name>
					<description><![CDATA[Startplatz, Startrichtung SO-S<br/>Gemeinde St. Anton, Höhe NN 1088m<br/><a href="https://service.dhv.de/db2/details.php?qi=glp_details&amp;popup=1&amp;item=2049" target="_blank">Details anzeigen</a>]]></description>
					<styleUrl>#dhv_startplatz</styleUrl>
					<Point>
						<coordinates>9.542525,47.411061</coordinates>
					</Point>
				</Placemark>
				<Placemark>
					<name>St. Anton Landeplatz</name>
					<description><![CDATA[Landeplatz<br/>Gemeinde St. Anton, Höhe NN 421m<br/><a href="https://service.dhv.de/db2/details.php?qi=glp_details&amp;popup=1&amp;item=2049" target="_blank">Details anzeigen</a>]]></description>
					<styleUrl>#dhv_landeplatz</styleUrl>
					<Point>
						<coordinates>9.562054,47.387919</coordinates>
					</Point>
				</Placemark>
			</Folder>
		</Folder>
		<Folder>
			<name>Basel-Landschaft</name>
			<open>0</open>
			<Folder>
				<name>Bölchen</name>
				<description><![CDATA[Hanggelände für Hängegleiter<br/>Max. Höhendifferenz 456m.<br/><a href="https://service.dhv.de/db2/details.php?qi=glp_details&amp;popup=1&amp;item=1614">Details anzeigen</a>]]></description>
				<styleUrl>#dhv_gelaende</styleUrl>
				<open>0</open>
				<Placemark>
					<name>Bölchen Landeplatz 1</name>
					<description><![CDATA[Landeplatz<br/>Gemeinde Eptingen, Höhe NN 555m<br/><a href="https://service.dhv.de/db2/details.php?qi=glp_details&amp;popup=1&amp;item=1614" target="_blank">Details anzeigen</a>]]></description>
					<styleUrl>#dhv_landeplatz</styleUrl>
					<Point>
						<coordinates>7.813761,47.389500</coordinates>
					</Point>
				</Placemark>
			</Folder>
		</Folder>
		<Folder>
			<name>Bern</name>
			<open>0</open>
			<Folder>
				<name>Abendberg</name>
				<description><![CDATA[Hanggelände für Gleitschirme und Hängegleiter<br/>Max. Höhendifferenz 1127m.<br/><a href="https://service.dhv.de/db2/details.php?qi=glp_details&amp;popup=1&amp;item=1619">Details anzeigen</a>]]></description>
				<styleUrl>#dhv_gelaende</styleUrl>
				<open>0</open>
				<Placemark>
					<name>Abendberg</name>
					<description><![CDATA[Startplatz, Startrichtung NW<br/>Gemeinde Erlenbach, Höhe NN 1823m<br/><a href="https://service.dhv.de/db2/details.php?qi=glp_details&amp;popup=1&amp;item=1619" target="_blank">Details anzeigen</a>]]></description>
					<styleUrl>#dhv_startplatz</styleUrl>
					<Point>
						<coordinates>7.522444,46.622644</coordinates>
					</Point>
				</Placemark>
				<Placemark>
					<name>Stockhorn Landeplatz 1</name>
					<description><![CDATA[Landeplatz<br/>Gemeinde Erlenbach, Höhe NN 696m<br/><a href="https://service.dhv.de/db2/details.php?qi=glp_details&amp;popup=1&amp;item=1619" target="_blank">Details anzeigen</a>]]></description>
					<styleUrl>#dhv_landeplatz</styleUrl>
					<Point>
						<coordinates>7.528525,46.658164</coordinates>
					</Point>
				</Placemark>
			</Folder>
			<Folder>
				<name>Albristhubel</name>
				<description><![CDATA[Hanggelände für Gleitschirme<br/><a href="https://service.dhv.de/db2/details.php?qi=glp_details&amp;popup=1&amp;item=1616">Details anzeigen</a>]]></description>
				<styleUrl>#dhv_gelaende</styleUrl>
				<open>0</open>
				<Placemark>
					<name>Albristhubel Startplatz</name>
					<description><![CDATA[Startplatz, Startrichtung S<br/>Gemeinde Sankt Stephan, Höhe NN 2126m<br/><a href="https://service.dhv.de/db2/details.php?qi=glp_details&amp;popup=1&amp;item=1616" target="_blank">Details anzeigen</a>]]></description>
					<styleUrl>#dhv_startplatz</styleUrl>
					<Point>
						<coordinates>7.462989,46.511686</coordinates>
					</Point>
				</Placemark>
			</Folder>
			<Folder>
				<name>Allmenalp</name>
				<description><![CDATA[Hanggelände für Gleitschirme<br/>Max. Höhendifferenz 633m.<br/><a href="https://service.dhv.de/db2/details.php?qi=glp_details&amp;popup=1&amp;item=1594">Details anzeigen</a>]]></description>
				<styleUrl>#dhv_gelaende</styleUrl>
				<open>0</open>
				<Placemark>
					<name>Allmenalp Startplatz</name>
					<description><![CDATA[Startplatz, Startrichtung O<br/>Gemeinde Kandersteg, Höhe NN 1812m<br/><a href="https://service.dhv.de/db2/details.php?qi=glp_details&amp;popup=1&amp;item=1594" target="_blank">Details anzeigen</a>]]></description>
					<styleUrl>#dhv_startplatz</styleUrl>
					<Point>
						<coordinates>7.650092,46.495022</coordinates>
					</Point>
				</Placemark>
				<Placemark>
					<name>Allmenalp Landeplatz</name>
					<description><![CDATA[Landeplatz<br/>Gemeinde Kandersteg, Höhe NN 1179m<br/><a href="https://service.dhv.de/db2/details.php?qi=glp_details&amp;popup=1&amp;item=1594" target="_blank">Details anzeigen</a>]]></description>
					<styleUrl>#dhv_landeplatz</styleUrl>
					<Point>
						<coordinates>7.663250,46.490186</coordinates>
					</Point>
				</Placemark>
			</Folder>
			<Folder>
				<name>Amisbühl</name>
				<description><![CDATA[Hanggelände für Gleitschirme und Hängegleiter<br/>Max. Höhendifferenz 1007m.<br/><a href="https://service.dhv.de/db2/details.php?qi=glp_details&amp;popup=1&amp;item=1582">Details anzeigen</a>]]></description>
				<styleUrl>#dhv_gelaende</styleUrl>
				<open>0</open>
				<Placemark>
					<name>Amisbühl Startplatz 5 (Hohwald)</name>
					<description><![CDATA[Startplatz, Startrichtung SO-S<br/>Gemeinde Interlaken, Höhe NN 1572m<br/><a href="https://service.dhv.de/db2/details.php?qi=glp_details&amp;popup=1&amp;item=1582" target="_blank">Details anzeigen</a>]]></description>
					<styleUrl>#dhv_startplatz</styleUrl>
					<Point>
						<coordinates>7.824061,46.713808</coordinates>
					</Point>
				</Placemark>
				<Placemark>
					<name>Amisbühl Startplatz 3</name>
					<description><![CDATA[Startplatz, Startrichtung SO<br/>Gemeinde Interlaken, Höhe NN 1327m<br/><a href="https://service.dhv.de/db2/details.php?qi=glp_details&amp;popup=1&amp;item=1582" target="_blank">Details anzeigen</a>]]></description>
					<styleUrl>#dhv_startplatz</styleUrl>
					<Point>
						<coordinates>7.822341,46.702397</coordinates>
					</Point>
				</Placemark>
				<Placemark>
					<name>Amisbühl Startplatz 1 (Chalet)</name>
					<description><![CDATA[Startplatz, Startrichtung S<br/>Gemeinde Interlaken, Höhe NN 1316m<br/><a href="https://service.dhv.de/db2/details.php?qi=glp_details&amp;popup=1&amp;item=1582" target="_blank">Details anzeigen</a>]]></description>
					<styleUrl>#dhv_startplatz</styleUrl>
					<Point>
						<coordinates>7.819633,46.700953</coordinates>
					</Point>
				</Placemark>
				<Placemark>
					<name>Amisbühl Startplatz 4</name>
					<description><![CDATA[Startplatz, Startrichtung SO<br/>Gemeinde Interlaken, Höhe NN 1297m<br/><a href="https://service.dhv.de/db2/details.php?qi=glp_details&amp;popup=1&amp;item=1582" target="_blank">Details anzeigen</a>]]></description>
					<styleUrl>#dhv_startplatz</styleUrl>
					<Point>
						<coordinates>7.823467,46.702636</coordinates>
					</Point>
				</Placemark>
				<Placemark>
					<name>Amisbühl Startplatz 2 (Bergbo)</name>
					<description><![CDATA[Startplatz, Startrichtung SO-S<br/>Gemeinde Interlaken, Höhe NN 1280m<br/><a href="https://service.dhv.de/db2/details.php?qi=glp_details&amp;popup=1&amp;item=1582" target="_blank">Details anzeigen</a>]]></description>
					<styleUrl>#dhv_startplatz</styleUrl>
					<Point>
						<coordinates>7.820581,46.700381</coordinates>
					</Point>
				</Placemark>
				<Placemark>
					<name>Niederhorn Landeplatz 2</name>
					<description><![CDATA[Landeplatz<br/>Gemeinde Interlaken, Höhe NN 569m<br/><a href="https://service.dhv.de/db2/details.php?qi=glp_details&amp;popup=1&amp;item=1582" target="_blank">Details anzeigen</a>]]></description>
					<styleUrl>#dhv_landeplatz</styleUrl>
					<Point>
						<coordinates>7.858719,46.686117</coordinates>
					</Point>
				</Placemark>
				<Placemark>
					<name>Niederhorn Landeplatz 1</name>
					<description><![CDATA[Landeplatz<br/>Gemeinde Interlaken, Höhe NN 565m<br/><a href="https://service.dhv.de/db2/details.php?qi=glp_details&amp;popup=1&amp;item=1582" target="_blank">Details anzeigen</a>]]></description>
					<styleUrl>#dhv_landeplatz</styleUrl>
					<Point>
						<coordinates>7.823861,46.680956</coordinates>
					</Point>
				</Placemark>
			</Folder>
			<Folder>
				<name>Axalp Skiberg</name>
				<description><![CDATA[Hanggelände für Gleitschirme<br/>Max. Höhendifferenz 1031m.<br/><a href="https://service.dhv.de/db2/details.php?qi=glp_details&amp;popup=1&amp;item=1576">Details anzeigen</a>]]></description>
				<styleUrl>#dhv_gelaende</styleUrl>
				<open>0</open>
				<Placemark>
					<name>Axalp Skiberg Startplatz</name>
					<description><![CDATA[Startplatz, Startrichtung W-NW<br/>Gemeinde Brienz, Höhe NN 1593m<br/><a href="https://service.dhv.de/db2/details.php?qi=glp_details&amp;popup=1&amp;item=1576" target="_blank">Details anzeigen</a>]]></description>
					<styleUrl>#dhv_startplatz</styleUrl>
					<Point>
						<coordinates>8.035386,46.716394</coordinates>
					</Point>
				</Placemark>
				<Placemark>
					<name>Axalp Skiberg Landeplatz Forsthaus</name>
					<description><![CDATA[Landeplatz<br/>Gemeinde Brienz, Höhe NN 562m<br/><a href="https://service.dhv.de/db2/details.php?qi=glp_details&amp;popup=1&amp;item=1576" target="_blank">Details anzeigen</a>]]></description>
					<styleUrl>#dhv_landeplatz</styleUrl>
					<Point>
						<coordinates>8.050358,46.740947</coordinates>
					</Point>
				</Placemark>
			</Folder>
			<Folder>
				<name>Betelberg</name>
				<description><![CDATA[Hanggelände für Gleitschirme<br/>Max. Höhendifferenz 857m.<br/><a href="https://service.dhv.de/db2/details.php?qi=glp_details&amp;popup=1&amp;item=1613">Details anzeigen</a>]]></description>
				<styleUrl>#dhv_gelaende</styleUrl>
				<open>0</open>
				<Placemark>
					<name>Betelberg Startplatz</name>
					<description><![CDATA[Startplatz, Startrichtung O-S<br/>Gemeinde Lenk, Höhe NN 1921m<br/><a href="https://service.dhv.de/db2/details.php?qi=glp_details&amp;popup=1&amp;item=1613" target="_blank">Details anzeigen</a>]]></description>
					<styleUrl>#dhv_startplatz</styleUrl>
					<Point>
						<coordinates>7.413825,46.434392</coordinates>
					</Point>
				</Placemark>
				<Placemark>
					<name>Schatthorn Landeplatz</name>
					<description><![CDATA[Landeplatz<br/>Gemeinde Lenk, Höhe NN 1064m<br/><a href="https://service.dhv.de/db2/details.php?qi=glp_details&amp;popup=1&amp;item=1613" target="_blank">Details anzeigen</a>]]></description>
					<styleUrl>#dhv_landeplatz</styleUrl>
					<Point>
						<coordinates>7.442547,46.454850</coordinates>
					</Point>
				</Placemark>
			</Folder>
			<Folder>
				<name>Blümlisalphütte</name>
				<description><![CDATA[Hanggelände für Gleitschirme<br/>Max. Höhendifferenz 1534m.<br/><a href="https://service.dhv.de/db2/details.php?qi=glp_details&amp;popup=1&amp;item=2052">Details anzeigen</a>]]></description>
				<styleUrl>#dhv_gelaende</styleUrl>
				<open>0</open>
				<Placemark>
					<name>Blümlisalp Startplatz</name>
					<description><![CDATA[Startplatz, Startrichtung W<br/>Gemeinde Kandersteg, Höhe NN 2713m<br/><a href="https://service.dhv.de/db2/details.php?qi=glp_details&amp;popup=1&amp;item=2052" target="_blank">Details anzeigen</a>]]></description>
					<styleUrl>#dhv_startplatz</styleUrl>
					<Point>
						<coordinates>7.689322,46.470144</coordinates>
					</Point>
				</Placemark>
				<Placemark>
					<name>Allmenalp Landeplatz</name>
					<description><![CDATA[Landeplatz<br/>Gemeinde Kandersteg, Höhe NN 1179m<br/><a href="https://service.dhv.de/db2/details.php?qi=glp_details&amp;popup=1&amp;item=2052" target="_blank">Details anzeigen</a>]]></description>
					<styleUrl>#dhv_landeplatz</styleUrl>
					<Point>
						<coordinates>7.663250,46.490186</coordinates>
					</Point>
				</Placemark>
			</Folder>
			<Folder>
				<name>Bözigenberg</name>
				<description><![CDATA[Hanggelände für Gleitschirme<br/>Max. Höhendifferenz 492m.<br/><a href="https://service.dhv.de/db2/details.php?qi=glp_details&amp;popup=1&amp;item=1632">Details anzeigen</a>]]></description>
				<styleUrl>#dhv_gelaende</styleUrl>
				<open>0</open>
				<Placemark>
					<name>Bözigenberg Startplatz 1</name>
					<description><![CDATA[Startplatz, Startrichtung SO-S<br/>Gemeinde Biel, Höhe NN 929m<br/><a href="https://service.dhv.de/db2/details.php?qi=glp_details&amp;popup=1&amp;item=1632" target="_blank">Details anzeigen</a>]]></description>
					<styleUrl>#dhv_startplatz</styleUrl>
					<Point>
						<coordinates>7.293775,47.174489</coordinates>
					</Point>
				</Placemark>
				<Placemark>
					<name>Bözigenberg Startplatz 2</name>
					<description><![CDATA[Startplatz, Startrichtung SW<br/>Gemeinde Biel, Höhe NN 906m<br/><a href="https://service.dhv.de/db2/details.php?qi=glp_details&amp;popup=1&amp;item=1632" target="_blank">Details anzeigen</a>]]></description>
					<styleUrl>#dhv_startplatz</styleUrl>
					<Point>
						<coordinates>7.275261,47.170003</coordinates>
					</Point>
				</Placemark>
				<Placemark>
					<name>Bözigenberg Landeplatz</name>
					<description><![CDATA[Landeplatz<br/>Gemeinde Biel, Höhe NN 437m<br/><a href="https://service.dhv.de/db2/details.php?qi=glp_details&amp;popup=1&amp;item=1632" target="_blank">Details anzeigen</a>]]></description>
					<styleUrl>#dhv_landeplatz</styleUrl>
					<Point>
						<coordinates>7.299997,47.163814</coordinates>
					</Point>
				</Placemark>
			</Folder>
			<Folder>
				<name>Brienzer Rothorn</name>
				<description><![CDATA[Hanggelände für Gleitschirme<br/>Max. Höhendifferenz 1607m.<br/><a href="https://service.dhv.de/db2/details.php?qi=glp_details&amp;popup=1&amp;item=1575">Details anzeigen</a>]]></description>
				<styleUrl>#dhv_gelaende</styleUrl>
				<open>0</open>
				<Placemark>
					<name>Brienzer Rothorn Startplatz</name>
					<description><![CDATA[Startplatz, Startrichtung SO-SW<br/>Gemeinde Brienz, Höhe NN 2268m<br/><a href="https://service.dhv.de/db2/details.php?qi=glp_details&amp;popup=1&amp;item=1575" target="_blank">Details anzeigen</a>]]></description>
					<styleUrl>#dhv_startplatz</styleUrl>
					<Point>
						<coordinates>8.043019,46.787175</coordinates>
					</Point>
				</Placemark>
				<Placemark>
					<name>Hofstetter Gummen Landeplatz</name>
					<description><![CDATA[Landeplatz<br/>Gemeinde Brienz, Höhe NN 661m<br/><a href="https://service.dhv.de/db2/details.php?qi=glp_details&amp;popup=1&amp;item=1575" target="_blank">Details anzeigen</a>]]></description>
					<styleUrl>#dhv_landeplatz</styleUrl>
					<Point>
						<coordinates>8.062464,46.753369</coordinates>
					</Point>
				</Placemark>
			</Folder>
			<Folder>
				<name>Chasseral Nord</name>
				<description><![CDATA[Hanggelände für Gleitschirme und Hängegleiter<br/>Max. Höhendifferenz 763m.<br/><a href="https://service.dhv.de/db2/details.php?qi=glp_details&amp;popup=1&amp;item=1628">Details anzeigen</a>]]></description>
				<styleUrl>#dhv_gelaende</styleUrl>
				<open>0</open>
				<Placemark>
					<name>Chasseral Nord Startplatz</name>
					<description><![CDATA[Startplatz, Startrichtung NW-N<br/>Gemeinde Villeret, Höhe NN 1550m<br/><a href="https://service.dhv.de/db2/details.php?qi=glp_details&amp;popup=1&amp;item=1628" target="_blank">Details anzeigen</a>]]></description>
					<styleUrl>#dhv_startplatz</styleUrl>
					<Point>
						<coordinates>7.046844,47.128476</coordinates>
					</Point>
				</Placemark>
				<Placemark>
					<name>Chasseral Nord Landeplatz</name>
					<description><![CDATA[Landeplatz<br/>Gemeinde Villeret, Höhe NN 787m<br/><a href="https://service.dhv.de/db2/details.php?qi=glp_details&amp;popup=1&amp;item=1628" target="_blank">Details anzeigen</a>]]></description>
					<styleUrl>#dhv_landeplatz</styleUrl>
					<Point>
						<coordinates>7.027558,47.156969</coordinates>
					</Point>
				</Placemark>
			</Folder>
			<Folder>
				<name>Chasseral Süd</name>
				<description><![CDATA[Hanggelände für Gleitschirme und Hängegleiter<br/>Max. Höhendifferenz 699m.<br/><a href="https://service.dhv.de/db2/details.php?qi=glp_details&amp;popup=1&amp;item=1627">Details anzeigen</a>]]></description>
				<styleUrl>#dhv_gelaende</styleUrl>
				<open>0</open>
				<Placemark>
					<name>Chasseral Süd Startplatz</name>
					<description><![CDATA[Startplatz, Startrichtung SO-S<br/>Gemeinde Nods, Höhe NN 1518m<br/><a href="https://service.dhv.de/db2/details.php?qi=glp_details&amp;popup=1&amp;item=1627" target="_blank">Details anzeigen</a>]]></description>
					<styleUrl>#dhv_startplatz</styleUrl>
					<Point>
						<coordinates>7.047192,47.126597</coordinates>
					</Point>
				</Placemark>
				<Placemark>
					<name>Chasseral Süd Landeplatz</name>
					<description><![CDATA[Landeplatz<br/>Gemeinde Nods, Höhe NN 819m<br/><a href="https://service.dhv.de/db2/details.php?qi=glp_details&amp;popup=1&amp;item=1627" target="_blank">Details anzeigen</a>]]></description>
					<styleUrl>#dhv_landeplatz</styleUrl>
					<Point>
						<coordinates>7.075078,47.111036</coordinates>
					</Point>
				</Placemark>
			</Folder>
			<Folder>
				<name>Chaumont</name>
				<description><![CDATA[Hanggelände für Gleitschirme<br/>Max. Höhendifferenz 305m.<br/><a href="https://service.dhv.de/db2/details.php?qi=glp_details&amp;popup=1&amp;item=1677">Details anzeigen</a>]]></description>
				<styleUrl>#dhv_gelaende</styleUrl>
				<open>0</open>
				<Placemark>
					<name>Chaumont Startplatz</name>
					<description><![CDATA[Startplatz, Startrichtung NW<br/>Gemeinde Savagnier, Höhe NN 1123m<br/><a href="https://service.dhv.de/db2/details.php?qi=glp_details&amp;popup=1&amp;item=1677" target="_blank">Details anzeigen</a>]]></description>
					<styleUrl>#dhv_startplatz</styleUrl>
					<Point>
						<coordinates>6.978083,47.053394</coordinates>
					</Point>
				</Placemark>
				<Placemark>
					<name>Chaumont Landeplatz</name>
					<description><![CDATA[Landeplatz<br/>Gemeinde Savagnier, Höhe NN 818m<br/><a href="https://service.dhv.de/db2/details.php?qi=glp_details&amp;popup=1&amp;item=1677" target="_blank">Details anzeigen</a>]]></description>
					<styleUrl>#dhv_landeplatz</styleUrl>
					<Point>
						<coordinates>6.969975,47.055047</coordinates>
					</Point>
				</Placemark>
			</Folder>
			<Folder>
				<name>Corgémont</name>
				<description><![CDATA[Hanggelände für Gleitschirme und Hängegleiter<br/>Max. Höhendifferenz 381m.<br/><a href="https://service.dhv.de/db2/details.php?qi=glp_details&amp;popup=1&amp;item=1629">Details anzeigen</a>]]></description>
				<styleUrl>#dhv_gelaende</styleUrl>
				<open>0</open>
				<Placemark>
					<name>Corgémont Startplatz</name>
					<description><![CDATA[Startplatz, Startrichtung N<br/>Gemeinde Corgémont, Höhe NN 1103m<br/><a href="https://service.dhv.de/db2/details.php?qi=glp_details&amp;popup=1&amp;item=1629" target="_blank">Details anzeigen</a>]]></description>
					<styleUrl>#dhv_startplatz</styleUrl>
					<Point>
						<coordinates>7.136994,47.173494</coordinates>
					</Point>
				</Placemark>
				<Placemark>
					<name>Corgémont Landeplatz</name>
					<description><![CDATA[Landeplatz<br/>Gemeinde Corgémont, Höhe NN 722m<br/><a href="https://service.dhv.de/db2/details.php?qi=glp_details&amp;popup=1&amp;item=1629" target="_blank">Details anzeigen</a>]]></description>
					<styleUrl>#dhv_landeplatz</styleUrl>
					<Point>
						<coordinates>7.144244,47.187281</coordinates>
					</Point>
				</Placemark>
			</Folder>
			<Folder>
				<name>Danielsweid</name>
				<description><![CDATA[Hanggelände für Gleitschirme und Hängegleiter<br/><a href="https://service.dhv.de/db2/details.php?qi=glp_details&amp;popup=1&amp;item=1610">Details anzeigen</a>]]></description>
				<styleUrl>#dhv_gelaende</styleUrl>
				<open>0</open>
				<Placemark>
					<name>Danielsweid Startplatz</name>
					<description><![CDATA[Startplatz, Startrichtung W<br/>Gemeinde Zweisimmen, Höhe NN 1345m<br/><a href="https://service.dhv.de/db2/details.php?qi=glp_details&amp;popup=1&amp;item=1610" target="_blank">Details anzeigen</a>]]></description>
					<styleUrl>#dhv_startplatz</styleUrl>
					<Point>
						<coordinates>7.400806,46.558117</coordinates>
					</Point>
				</Placemark>
			</Folder>
			<Folder>
				<name>Eggli</name>
				<description><![CDATA[Hanggelände für Gleitschirme<br/>Max. Höhendifferenz 496m.<br/><a href="https://service.dhv.de/db2/details.php?qi=glp_details&amp;popup=1&amp;item=1617">Details anzeigen</a>]]></description>
				<styleUrl>#dhv_gelaende</styleUrl>
				<open>0</open>
				<Placemark>
					<name>Eggli Startplatz</name>
					<description><![CDATA[Startplatz, Startrichtung O<br/>Gemeinde Gstaad, Höhe NN 1545m<br/><a href="https://service.dhv.de/db2/details.php?qi=glp_details&amp;popup=1&amp;item=1617" target="_blank">Details anzeigen</a>]]></description>
					<styleUrl>#dhv_startplatz</styleUrl>
					<Point>
						<coordinates>7.266447,46.463228</coordinates>
					</Point>
				</Placemark>
				<Placemark>
					<name>Wispile Landeplatz</name>
					<description><![CDATA[Landeplatz<br/>Gemeinde Gstaad, Höhe NN 1049m<br/><a href="https://service.dhv.de/db2/details.php?qi=glp_details&amp;popup=1&amp;item=1617" target="_blank">Details anzeigen</a>]]></description>
					<styleUrl>#dhv_landeplatz</styleUrl>
					<Point>
						<coordinates>7.283408,46.461586</coordinates>
					</Point>
				</Placemark>
			</Folder>
			<Folder>
				<name>Engstligenalp</name>
				<description><![CDATA[Hanggelände für Gleitschirme<br/>Max. Höhendifferenz 942m.<br/><a href="https://service.dhv.de/db2/details.php?qi=glp_details&amp;popup=1&amp;item=1599">Details anzeigen</a>]]></description>
				<styleUrl>#dhv_gelaende</styleUrl>
				<open>0</open>
				<Placemark>
					<name>Engstligenalp Startplatz 2</name>
					<description><![CDATA[Startplatz, Startrichtung W<br/>Gemeinde Adelboden, Höhe NN 2194m<br/><a href="https://service.dhv.de/db2/details.php?qi=glp_details&amp;popup=1&amp;item=1599" target="_blank">Details anzeigen</a>]]></description>
					<styleUrl>#dhv_startplatz</styleUrl>
					<Point>
						<coordinates>7.575578,46.447608</coordinates>
					</Point>
				</Placemark>
				<Placemark>
					<name>Engstligenalp Startplatz 1</name>
					<description><![CDATA[Startplatz, Startrichtung NW<br/>Gemeinde Adelboden, Höhe NN 1962m<br/><a href="https://service.dhv.de/db2/details.php?qi=glp_details&amp;popup=1&amp;item=1599" target="_blank">Details anzeigen</a>]]></description>
					<styleUrl>#dhv_startplatz</styleUrl>
					<Point>
						<coordinates>7.564358,46.448772</coordinates>
					</Point>
				</Placemark>
				<Placemark>
					<name>Tschentenalp Landeplatz 1</name>
					<description><![CDATA[Landeplatz<br/>Gemeinde Adelboden, Höhe NN 1287m<br/><a href="https://service.dhv.de/db2/details.php?qi=glp_details&amp;popup=1&amp;item=1599" target="_blank">Details anzeigen</a>]]></description>
					<styleUrl>#dhv_landeplatz</styleUrl>
					<Point>
						<coordinates>7.559144,46.479072</coordinates>
					</Point>
				</Placemark>
				<Placemark>
					<name>Tschentenalp Landeplatz 2</name>
					<description><![CDATA[Landeplatz<br/>Gemeinde Adelboden, Höhe NN 1284m<br/><a href="https://service.dhv.de/db2/details.php?qi=glp_details&amp;popup=1&amp;item=1599" target="_blank">Details anzeigen</a>]]></description>
					<styleUrl>#dhv_landeplatz</styleUrl>
					<Point>
						<coordinates>7.560364,46.480125</coordinates>
					</Point>
				</Placemark>
				<Placemark>
					<name>Tschentenalp Landeplatz 3</name>
					<description><![CDATA[Landeplatz<br/>Gemeinde Adelboden, Höhe NN 1252m<br/><a href="https://service.dhv.de/db2/details.php?qi=glp_details&amp;popup=1&amp;item=1599" target="_blank">Details anzeigen</a>]]></description>
					<styleUrl>#dhv_landeplatz</styleUrl>
					<Point>
						<coordinates>7.562428,46.489014</coordinates>
					</Point>
				</Placemark>
			</Folder>
			<Folder>
				<name>Falkenflue</name>
				<description><![CDATA[Hanggelände für Hängegleiter<br/>Max. Höhendifferenz 423m.<br/><a href="https://service.dhv.de/db2/details.php?qi=glp_details&amp;popup=1&amp;item=2050">Details anzeigen</a>]]></description>
				<styleUrl>#dhv_gelaende</styleUrl>
				<open>0</open>
				<Placemark>
					<name>Falkenflue Startplatz</name>
					<description><![CDATA[Startplatz, Startrichtung W<br/>Gemeinde Brenzikhofen, Höhe NN 1002m<br/><a href="https://service.dhv.de/db2/details.php?qi=glp_details&amp;popup=1&amp;item=2050" target="_blank">Details anzeigen</a>]]></description>
					<styleUrl>#dhv_startplatz</styleUrl>
					<Point>
						<coordinates>7.636739,46.824061</coordinates>
					</Point>
				</Placemark>
				<Placemark>
					<name>Falkenflue Landeplatz</name>
					<description><![CDATA[Landeplatz<br/>Gemeinde Brenzikhofen, Höhe NN 579m<br/><a href="https://service.dhv.de/db2/details.php?qi=glp_details&amp;popup=1&amp;item=2050" target="_blank">Details anzeigen</a>]]></description>
					<styleUrl>#dhv_landeplatz</styleUrl>
					<Point>
						<coordinates>7.610681,46.816658</coordinates>
					</Point>
				</Placemark>
			</Folder>
			<Folder>
				<name>First</name>
				<description><![CDATA[Hanggelände für Gleitschirme und Hängegleiter<br/>Max. Höhendifferenz 1173m.<br/><a href="https://service.dhv.de/db2/details.php?qi=glp_details&amp;popup=1&amp;item=1585">Details anzeigen</a>]]></description>
				<styleUrl>#dhv_gelaende</styleUrl>
				<open>0</open>
				<Placemark>
					<name>First Startplatz</name>
					<description><![CDATA[Startplatz, Startrichtung SO-SW<br/>Gemeinde Grindelwald, Höhe NN 2123m<br/><a href="https://service.dhv.de/db2/details.php?qi=glp_details&amp;popup=1&amp;item=1585" target="_blank">Details anzeigen</a>]]></description>
					<styleUrl>#dhv_startplatz</styleUrl>
					<Point>
						<coordinates>8.055132,46.657449</coordinates>
					</Point>
				</Placemark>
				<Placemark>
					<name>First Landeplatz Bodmi</name>
					<description><![CDATA[Landeplatz<br/>Gemeinde Grindelwald, Höhe NN 1129m<br/><a href="https://service.dhv.de/db2/details.php?qi=glp_details&amp;popup=1&amp;item=1585" target="_blank">Details anzeigen</a>]]></description>
					<styleUrl>#dhv_landeplatz</styleUrl>
					<Point>
						<coordinates>8.043319,46.628758</coordinates>
					</Point>
				</Placemark>
				<Placemark>
					<name>First Landeplatz Grund</name>
					<description><![CDATA[Landeplatz<br/>Gemeinde Grindelwald, Höhe NN 950m<br/><a href="https://service.dhv.de/db2/details.php?qi=glp_details&amp;popup=1&amp;item=1585" target="_blank">Details anzeigen</a>]]></description>
					<styleUrl>#dhv_landeplatz</styleUrl>
					<Point>
						<coordinates>8.029056,46.620292</coordinates>
					</Point>
				</Placemark>
			</Folder>
			<Folder>
				<name>Flöschhorn</name>
				<description><![CDATA[Hanggelände für Gleitschirme<br/>Max. Höhendifferenz 1007m.<br/><a href="https://service.dhv.de/db2/details.php?qi=glp_details&amp;popup=1&amp;item=1692">Details anzeigen</a>]]></description>
				<styleUrl>#dhv_gelaende</styleUrl>
				<open>0</open>
				<Placemark>
					<name>Flöschhorn Startplatz</name>
					<description><![CDATA[Startplatz, Startrichtung NO-SO<br/>Gemeinde Lenk, Höhe NN 2069m<br/><a href="https://service.dhv.de/db2/details.php?qi=glp_details&amp;popup=1&amp;item=1692" target="_blank">Details anzeigen</a>]]></description>
					<styleUrl>#dhv_startplatz</styleUrl>
					<Point>
						<coordinates>7.405956,46.463344</coordinates>
					</Point>
				</Placemark>
				<Placemark>
					<name>Schatthorn Landeplatz</name>
					<description><![CDATA[Landeplatz<br/>Gemeinde Lenk, Höhe NN 1064m<br/><a href="https://service.dhv.de/db2/details.php?qi=glp_details&amp;popup=1&amp;item=1692" target="_blank">Details anzeigen</a>]]></description>
					<styleUrl>#dhv_landeplatz</styleUrl>
					<Point>
						<coordinates>7.442547,46.454850</coordinates>
					</Point>
				</Placemark>
				<Placemark>
					<name>Flöschhorn Landeplatz</name>
					<description><![CDATA[Landeplatz<br/>Gemeinde Lenk, Höhe NN 1062m<br/><a href="https://service.dhv.de/db2/details.php?qi=glp_details&amp;popup=1&amp;item=1692" target="_blank">Details anzeigen</a>]]></description>
					<styleUrl>#dhv_landeplatz</styleUrl>
					<Point>
						<coordinates>7.436061,46.464581</coordinates>
					</Point>
				</Placemark>
			</Folder>
			<Folder>
				<name>Galm</name>
				<description><![CDATA[Hanggelände für Gleitschirme<br/>Max. Höhendifferenz 634m.<br/><a href="https://service.dhv.de/db2/details.php?qi=glp_details&amp;popup=1&amp;item=1700">Details anzeigen</a>]]></description>
				<styleUrl>#dhv_gelaende</styleUrl>
				<open>0</open>
				<Placemark>
					<name>Galm Startplatz</name>
					<description><![CDATA[Startplatz, Startrichtung W-NW<br/>Gemeinde Schwenden, Höhe NN 2006m<br/><a href="https://service.dhv.de/db2/details.php?qi=glp_details&amp;popup=1&amp;item=1700" target="_blank">Details anzeigen</a>]]></description>
					<styleUrl>#dhv_startplatz</styleUrl>
					<Point>
						<coordinates>7.518919,46.544728</coordinates>
					</Point>
				</Placemark>
				<Placemark>
					<name>Galm Landeplatz</name>
					<description><![CDATA[Landeplatz<br/>Gemeinde Schwenden, Höhe NN 1372m<br/><a href="https://service.dhv.de/db2/details.php?qi=glp_details&amp;popup=1&amp;item=1700" target="_blank">Details anzeigen</a>]]></description>
					<styleUrl>#dhv_landeplatz</styleUrl>
					<Point>
						<coordinates>7.503056,46.543914</coordinates>
					</Point>
				</Placemark>
			</Folder>
			<Folder>
				<name>Graitery</name>
				<description><![CDATA[Hanggelände für Gleitschirme<br/>Max. Höhendifferenz 602m.<br/><a href="https://service.dhv.de/db2/details.php?qi=glp_details&amp;popup=1&amp;item=2079">Details anzeigen</a>]]></description>
				<styleUrl>#dhv_gelaende</styleUrl>
				<open>0</open>
				<Placemark>
					<name>Graitery Startplatz</name>
					<description><![CDATA[Startplatz, Startrichtung NW-N<br/>Gemeinde Moutier, Höhe NN 1193m<br/><a href="https://service.dhv.de/db2/details.php?qi=glp_details&amp;popup=1&amp;item=2079" target="_blank">Details anzeigen</a>]]></description>
					<styleUrl>#dhv_startplatz</styleUrl>
					<Point>
						<coordinates>7.375111,47.256667</coordinates>
					</Point>
				</Placemark>
				<Placemark>
					<name>Graitery Landeplatz</name>
					<description><![CDATA[Landeplatz<br/>Gemeinde Moutier, Höhe NN 591m<br/><a href="https://service.dhv.de/db2/details.php?qi=glp_details&amp;popup=1&amp;item=2079" target="_blank">Details anzeigen</a>]]></description>
					<styleUrl>#dhv_landeplatz</styleUrl>
					<Point>
						<coordinates>7.379192,47.271767</coordinates>
					</Point>
				</Placemark>
			</Folder>
			<Folder>
				<name>Grenchenberg Nord</name>
				<description><![CDATA[Hanggelände für Gleitschirme und Hängegleiter<br/>Max. Höhendifferenz 608m.<br/><a href="https://service.dhv.de/db2/details.php?qi=glp_details&amp;popup=1&amp;item=1634">Details anzeigen</a>]]></description>
				<styleUrl>#dhv_gelaende</styleUrl>
				<open>0</open>
				<Placemark>
					<name>Grenchenberg Nord Startplatz</name>
					<description><![CDATA[Startplatz, Startrichtung NW-N<br/>Gemeinde Court, Höhe NN 1329m<br/><a href="https://service.dhv.de/db2/details.php?qi=glp_details&amp;popup=1&amp;item=1634" target="_blank">Details anzeigen</a>]]></description>
					<styleUrl>#dhv_startplatz</styleUrl>
					<Point>
						<coordinates>7.380025,47.229806</coordinates>
					</Point>
				</Placemark>
				<Placemark>
					<name>Grenchenberg Nord Landeplatz</name>
					<description><![CDATA[Landeplatz<br/>Gemeinde Court, Höhe NN 721m<br/><a href="https://service.dhv.de/db2/details.php?qi=glp_details&amp;popup=1&amp;item=1634" target="_blank">Details anzeigen</a>]]></description>
					<styleUrl>#dhv_landeplatz</styleUrl>
					<Point>
						<coordinates>7.341729,47.236648</coordinates>
					</Point>
				</Placemark>
			</Folder>
			<Folder>
				<name>Grimer</name>
				<description><![CDATA[Hanggelände für Gleitschirme und Hängegleiter<br/>Max. Höhendifferenz 840m.<br/><a href="https://service.dhv.de/db2/details.php?qi=glp_details&amp;popup=1&amp;item=1597">Details anzeigen</a>]]></description>
				<styleUrl>#dhv_gelaende</styleUrl>
				<open>0</open>
				<Placemark>
					<name>Grimer Startplatz</name>
					<description><![CDATA[Startplatz, Startrichtung SW-W<br/>Gemeinde Frutigen, Höhe NN 1617m<br/><a href="https://service.dhv.de/db2/details.php?qi=glp_details&amp;popup=1&amp;item=1597" target="_blank">Details anzeigen</a>]]></description>
					<styleUrl>#dhv_startplatz</styleUrl>
					<Point>
						<coordinates>7.682392,46.553675</coordinates>
					</Point>
				</Placemark>
				<Placemark>
					<name>Mäggisseren Landeplatz</name>
					<description><![CDATA[Landeplatz<br/>Gemeinde Frutigen, Höhe NN 777m<br/><a href="https://service.dhv.de/db2/details.php?qi=glp_details&amp;popup=1&amp;item=1597" target="_blank">Details anzeigen</a>]]></description>
					<styleUrl>#dhv_landeplatz</styleUrl>
					<Point>
						<coordinates>7.653197,46.586444</coordinates>
					</Point>
				</Placemark>
			</Folder>
			<Folder>
				<name>Gündlischwand-Iselten</name>
				<description><![CDATA[Hanggelände für Gleitschirme<br/>Max. Höhendifferenz 1174m.<br/><a href="https://service.dhv.de/db2/details.php?qi=glp_details&amp;popup=1&amp;item=1718">Details anzeigen</a>]]></description>
				<styleUrl>#dhv_gelaende</styleUrl>
				<open>0</open>
				<Placemark>
					<name>Gündlischwand-Iselten Startplatz</name>
					<description><![CDATA[Startplatz, Startrichtung O-SO<br/>Gemeinde Gündlischwand, Höhe NN 1828m<br/><a href="https://service.dhv.de/db2/details.php?qi=glp_details&amp;popup=1&amp;item=1718" target="_blank">Details anzeigen</a>]]></description>
					<styleUrl>#dhv_startplatz</styleUrl>
					<Point>
						<coordinates>7.922383,46.656072</coordinates>
					</Point>
				</Placemark>
				<Placemark>
					<name>Gündlischwand-Iselten Landeplatz</name>
					<description><![CDATA[Landeplatz<br/>Gemeinde Gündlischwand, Höhe NN 654m<br/><a href="https://service.dhv.de/db2/details.php?qi=glp_details&amp;popup=1&amp;item=1718" target="_blank">Details anzeigen</a>]]></description>
					<styleUrl>#dhv_landeplatz</styleUrl>
					<Point>
						<coordinates>7.902558,46.632486</coordinates>
					</Point>
				</Placemark>
			</Folder>
			<Folder>
				<name>Hochstollen</name>
				<description><![CDATA[Hanggelände für Gleitschirme<br/><a href="https://service.dhv.de/db2/details.php?qi=glp_details&amp;popup=1&amp;item=2051">Details anzeigen</a>]]></description>
				<styleUrl>#dhv_gelaende</styleUrl>
				<open>0</open>
				<Placemark>
					<name>Hochstollen Startplatz</name>
					<description><![CDATA[Startplatz, Startrichtung W<br/>Gemeinde Meiringen, Höhe NN 2464m<br/><a href="https://service.dhv.de/db2/details.php?qi=glp_details&amp;popup=1&amp;item=2051" target="_blank">Details anzeigen</a>]]></description>
					<styleUrl>#dhv_startplatz</styleUrl>
					<Point>
						<coordinates>8.238281,46.773308</coordinates>
					</Point>
				</Placemark>
			</Folder>
			<Folder>
				<name>Hofstetter Gummen</name>
				<description><![CDATA[Hanggelände für Gleitschirme<br/>Max. Höhendifferenz 908m.<br/><a href="https://service.dhv.de/db2/details.php?qi=glp_details&amp;popup=1&amp;item=1574">Details anzeigen</a>]]></description>
				<styleUrl>#dhv_gelaende</styleUrl>
				<open>0</open>
				<Placemark>
					<name>Hofstetter Gummen Startplatz</name>
					<description><![CDATA[Startplatz, Startrichtung S<br/>Gemeinde Brienz, Höhe NN 1569m<br/><a href="https://service.dhv.de/db2/details.php?qi=glp_details&amp;popup=1&amp;item=1574" target="_blank">Details anzeigen</a>]]></description>
					<styleUrl>#dhv_startplatz</styleUrl>
					<Point>
						<coordinates>8.071331,46.779083</coordinates>
					</Point>
				</Placemark>
				<Placemark>
					<name>Hofstetter Gummen Landeplatz</name>
					<description><![CDATA[Landeplatz<br/>Gemeinde Brienz, Höhe NN 661m<br/><a href="https://service.dhv.de/db2/details.php?qi=glp_details&amp;popup=1&amp;item=1574" target="_blank">Details anzeigen</a>]]></description>
					<styleUrl>#dhv_landeplatz</styleUrl>
					<Point>
						<coordinates>8.062464,46.753369</coordinates>
					</Point>
				</Placemark>
			</Folder>
			<Folder>
				<name>Horneggli</name>
				<description><![CDATA[Hanggelände für Gleitschirme<br/>Max. Höhendifferenz 567m.<br/><a href="https://service.dhv.de/db2/details.php?qi=glp_details&amp;popup=1&amp;item=1606">Details anzeigen</a>]]></description>
				<styleUrl>#dhv_gelaende</styleUrl>
				<open>0</open>
				<Placemark>
					<name>Horneggli Startplatz</name>
					<description><![CDATA[Startplatz, Startrichtung SW-W<br/>Gemeinde Gstaad, Höhe NN 1804m<br/><a href="https://service.dhv.de/db2/details.php?qi=glp_details&amp;popup=1&amp;item=1606" target="_blank">Details anzeigen</a>]]></description>
					<styleUrl>#dhv_startplatz</styleUrl>
					<Point>
						<coordinates>7.311350,46.487592</coordinates>
					</Point>
				</Placemark>
				<Placemark>
					<name>Horneggli Landeplatz</name>
					<description><![CDATA[Landeplatz<br/>Gemeinde Gstaad, Höhe NN 1237m<br/><a href="https://service.dhv.de/db2/details.php?qi=glp_details&amp;popup=1&amp;item=1606" target="_blank">Details anzeigen</a>]]></description>
					<styleUrl>#dhv_landeplatz</styleUrl>
					<Point>
						<coordinates>7.293297,46.505228</coordinates>
					</Point>
				</Placemark>
			</Folder>
			<Folder>
				<name>Hügeligrat</name>
				<description><![CDATA[Hanggelände für Gleitschirme<br/>Max. Höhendifferenz 636m.<br/><a href="https://service.dhv.de/db2/details.php?qi=glp_details&amp;popup=1&amp;item=1608">Details anzeigen</a>]]></description>
				<styleUrl>#dhv_gelaende</styleUrl>
				<open>0</open>
				<Placemark>
					<name>Hügeligrat Startplatz</name>
					<description><![CDATA[Startplatz, Startrichtung SO<br/>Gemeinde Gstaad, Höhe NN 1886m<br/><a href="https://service.dhv.de/db2/details.php?qi=glp_details&amp;popup=1&amp;item=1608" target="_blank">Details anzeigen</a>]]></description>
					<styleUrl>#dhv_startplatz</styleUrl>
					<Point>
						<coordinates>7.266497,46.519681</coordinates>
					</Point>
				</Placemark>
				<Placemark>
					<name>Rellerligrat Landeplatz</name>
					<description><![CDATA[Landeplatz<br/>Gemeinde Schönried, Höhe NN 1250m<br/><a href="https://service.dhv.de/db2/details.php?qi=glp_details&amp;popup=1&amp;item=1608" target="_blank">Details anzeigen</a>]]></description>
					<styleUrl>#dhv_landeplatz</styleUrl>
					<Point>
						<coordinates>7.289021,46.505615</coordinates>
					</Point>
				</Placemark>
			</Folder>
			<Folder>
				<name>Hüttstett</name>
				<description><![CDATA[Hanggelände für Gleitschirme<br/>Max. Höhendifferenz 968m.<br/><a href="https://service.dhv.de/db2/details.php?qi=glp_details&amp;popup=1&amp;item=1395">Details anzeigen</a>]]></description>
				<styleUrl>#dhv_gelaende</styleUrl>
				<open>0</open>
				<Placemark>
					<name>Hüttstett Startplatz</name>
					<description><![CDATA[Startplatz, Startrichtung NW-N<br/>Gemeinde Lungern, Höhe NN 1662m<br/><a href="https://service.dhv.de/db2/details.php?qi=glp_details&amp;popup=1&amp;item=1395" target="_blank">Details anzeigen</a>]]></description>
					<styleUrl>#dhv_startplatz</styleUrl>
					<Point>
						<coordinates>8.194472,46.787944</coordinates>
					</Point>
				</Placemark>
			</Folder>
			<Folder>
				<name>Huus</name>
				<description><![CDATA[Hanggelände für Gleitschirme und Hängegleiter<br/>Max. Höhendifferenz 850m.<br/><a href="https://service.dhv.de/db2/details.php?qi=glp_details&amp;popup=1&amp;item=1601">Details anzeigen</a>]]></description>
				<styleUrl>#dhv_gelaende</styleUrl>
				<open>0</open>
				<Placemark>
					<name>Huus Startplatz</name>
					<description><![CDATA[Startplatz, Startrichtung SO-SW<br/>Gemeinde Erlenbach, Höhe NN 1546m<br/><a href="https://service.dhv.de/db2/details.php?qi=glp_details&amp;popup=1&amp;item=1601" target="_blank">Details anzeigen</a>]]></description>
					<styleUrl>#dhv_startplatz</styleUrl>
					<Point>
						<coordinates>7.536189,46.677067</coordinates>
					</Point>
				</Placemark>
				<Placemark>
					<name>Stockhorn Landeplatz 1</name>
					<description><![CDATA[Landeplatz<br/>Gemeinde Erlenbach, Höhe NN 696m<br/><a href="https://service.dhv.de/db2/details.php?qi=glp_details&amp;popup=1&amp;item=1601" target="_blank">Details anzeigen</a>]]></description>
					<styleUrl>#dhv_landeplatz</styleUrl>
					<Point>
						<coordinates>7.528525,46.658164</coordinates>
					</Point>
				</Placemark>
			</Folder>
			<Folder>
				<name>Jungfraujoch</name>
				<description><![CDATA[Hanggelände für Gleitschirme<br/>Max. Höhendifferenz 3485m.<br/><a href="https://service.dhv.de/db2/details.php?qi=glp_details&amp;popup=1&amp;item=1719">Details anzeigen</a>]]></description>
				<styleUrl>#dhv_gelaende</styleUrl>
				<open>0</open>
				<Placemark>
					<name>Jungfraujoch Startplatz</name>
					<description><![CDATA[Startplatz, Startrichtung N<br/>Gemeinde Lauterbrunnen, Höhe NN 3485m<br/><a href="https://service.dhv.de/db2/details.php?qi=glp_details&amp;popup=1&amp;item=1719" target="_blank">Details anzeigen</a>]]></description>
					<styleUrl>#dhv_startplatz</styleUrl>
					<Point>
						<coordinates>7.978144,46.547289</coordinates>
					</Point>
				</Placemark>
			</Folder>
			<Folder>
				<name>Käserstatt</name>
				<description><![CDATA[Hanggelände für Gleitschirme<br/>Max. Höhendifferenz 396m.<br/><a href="https://service.dhv.de/db2/details.php?qi=glp_details&amp;popup=1&amp;item=1720">Details anzeigen</a>]]></description>
				<styleUrl>#dhv_gelaende</styleUrl>
				<open>0</open>
				<Placemark>
					<name>Käserstatt Startplatz</name>
					<description><![CDATA[Startplatz, Startrichtung SW<br/>Gemeinde Meiringen, Höhe NN 1820m<br/><a href="https://service.dhv.de/db2/details.php?qi=glp_details&amp;popup=1&amp;item=1720" target="_blank">Details anzeigen</a>]]></description>
					<styleUrl>#dhv_startplatz</styleUrl>
					<Point>
						<coordinates>8.218175,46.757067</coordinates>
					</Point>
				</Placemark>
				<Placemark>
					<name>Planplatten Landeplatz 2</name>
					<description><![CDATA[Landeplatz<br/>Gemeinde Meiringen, Höhe NN 1424m<br/><a href="https://service.dhv.de/db2/details.php?qi=glp_details&amp;popup=1&amp;item=1720" target="_blank">Details anzeigen</a>]]></description>
					<styleUrl>#dhv_landeplatz</styleUrl>
					<Point>
						<coordinates>8.218253,46.745194</coordinates>
					</Point>
				</Placemark>
			</Folder>
			<Folder>
				<name>Kuonisbergli</name>
				<description><![CDATA[Hanggelände für Gleitschirme<br/>Max. Höhendifferenz 435m.<br/><a href="https://service.dhv.de/db2/details.php?qi=glp_details&amp;popup=1&amp;item=5310">Details anzeigen</a>]]></description>
				<styleUrl>#dhv_gelaende</styleUrl>
				<open>0</open>
				<Placemark>
					<name>Kuonisbergli Startplatz</name>
					<description><![CDATA[Startplatz, Startrichtung O-SO<br/>Gemeinde Adelboden, Höhe NN 1719m<br/><a href="https://service.dhv.de/db2/details.php?qi=glp_details&amp;popup=1&amp;item=5310" target="_blank">Details anzeigen</a>]]></description>
					<styleUrl>#dhv_startplatz</styleUrl>
					<Point>
						<coordinates>7.547247,46.473119</coordinates>
					</Point>
				</Placemark>
				<Placemark>
					<name>Tschentenalp Landeplatz 1</name>
					<description><![CDATA[Landeplatz<br/>Gemeinde Adelboden, Höhe NN 1287m<br/><a href="https://service.dhv.de/db2/details.php?qi=glp_details&amp;popup=1&amp;item=5310" target="_blank">Details anzeigen</a>]]></description>
					<styleUrl>#dhv_landeplatz</styleUrl>
					<Point>
						<coordinates>7.559144,46.479072</coordinates>
					</Point>
				</Placemark>
				<Placemark>
					<name>Tschentenalp Landeplatz 2</name>
					<description><![CDATA[Landeplatz<br/>Gemeinde Adelboden, Höhe NN 1284m<br/><a href="https://service.dhv.de/db2/details.php?qi=glp_details&amp;popup=1&amp;item=5310" target="_blank">Details anzeigen</a>]]></description>
					<styleUrl>#dhv_landeplatz</styleUrl>
					<Point>
						<coordinates>7.560364,46.480125</coordinates>
					</Point>
				</Placemark>
			</Folder>
			<Folder>
				<name>Luegibrüggli</name>
				<description><![CDATA[Hanggelände für Gleitschirme und Hängegleiter<br/>Max. Höhendifferenz 499m.<br/><a href="https://service.dhv.de/db2/details.php?qi=glp_details&amp;popup=1&amp;item=1583">Details anzeigen</a>]]></description>
				<styleUrl>#dhv_gelaende</styleUrl>
				<open>0</open>
				<Placemark>
					<name>Luegibrüggli Startplatz 2</name>
					<description><![CDATA[Startplatz, Startrichtung S<br/>Gemeinde Interlaken, Höhe NN 1064m<br/><a href="https://service.dhv.de/db2/details.php?qi=glp_details&amp;popup=1&amp;item=1583" target="_blank">Details anzeigen</a>]]></description>
					<styleUrl>#dhv_startplatz</styleUrl>
					<Point>
						<coordinates>7.815953,46.691183</coordinates>
					</Point>
				</Placemark>
				<Placemark>
					<name>Luegibrüggli Startplatz 1</name>
					<description><![CDATA[Startplatz, Startrichtung S<br/>Gemeinde Interlaken, Höhe NN 1062m<br/><a href="https://service.dhv.de/db2/details.php?qi=glp_details&amp;popup=1&amp;item=1583" target="_blank">Details anzeigen</a>]]></description>
					<styleUrl>#dhv_startplatz</styleUrl>
					<Point>
						<coordinates>7.810278,46.690983</coordinates>
					</Point>
				</Placemark>
				<Placemark>
					<name>Niederhorn Landeplatz 2</name>
					<description><![CDATA[Landeplatz<br/>Gemeinde Interlaken, Höhe NN 569m<br/><a href="https://service.dhv.de/db2/details.php?qi=glp_details&amp;popup=1&amp;item=1583" target="_blank">Details anzeigen</a>]]></description>
					<styleUrl>#dhv_landeplatz</styleUrl>
					<Point>
						<coordinates>7.858719,46.686117</coordinates>
					</Point>
				</Placemark>
				<Placemark>
					<name>Niederhorn Landeplatz 1</name>
					<description><![CDATA[Landeplatz<br/>Gemeinde Interlaken, Höhe NN 565m<br/><a href="https://service.dhv.de/db2/details.php?qi=glp_details&amp;popup=1&amp;item=1583" target="_blank">Details anzeigen</a>]]></description>
					<styleUrl>#dhv_landeplatz</styleUrl>
					<Point>
						<coordinates>7.823861,46.680956</coordinates>
					</Point>
				</Placemark>
			</Folder>
			<Folder>
				<name>Mäggisseren</name>
				<description><![CDATA[Hanggelände für Gleitschirme und Hängegleiter<br/>Max. Höhendifferenz 961m.<br/><a href="https://service.dhv.de/db2/details.php?qi=glp_details&amp;popup=1&amp;item=1596">Details anzeigen</a>]]></description>
				<styleUrl>#dhv_gelaende</styleUrl>
				<open>0</open>
				<Placemark>
					<name>Mäggisseren Startplatz</name>
					<description><![CDATA[Startplatz, Startrichtung SO-S<br/>Gemeinde Frutigen, Höhe NN 1738m<br/><a href="https://service.dhv.de/db2/details.php?qi=glp_details&amp;popup=1&amp;item=1596" target="_blank">Details anzeigen</a>]]></description>
					<styleUrl>#dhv_startplatz</styleUrl>
					<Point>
						<coordinates>7.609292,46.588067</coordinates>
					</Point>
				</Placemark>
				<Placemark>
					<name>Mäggisseren Landeplatz</name>
					<description><![CDATA[Landeplatz<br/>Gemeinde Frutigen, Höhe NN 777m<br/><a href="https://service.dhv.de/db2/details.php?qi=glp_details&amp;popup=1&amp;item=1596" target="_blank">Details anzeigen</a>]]></description>
					<styleUrl>#dhv_landeplatz</styleUrl>
					<Point>
						<coordinates>7.653197,46.586444</coordinates>
					</Point>
				</Placemark>
			</Folder>
			<Folder>
				<name>Männlichen</name>
				<description><![CDATA[Hanggelände für Gleitschirme und Hängegleiter<br/>Max. Höhendifferenz 1470m.<br/><a href="https://service.dhv.de/db2/details.php?qi=glp_details&amp;popup=1&amp;item=1589">Details anzeigen</a>]]></description>
				<styleUrl>#dhv_gelaende</styleUrl>
				<open>0</open>
				<Placemark>
					<name>Männlichen Startplatz</name>
					<description><![CDATA[Startplatz, Startrichtung O, SW-W<br/>Gemeinde Lauterbrunn, Höhe NN 2283m<br/><a href="https://service.dhv.de/db2/details.php?qi=glp_details&amp;popup=1&amp;item=1589" target="_blank">Details anzeigen</a>]]></description>
					<styleUrl>#dhv_startplatz</styleUrl>
					<Point>
						<coordinates>7.938842,46.616389</coordinates>
					</Point>
				</Placemark>
				<Placemark>
					<name>First Landeplatz Grund</name>
					<description><![CDATA[Landeplatz<br/>Gemeinde Grindelwald, Höhe NN 950m<br/><a href="https://service.dhv.de/db2/details.php?qi=glp_details&amp;popup=1&amp;item=1589" target="_blank">Details anzeigen</a>]]></description>
					<styleUrl>#dhv_landeplatz</styleUrl>
					<Point>
						<coordinates>8.029056,46.620292</coordinates>
					</Point>
				</Placemark>
			</Folder>
			<Folder>
				<name>Mentschelenalp</name>
				<description><![CDATA[Hanggelände für Gleitschirme und Hängegleiter<br/>Max. Höhendifferenz 716m.<br/><a href="https://service.dhv.de/db2/details.php?qi=glp_details&amp;popup=1&amp;item=1602">Details anzeigen</a>]]></description>
				<styleUrl>#dhv_gelaende</styleUrl>
				<open>0</open>
				<Placemark>
					<name>Mentschelenalp Startplatz</name>
					<description><![CDATA[Startplatz, Startrichtung NW-NO<br/>Gemeinde Pohlern, Höhe NN 1394m<br/><a href="https://service.dhv.de/db2/details.php?qi=glp_details&amp;popup=1&amp;item=1602" target="_blank">Details anzeigen</a>]]></description>
					<styleUrl>#dhv_startplatz</styleUrl>
					<Point>
						<coordinates>7.509958,46.715497</coordinates>
					</Point>
				</Placemark>
				<Placemark>
					<name>Mentschelenalp Landeplatz</name>
					<description><![CDATA[Landeplatz<br/>Gemeinde Blumenstein, Höhe NN 730m<br/><a href="https://service.dhv.de/db2/details.php?qi=glp_details&amp;popup=1&amp;item=1602" target="_blank">Details anzeigen</a>]]></description>
					<styleUrl>#dhv_landeplatz</styleUrl>
					<Point>
						<coordinates>7.519008,46.728664</coordinates>
					</Point>
				</Placemark>
				<Placemark>
					<name>Stockhorn Landeplatz 2</name>
					<description><![CDATA[Landeplatz<br/>Gemeinde Blumenstein, Höhe NN 678m<br/><a href="https://service.dhv.de/db2/details.php?qi=glp_details&amp;popup=1&amp;item=1602" target="_blank">Details anzeigen</a>]]></description>
					<styleUrl>#dhv_landeplatz</styleUrl>
					<Point>
						<coordinates>7.527881,46.745767</coordinates>
					</Point>
				</Placemark>
			</Folder>
			<Folder>
				<name>Metsch</name>
				<description><![CDATA[Hanggelände für Gleitschirme<br/>Max. Höhendifferenz 1024m.<br/><a href="https://service.dhv.de/db2/details.php?qi=glp_details&amp;popup=1&amp;item=1612">Details anzeigen</a>]]></description>
				<styleUrl>#dhv_gelaende</styleUrl>
				<open>0</open>
				<Placemark>
					<name>Metsch Startplatz 1</name>
					<description><![CDATA[Startplatz, Startrichtung SW<br/>Gemeinde Lenk, Höhe NN 2094m<br/><a href="https://service.dhv.de/db2/details.php?qi=glp_details&amp;popup=1&amp;item=1612" target="_blank">Details anzeigen</a>]]></description>
					<styleUrl>#dhv_startplatz</styleUrl>
					<Point>
						<coordinates>7.496628,46.443497</coordinates>
					</Point>
				</Placemark>
				<Placemark>
					<name>Metsch Startplatz 2</name>
					<description><![CDATA[Startplatz, Startrichtung S-NW<br/>Gemeinde Lenk, Höhe NN 1954m<br/><a href="https://service.dhv.de/db2/details.php?qi=glp_details&amp;popup=1&amp;item=1612" target="_blank">Details anzeigen</a>]]></description>
					<styleUrl>#dhv_startplatz</styleUrl>
					<Point>
						<coordinates>7.487308,46.443369</coordinates>
					</Point>
				</Placemark>
				<Placemark>
					<name>Metsch Landeplatz</name>
					<description><![CDATA[Landeplatz<br/>Gemeinde Lenk, Höhe NN 1070m<br/><a href="https://service.dhv.de/db2/details.php?qi=glp_details&amp;popup=1&amp;item=1612" target="_blank">Details anzeigen</a>]]></description>
					<styleUrl>#dhv_landeplatz</styleUrl>
					<Point>
						<coordinates>7.457711,46.440678</coordinates>
					</Point>
				</Placemark>
			</Folder>
			<Folder>
				<name>Montagne de Sorvillier</name>
				<description><![CDATA[Hanggelände für Gleitschirme<br/>Max. Höhendifferenz 495m.<br/><a href="https://service.dhv.de/db2/details.php?qi=glp_details&amp;popup=1&amp;item=1740">Details anzeigen</a>]]></description>
				<styleUrl>#dhv_gelaende</styleUrl>
				<open>0</open>
				<Placemark>
					<name>Montagne de Sorvillier Startplatz</name>
					<description><![CDATA[Startplatz, Startrichtung N<br/>Gemeinde Court, Höhe NN 1198m<br/><a href="https://service.dhv.de/db2/details.php?qi=glp_details&amp;popup=1&amp;item=1740" target="_blank">Details anzeigen</a>]]></description>
					<styleUrl>#dhv_startplatz</styleUrl>
					<Point>
						<coordinates>7.314959,47.224094</coordinates>
					</Point>
				</Placemark>
				<Placemark>
					<name>Montagne de Sorvillier Landeplatz</name>
					<description><![CDATA[Landeplatz<br/>Gemeinde Court, Höhe NN 703m<br/><a href="https://service.dhv.de/db2/details.php?qi=glp_details&amp;popup=1&amp;item=1740" target="_blank">Details anzeigen</a>]]></description>
					<styleUrl>#dhv_landeplatz</styleUrl>
					<Point>
						<coordinates>7.341656,47.236700</coordinates>
					</Point>
				</Placemark>
			</Folder>
			<Folder>
				<name>Montoz Nord</name>
				<description><![CDATA[Hanggelände für Gleitschirme und Hängegleiter<br/>Max. Höhendifferenz 373m.<br/><a href="https://service.dhv.de/db2/details.php?qi=glp_details&amp;popup=1&amp;item=1631">Details anzeigen</a>]]></description>
				<styleUrl>#dhv_gelaende</styleUrl>
				<open>0</open>
				<Placemark>
					<name>Montoz Nord Startplatz</name>
					<description><![CDATA[Startplatz, Startrichtung NW-N<br/>Gemeinde Tavannes, Höhe NN 1234m<br/><a href="https://service.dhv.de/db2/details.php?qi=glp_details&amp;popup=1&amp;item=1631" target="_blank">Details anzeigen</a>]]></description>
					<styleUrl>#dhv_startplatz</styleUrl>
					<Point>
						<coordinates>7.216294,47.208183</coordinates>
					</Point>
				</Placemark>
				<Placemark>
					<name>Montoz Nord Landeplatz</name>
					<description><![CDATA[Landeplatz<br/>Gemeinde Tavannes, Höhe NN 861m<br/><a href="https://service.dhv.de/db2/details.php?qi=glp_details&amp;popup=1&amp;item=1631" target="_blank">Details anzeigen</a>]]></description>
					<styleUrl>#dhv_landeplatz</styleUrl>
					<Point>
						<coordinates>7.212583,47.216069</coordinates>
					</Point>
				</Placemark>
			</Folder>
			<Folder>
				<name>Montoz Süd</name>
				<description><![CDATA[Hanggelände für Gleitschirme und Hängegleiter<br/>Max. Höhendifferenz 624m.<br/><a href="https://service.dhv.de/db2/details.php?qi=glp_details&amp;popup=1&amp;item=1630">Details anzeigen</a>]]></description>
				<styleUrl>#dhv_gelaende</styleUrl>
				<open>0</open>
				<Placemark>
					<name>Montoz Süd Startplatz</name>
					<description><![CDATA[Startplatz, Startrichtung SO<br/>Gemeinde La Heutte, Höhe NN 1259m<br/><a href="https://service.dhv.de/db2/details.php?qi=glp_details&amp;popup=1&amp;item=1630" target="_blank">Details anzeigen</a>]]></description>
					<styleUrl>#dhv_startplatz</styleUrl>
					<Point>
						<coordinates>7.215622,47.206450</coordinates>
					</Point>
				</Placemark>
				<Placemark>
					<name>Montoz Süd Landeplatz</name>
					<description><![CDATA[Landeplatz<br/>Gemeinde La Heutte, Höhe NN 635m<br/><a href="https://service.dhv.de/db2/details.php?qi=glp_details&amp;popup=1&amp;item=1630" target="_blank">Details anzeigen</a>]]></description>
					<styleUrl>#dhv_landeplatz</styleUrl>
					<Point>
						<coordinates>7.215344,47.191625</coordinates>
					</Point>
				</Placemark>
			</Folder>
			<Folder>
				<name>Niederhorn</name>
				<description><![CDATA[Hanggelände für Gleitschirme und Hängegleiter<br/>Max. Höhendifferenz 1391m.<br/><a href="https://service.dhv.de/db2/details.php?qi=glp_details&amp;popup=1&amp;item=1581">Details anzeigen</a>]]></description>
				<styleUrl>#dhv_gelaende</styleUrl>
				<open>0</open>
				<Placemark>
					<name>Niederhorn Startplatz 2</name>
					<description><![CDATA[Startplatz, Startrichtung S<br/>Gemeinde Interlaken, Höhe NN 1956m<br/><a href="https://service.dhv.de/db2/details.php?qi=glp_details&amp;popup=1&amp;item=1581" target="_blank">Details anzeigen</a>]]></description>
					<styleUrl>#dhv_startplatz</styleUrl>
					<Point>
						<coordinates>7.776797,46.711472</coordinates>
					</Point>
				</Placemark>
				<Placemark>
					<name>Niederhorn Startplatz 1</name>
					<description><![CDATA[Startplatz, Startrichtung W<br/>Gemeinde Interlaken, Höhe NN 1930m<br/><a href="https://service.dhv.de/db2/details.php?qi=glp_details&amp;popup=1&amp;item=1581" target="_blank">Details anzeigen</a>]]></description>
					<styleUrl>#dhv_startplatz</styleUrl>
					<Point>
						<coordinates>7.773339,46.710103</coordinates>
					</Point>
				</Placemark>
				<Placemark>
					<name>Niederhorn Startplatz 3</name>
					<description><![CDATA[Startplatz, Startrichtung S<br/>Gemeinde Interlaken, Höhe NN 1926m<br/><a href="https://service.dhv.de/db2/details.php?qi=glp_details&amp;popup=1&amp;item=1581" target="_blank">Details anzeigen</a>]]></description>
					<styleUrl>#dhv_startplatz</styleUrl>
					<Point>
						<coordinates>7.778006,46.711200</coordinates>
					</Point>
				</Placemark>
				<Placemark>
					<name>Niederhorn Landeplatz 2</name>
					<description><![CDATA[Landeplatz<br/>Gemeinde Interlaken, Höhe NN 569m<br/><a href="https://service.dhv.de/db2/details.php?qi=glp_details&amp;popup=1&amp;item=1581" target="_blank">Details anzeigen</a>]]></description>
					<styleUrl>#dhv_landeplatz</styleUrl>
					<Point>
						<coordinates>7.858719,46.686117</coordinates>
					</Point>
				</Placemark>
				<Placemark>
					<name>Niederhorn Landeplatz 1</name>
					<description><![CDATA[Landeplatz<br/>Gemeinde Interlaken, Höhe NN 565m<br/><a href="https://service.dhv.de/db2/details.php?qi=glp_details&amp;popup=1&amp;item=1581" target="_blank">Details anzeigen</a>]]></description>
					<styleUrl>#dhv_landeplatz</styleUrl>
					<Point>
						<coordinates>7.823861,46.680956</coordinates>
					</Point>
				</Placemark>
			</Folder>
			<Folder>
				<name>Niesen</name>
				<description><![CDATA[Hanggelände für Gleitschirme<br/>Max. Höhendifferenz 1639m.<br/><a href="https://service.dhv.de/db2/details.php?qi=glp_details&amp;popup=1&amp;item=1595">Details anzeigen</a>]]></description>
				<styleUrl>#dhv_gelaende</styleUrl>
				<open>0</open>
				<Placemark>
					<name>Niesen Startplatz</name>
					<description><![CDATA[Startplatz, Startrichtung S, SW, W<br/>Gemeinde Mülenen, Höhe NN 2279m<br/><a href="https://service.dhv.de/db2/details.php?qi=glp_details&amp;popup=1&amp;item=1595" target="_blank">Details anzeigen</a>]]></description>
					<styleUrl>#dhv_startplatz</styleUrl>
					<Point>
						<coordinates>7.649222,46.644350</coordinates>
					</Point>
				</Placemark>
				<Placemark>
					<name>Niesen Landeplatz 1</name>
					<description><![CDATA[Landeplatz<br/>Gemeinde Mülenen, Höhe NN 697m<br/><a href="https://service.dhv.de/db2/details.php?qi=glp_details&amp;popup=1&amp;item=1595" target="_blank">Details anzeigen</a>]]></description>
					<styleUrl>#dhv_landeplatz</styleUrl>
					<Point>
						<coordinates>7.684244,46.653225</coordinates>
					</Point>
				</Placemark>
				<Placemark>
					<name>Niesen Landeplatz 2</name>
					<description><![CDATA[Landeplatz<br/>Gemeinde Spiez, Höhe NN 640m<br/><a href="https://service.dhv.de/db2/details.php?qi=glp_details&amp;popup=1&amp;item=1595" target="_blank">Details anzeigen</a>]]></description>
					<styleUrl>#dhv_landeplatz</styleUrl>
					<Point>
						<coordinates>7.671636,46.684400</coordinates>
					</Point>
				</Placemark>
			</Folder>
			<Folder>
				<name>Oeschinen</name>
				<description><![CDATA[Hanggelände für Gleitschirme<br/>Max. Höhendifferenz 560m.<br/><a href="https://service.dhv.de/db2/details.php?qi=glp_details&amp;popup=1&amp;item=1593">Details anzeigen</a>]]></description>
				<styleUrl>#dhv_gelaende</styleUrl>
				<open>0</open>
				<Placemark>
					<name>Oeschinen Startplatz 1</name>
					<description><![CDATA[Startplatz, Startrichtung S-W<br/>Gemeinde Kandersteg, Höhe NN 1739m<br/><a href="https://service.dhv.de/db2/details.php?qi=glp_details&amp;popup=1&amp;item=1593" target="_blank">Details anzeigen</a>]]></description>
					<styleUrl>#dhv_startplatz</styleUrl>
					<Point>
						<coordinates>7.696478,46.503403</coordinates>
					</Point>
				</Placemark>
				<Placemark>
					<name>Oeschinen Startplatz 2</name>
					<description><![CDATA[Startplatz, Startrichtung S-W<br/>Gemeinde Kandersteg, Höhe NN 1683m<br/><a href="https://service.dhv.de/db2/details.php?qi=glp_details&amp;popup=1&amp;item=1593" target="_blank">Details anzeigen</a>]]></description>
					<styleUrl>#dhv_startplatz</styleUrl>
					<Point>
						<coordinates>7.697469,46.501875</coordinates>
					</Point>
				</Placemark>
				<Placemark>
					<name>Oeschinen Landeplatz</name>
					<description><![CDATA[Landeplatz<br/>Gemeinde Kandersteg, Höhe NN 1179m<br/><a href="https://service.dhv.de/db2/details.php?qi=glp_details&amp;popup=1&amp;item=1593" target="_blank">Details anzeigen</a>]]></description>
					<styleUrl>#dhv_landeplatz</styleUrl>
					<Point>
						<coordinates>7.681703,46.499708</coordinates>
					</Point>
				</Placemark>
			</Folder>
			<Folder>
				<name>Pfingstegg</name>
				<description><![CDATA[Hanggelände für Gleitschirme und Hängegleiter<br/>Max. Höhendifferenz 448m.<br/><a href="https://service.dhv.de/db2/details.php?qi=glp_details&amp;popup=1&amp;item=1587">Details anzeigen</a>]]></description>
				<styleUrl>#dhv_gelaende</styleUrl>
				<open>0</open>
				<Placemark>
					<name>Pfingstegg Startplatz</name>
					<description><![CDATA[Startplatz, Startrichtung NW-N<br/>Gemeinde Grindelwald, Höhe NN 1398m<br/><a href="https://service.dhv.de/db2/details.php?qi=glp_details&amp;popup=1&amp;item=1587" target="_blank">Details anzeigen</a>]]></description>
					<styleUrl>#dhv_startplatz</styleUrl>
					<Point>
						<coordinates>8.056074,46.616133</coordinates>
					</Point>
				</Placemark>
				<Placemark>
					<name>First Landeplatz Bodmi</name>
					<description><![CDATA[Landeplatz<br/>Gemeinde Grindelwald, Höhe NN 1129m<br/><a href="https://service.dhv.de/db2/details.php?qi=glp_details&amp;popup=1&amp;item=1587" target="_blank">Details anzeigen</a>]]></description>
					<styleUrl>#dhv_landeplatz</styleUrl>
					<Point>
						<coordinates>8.043319,46.628758</coordinates>
					</Point>
				</Placemark>
				<Placemark>
					<name>First Landeplatz Grund</name>
					<description><![CDATA[Landeplatz<br/>Gemeinde Grindelwald, Höhe NN 950m<br/><a href="https://service.dhv.de/db2/details.php?qi=glp_details&amp;popup=1&amp;item=1587" target="_blank">Details anzeigen</a>]]></description>
					<styleUrl>#dhv_landeplatz</styleUrl>
					<Point>
						<coordinates>8.029056,46.620292</coordinates>
					</Point>
				</Placemark>
			</Folder>
			<Folder>
				<name>Planplatten</name>
				<description><![CDATA[Hanggelände für Gleitschirme<br/>Max. Höhendifferenz 1650m.<br/><a href="https://service.dhv.de/db2/details.php?qi=glp_details&amp;popup=1&amp;item=1572">Details anzeigen</a>]]></description>
				<styleUrl>#dhv_gelaende</styleUrl>
				<open>0</open>
				<Placemark>
					<name>Planplatten Startplatz 2</name>
					<description><![CDATA[Startplatz, Startrichtung SW-NW<br/>Gemeinde Meiringen, Höhe NN 2239m<br/><a href="https://service.dhv.de/db2/details.php?qi=glp_details&amp;popup=1&amp;item=1572" target="_blank">Details anzeigen</a>]]></description>
					<styleUrl>#dhv_startplatz</styleUrl>
					<Point>
						<coordinates>8.254825,46.736739</coordinates>
					</Point>
				</Placemark>
				<Placemark>
					<name>Planplatten Startplatz 1</name>
					<description><![CDATA[Startplatz, Startrichtung O-SO<br/>Gemeinde Meiringen, Höhe NN 2234m<br/><a href="https://service.dhv.de/db2/details.php?qi=glp_details&amp;popup=1&amp;item=1572" target="_blank">Details anzeigen</a>]]></description>
					<styleUrl>#dhv_startplatz</styleUrl>
					<Point>
						<coordinates>8.254761,46.735992</coordinates>
					</Point>
				</Placemark>
				<Placemark>
					<name>Planplatten Landeplatz 1</name>
					<description><![CDATA[Landeplatz<br/>Gemeinde Meiringen, Höhe NN 1694m<br/><a href="https://service.dhv.de/db2/details.php?qi=glp_details&amp;popup=1&amp;item=1572" target="_blank">Details anzeigen</a>]]></description>
					<styleUrl>#dhv_landeplatz</styleUrl>
					<Point>
						<coordinates>8.235233,46.749150</coordinates>
					</Point>
				</Placemark>
				<Placemark>
					<name>Planplatten Landeplatz 2</name>
					<description><![CDATA[Landeplatz<br/>Gemeinde Meiringen, Höhe NN 1424m<br/><a href="https://service.dhv.de/db2/details.php?qi=glp_details&amp;popup=1&amp;item=1572" target="_blank">Details anzeigen</a>]]></description>
					<styleUrl>#dhv_landeplatz</styleUrl>
					<Point>
						<coordinates>8.218253,46.745194</coordinates>
					</Point>
				</Placemark>
				<Placemark>
					<name>Planplatten Landeplatz 3</name>
					<description><![CDATA[Landeplatz<br/>Gemeinde Innertkirchen, Höhe NN 629m<br/><a href="https://service.dhv.de/db2/details.php?qi=glp_details&amp;popup=1&amp;item=1572" target="_blank">Details anzeigen</a>]]></description>
					<styleUrl>#dhv_landeplatz</styleUrl>
					<Point>
						<coordinates>8.225589,46.704453</coordinates>
					</Point>
				</Placemark>
				<Placemark>
					<name>Planplatten Landeplatz 4</name>
					<description><![CDATA[Landeplatz<br/>Gemeinde Meiringen, Höhe NN 600m<br/><a href="https://service.dhv.de/db2/details.php?qi=glp_details&amp;popup=1&amp;item=1572" target="_blank">Details anzeigen</a>]]></description>
					<styleUrl>#dhv_landeplatz</styleUrl>
					<Point>
						<coordinates>8.199542,46.722206</coordinates>
					</Point>
				</Placemark>
				<Placemark>
					<name>Planplatten Landeplatz 5</name>
					<description><![CDATA[Landeplatz<br/>Gemeinde Meiringen, Höhe NN 589m<br/><a href="https://service.dhv.de/db2/details.php?qi=glp_details&amp;popup=1&amp;item=1572" target="_blank">Details anzeigen</a>]]></description>
					<styleUrl>#dhv_landeplatz</styleUrl>
					<Point>
						<coordinates>8.172927,46.732669</coordinates>
					</Point>
				</Placemark>
			</Folder>
			<Folder>
				<name>Ramslauen</name>
				<description><![CDATA[Hanggelände für Gleitschirme<br/>Max. Höhendifferenz 551m.<br/><a href="https://service.dhv.de/db2/details.php?qi=glp_details&amp;popup=1&amp;item=1759">Details anzeigen</a>]]></description>
				<styleUrl>#dhv_gelaende</styleUrl>
				<open>0</open>
				<Placemark>
					<name>Ramslauen Startplatz</name>
					<description><![CDATA[Startplatz, Startrichtung O<br/>Gemeinde Kiental, Höhe NN 1476m<br/><a href="https://service.dhv.de/db2/details.php?qi=glp_details&amp;popup=1&amp;item=1759" target="_blank">Details anzeigen</a>]]></description>
					<styleUrl>#dhv_startplatz</styleUrl>
					<Point>
						<coordinates>7.706519,46.579456</coordinates>
					</Point>
				</Placemark>
				<Placemark>
					<name>Ramslauen Landeplatz</name>
					<description><![CDATA[Landeplatz<br/>Gemeinde Kiental, Höhe NN 925m<br/><a href="https://service.dhv.de/db2/details.php?qi=glp_details&amp;popup=1&amp;item=1759" target="_blank">Details anzeigen</a>]]></description>
					<styleUrl>#dhv_landeplatz</styleUrl>
					<Point>
						<coordinates>7.727153,46.584333</coordinates>
					</Point>
				</Placemark>
			</Folder>
			<Folder>
				<name>Rellerligrat</name>
				<description><![CDATA[Hanggelände für Gleitschirme<br/>Max. Höhendifferenz 559m.<br/><a href="https://service.dhv.de/db2/details.php?qi=glp_details&amp;popup=1&amp;item=1605">Details anzeigen</a>]]></description>
				<styleUrl>#dhv_gelaende</styleUrl>
				<open>0</open>
				<Placemark>
					<name>Rellerligrat Startplatz</name>
					<description><![CDATA[Startplatz, Startrichtung SO-SW<br/>Gemeinde Schönried, Höhe NN 1809m<br/><a href="https://service.dhv.de/db2/details.php?qi=glp_details&amp;popup=1&amp;item=1605" target="_blank">Details anzeigen</a>]]></description>
					<styleUrl>#dhv_startplatz</styleUrl>
					<Point>
						<coordinates>7.262371,46.508583</coordinates>
					</Point>
				</Placemark>
				<Placemark>
					<name>Rellerligrat Landeplatz</name>
					<description><![CDATA[Landeplatz<br/>Gemeinde Schönried, Höhe NN 1250m<br/><a href="https://service.dhv.de/db2/details.php?qi=glp_details&amp;popup=1&amp;item=1605" target="_blank">Details anzeigen</a>]]></description>
					<styleUrl>#dhv_landeplatz</styleUrl>
					<Point>
						<coordinates>7.289021,46.505615</coordinates>
					</Point>
				</Placemark>
			</Folder>
			<Folder>
				<name>Reuti</name>
				<description><![CDATA[Hanggelände für Gleitschirme und Hängegleiter<br/>Max. Höhendifferenz 571m.<br/><a href="https://service.dhv.de/db2/details.php?qi=glp_details&amp;popup=1&amp;item=1573">Details anzeigen</a>]]></description>
				<styleUrl>#dhv_gelaende</styleUrl>
				<open>0</open>
				<Placemark>
					<name>Reuti Startplatz</name>
					<description><![CDATA[Startplatz, Startrichtung SW<br/>Gemeinde Meiringen, Höhe NN 1160m<br/><a href="https://service.dhv.de/db2/details.php?qi=glp_details&amp;popup=1&amp;item=1573" target="_blank">Details anzeigen</a>]]></description>
					<styleUrl>#dhv_startplatz</styleUrl>
					<Point>
						<coordinates>8.205569,46.737822</coordinates>
					</Point>
				</Placemark>
				<Placemark>
					<name>Planplatten Landeplatz 4</name>
					<description><![CDATA[Landeplatz<br/>Gemeinde Meiringen, Höhe NN 600m<br/><a href="https://service.dhv.de/db2/details.php?qi=glp_details&amp;popup=1&amp;item=1573" target="_blank">Details anzeigen</a>]]></description>
					<styleUrl>#dhv_landeplatz</styleUrl>
					<Point>
						<coordinates>8.199542,46.722206</coordinates>
					</Point>
				</Placemark>
				<Placemark>
					<name>Planplatten Landeplatz 5</name>
					<description><![CDATA[Landeplatz<br/>Gemeinde Meiringen, Höhe NN 589m<br/><a href="https://service.dhv.de/db2/details.php?qi=glp_details&amp;popup=1&amp;item=1573" target="_blank">Details anzeigen</a>]]></description>
					<styleUrl>#dhv_landeplatz</styleUrl>
					<Point>
						<coordinates>8.172927,46.732669</coordinates>
					</Point>
				</Placemark>
			</Folder>
			<Folder>
				<name>Rinderberg</name>
				<description><![CDATA[Hanggelände für Gleitschirme<br/>Max. Höhendifferenz 2070m.<br/><a href="https://service.dhv.de/db2/details.php?qi=glp_details&amp;popup=1&amp;item=1609">Details anzeigen</a>]]></description>
				<styleUrl>#dhv_gelaende</styleUrl>
				<open>0</open>
				<Placemark>
					<name>Rinderberg Startplatz 2</name>
					<description><![CDATA[Startplatz, Startrichtung NW<br/>Gemeinde Gstaad, Höhe NN 2070m<br/><a href="https://service.dhv.de/db2/details.php?qi=glp_details&amp;popup=1&amp;item=1609" target="_blank">Details anzeigen</a>]]></description>
					<styleUrl>#dhv_startplatz</styleUrl>
					<Point>
						<coordinates>7.356744,46.505478</coordinates>
					</Point>
				</Placemark>
				<Placemark>
					<name>Rinderberg Startplatz 1</name>
					<description><![CDATA[Startplatz, Startrichtung NO-O<br/>Gemeinde Gstaad, Höhe NN 1909m<br/><a href="https://service.dhv.de/db2/details.php?qi=glp_details&amp;popup=1&amp;item=1609" target="_blank">Details anzeigen</a>]]></description>
					<styleUrl>#dhv_startplatz</styleUrl>
					<Point>
						<coordinates>7.361731,46.509919</coordinates>
					</Point>
				</Placemark>
			</Folder>
			<Folder>
				<name>Schatthorn</name>
				<description><![CDATA[Hanggelände für Gleitschirme<br/>Max. Höhendifferenz 966m.<br/><a href="https://service.dhv.de/db2/details.php?qi=glp_details&amp;popup=1&amp;item=1611">Details anzeigen</a>]]></description>
				<styleUrl>#dhv_gelaende</styleUrl>
				<open>0</open>
				<Placemark>
					<name>Schatthorn Startplatz</name>
					<description><![CDATA[Startplatz, Startrichtung SW-NW<br/>Gemeinde Lenk, Höhe NN 2030m<br/><a href="https://service.dhv.de/db2/details.php?qi=glp_details&amp;popup=1&amp;item=1611" target="_blank">Details anzeigen</a>]]></description>
					<styleUrl>#dhv_startplatz</styleUrl>
					<Point>
						<coordinates>7.481081,46.471733</coordinates>
					</Point>
				</Placemark>
				<Placemark>
					<name>Schatthorn Landeplatz</name>
					<description><![CDATA[Landeplatz<br/>Gemeinde Lenk, Höhe NN 1064m<br/><a href="https://service.dhv.de/db2/details.php?qi=glp_details&amp;popup=1&amp;item=1611" target="_blank">Details anzeigen</a>]]></description>
					<styleUrl>#dhv_landeplatz</styleUrl>
					<Point>
						<coordinates>7.442547,46.454850</coordinates>
					</Point>
				</Placemark>
				<Placemark>
					<name>Flöschhorn Landeplatz</name>
					<description><![CDATA[Landeplatz<br/>Gemeinde Lenk, Höhe NN 1062m<br/><a href="https://service.dhv.de/db2/details.php?qi=glp_details&amp;popup=1&amp;item=1611" target="_blank">Details anzeigen</a>]]></description>
					<styleUrl>#dhv_landeplatz</styleUrl>
					<Point>
						<coordinates>7.436061,46.464581</coordinates>
					</Point>
				</Placemark>
			</Folder>
			<Folder>
				<name>Schiltgrat</name>
				<description><![CDATA[Hanggelände für Gleitschirme und Hängegleiter<br/>Max. Höhendifferenz 1247m.<br/><a href="https://service.dhv.de/db2/details.php?qi=glp_details&amp;popup=1&amp;item=1591">Details anzeigen</a>]]></description>
				<styleUrl>#dhv_gelaende</styleUrl>
				<open>0</open>
				<Placemark>
					<name>Schiltgrat Startplatz</name>
					<description><![CDATA[Startplatz, Startrichtung O-SO<br/>Gemeinde Stechelberg, Höhe NN 2105m<br/><a href="https://service.dhv.de/db2/details.php?qi=glp_details&amp;popup=1&amp;item=1591" target="_blank">Details anzeigen</a>]]></description>
					<styleUrl>#dhv_startplatz</styleUrl>
					<Point>
						<coordinates>7.872389,46.557031</coordinates>
					</Point>
				</Placemark>
				<Placemark>
					<name>Schilthorn Landeplatz</name>
					<description><![CDATA[Landeplatz<br/>Gemeinde Stechelberg, Höhe NN 858m<br/><a href="https://service.dhv.de/db2/details.php?qi=glp_details&amp;popup=1&amp;item=1591" target="_blank">Details anzeigen</a>]]></description>
					<styleUrl>#dhv_landeplatz</styleUrl>
					<Point>
						<coordinates>7.902328,46.556122</coordinates>
					</Point>
				</Placemark>
			</Folder>
			<Folder>
				<name>Schilthorn</name>
				<description><![CDATA[Hanggelände für Gleitschirme und Hängegleiter<br/>Max. Höhendifferenz 2081m.<br/><a href="https://service.dhv.de/db2/details.php?qi=glp_details&amp;popup=1&amp;item=1590">Details anzeigen</a>]]></description>
				<styleUrl>#dhv_gelaende</styleUrl>
				<open>0</open>
				<Placemark>
					<name>Schilthorn Startplatz</name>
					<description><![CDATA[Startplatz, Startrichtung NO, SW<br/>Gemeinde Stechelberg, Höhe NN 2939m<br/><a href="https://service.dhv.de/db2/details.php?qi=glp_details&amp;popup=1&amp;item=1590" target="_blank">Details anzeigen</a>]]></description>
					<styleUrl>#dhv_startplatz</styleUrl>
					<Point>
						<coordinates>7.832975,46.558142</coordinates>
					</Point>
				</Placemark>
				<Placemark>
					<name>Schilthorn Landeplatz</name>
					<description><![CDATA[Landeplatz<br/>Gemeinde Stechelberg, Höhe NN 858m<br/><a href="https://service.dhv.de/db2/details.php?qi=glp_details&amp;popup=1&amp;item=1590" target="_blank">Details anzeigen</a>]]></description>
					<styleUrl>#dhv_landeplatz</styleUrl>
					<Point>
						<coordinates>7.902328,46.556122</coordinates>
					</Point>
				</Placemark>
			</Folder>
			<Folder>
				<name>Schynige Platte</name>
				<description><![CDATA[Hanggelände für Gleitschirme und Hängegleiter<br/>Max. Höhendifferenz 1185m.<br/><a href="https://service.dhv.de/db2/details.php?qi=glp_details&amp;popup=1&amp;item=1584">Details anzeigen</a>]]></description>
				<styleUrl>#dhv_gelaende</styleUrl>
				<open>0</open>
				<Placemark>
					<name>Schynige Platte Startplatz 1</name>
					<description><![CDATA[Startplatz, Startrichtung NW<br/>Gemeinde Interlaken, Höhe NN 1750m<br/><a href="https://service.dhv.de/db2/details.php?qi=glp_details&amp;popup=1&amp;item=1584" target="_blank">Details anzeigen</a>]]></description>
					<styleUrl>#dhv_startplatz</styleUrl>
					<Point>
						<coordinates>7.902928,46.658225</coordinates>
					</Point>
				</Placemark>
				<Placemark>
					<name>Schynige Platte Startplatz 2</name>
					<description><![CDATA[Startplatz, Startrichtung W-NW<br/>Gemeinde Interlaken, Höhe NN 1574m<br/><a href="https://service.dhv.de/db2/details.php?qi=glp_details&amp;popup=1&amp;item=1584" target="_blank">Details anzeigen</a>]]></description>
					<styleUrl>#dhv_startplatz</styleUrl>
					<Point>
						<coordinates>7.901078,46.662611</coordinates>
					</Point>
				</Placemark>
				<Placemark>
					<name>Niederhorn Landeplatz 2</name>
					<description><![CDATA[Landeplatz<br/>Gemeinde Interlaken, Höhe NN 569m<br/><a href="https://service.dhv.de/db2/details.php?qi=glp_details&amp;popup=1&amp;item=1584" target="_blank">Details anzeigen</a>]]></description>
					<styleUrl>#dhv_landeplatz</styleUrl>
					<Point>
						<coordinates>7.858719,46.686117</coordinates>
					</Point>
				</Placemark>
				<Placemark>
					<name>Niederhorn Landeplatz 1</name>
					<description><![CDATA[Landeplatz<br/>Gemeinde Interlaken, Höhe NN 565m<br/><a href="https://service.dhv.de/db2/details.php?qi=glp_details&amp;popup=1&amp;item=1584" target="_blank">Details anzeigen</a>]]></description>
					<styleUrl>#dhv_landeplatz</styleUrl>
					<Point>
						<coordinates>7.823861,46.680956</coordinates>
					</Point>
				</Placemark>
			</Folder>
			<Folder>
				<name>Stockhorn</name>
				<description><![CDATA[Hanggelände für Gleitschirme und Hängegleiter<br/>Max. Höhendifferenz 1427m.<br/><a href="https://service.dhv.de/db2/details.php?qi=glp_details&amp;popup=1&amp;item=1600">Details anzeigen</a>]]></description>
				<styleUrl>#dhv_gelaende</styleUrl>
				<open>0</open>
				<Placemark>
					<name>Stockhorn Startplatz 2</name>
					<description><![CDATA[Startplatz, Startrichtung SO-SW<br/>Gemeinde Erlenbach, Höhe NN 2105m<br/><a href="https://service.dhv.de/db2/details.php?qi=glp_details&amp;popup=1&amp;item=1600" target="_blank">Details anzeigen</a>]]></description>
					<styleUrl>#dhv_startplatz</styleUrl>
					<Point>
						<coordinates>7.537648,46.693304</coordinates>
					</Point>
				</Placemark>
				<Placemark>
					<name>Stockhorn Startplatz 1</name>
					<description><![CDATA[Startplatz, Startrichtung SO-SW<br/>Gemeinde Erlenbach, Höhe NN 2082m<br/><a href="https://service.dhv.de/db2/details.php?qi=glp_details&amp;popup=1&amp;item=1600" target="_blank">Details anzeigen</a>]]></description>
					<styleUrl>#dhv_startplatz</styleUrl>
					<Point>
						<coordinates>7.537631,46.692731</coordinates>
					</Point>
				</Placemark>
				<Placemark>
					<name>Stockhorn Landeplatz 1</name>
					<description><![CDATA[Landeplatz<br/>Gemeinde Erlenbach, Höhe NN 696m<br/><a href="https://service.dhv.de/db2/details.php?qi=glp_details&amp;popup=1&amp;item=1600" target="_blank">Details anzeigen</a>]]></description>
					<styleUrl>#dhv_landeplatz</styleUrl>
					<Point>
						<coordinates>7.528525,46.658164</coordinates>
					</Point>
				</Placemark>
				<Placemark>
					<name>Stockhorn Landeplatz 2</name>
					<description><![CDATA[Landeplatz<br/>Gemeinde Blumenstein, Höhe NN 678m<br/><a href="https://service.dhv.de/db2/details.php?qi=glp_details&amp;popup=1&amp;item=1600" target="_blank">Details anzeigen</a>]]></description>
					<styleUrl>#dhv_landeplatz</styleUrl>
					<Point>
						<coordinates>7.527881,46.745767</coordinates>
					</Point>
				</Placemark>
			</Folder>
			<Folder>
				<name>Tschentenalp</name>
				<description><![CDATA[Hanggelände für Gleitschirme<br/>Max. Höhendifferenz 772m.<br/><a href="https://service.dhv.de/db2/details.php?qi=glp_details&amp;popup=1&amp;item=1598">Details anzeigen</a>]]></description>
				<styleUrl>#dhv_gelaende</styleUrl>
				<open>0</open>
				<Placemark>
					<name>Tschentenalp Startplatz 1</name>
					<description><![CDATA[Startplatz, Startrichtung S, N<br/>Gemeinde Adelboden, Höhe NN 2024m<br/><a href="https://service.dhv.de/db2/details.php?qi=glp_details&amp;popup=1&amp;item=1598" target="_blank">Details anzeigen</a>]]></description>
					<styleUrl>#dhv_startplatz</styleUrl>
					<Point>
						<coordinates>7.541617,46.497117</coordinates>
					</Point>
				</Placemark>
				<Placemark>
					<name>Tschentenalp Startplatz 2</name>
					<description><![CDATA[Startplatz, Startrichtung SO-S, N<br/>Gemeinde Adelboden, Höhe NN 1920m<br/><a href="https://service.dhv.de/db2/details.php?qi=glp_details&amp;popup=1&amp;item=1598" target="_blank">Details anzeigen</a>]]></description>
					<styleUrl>#dhv_startplatz</styleUrl>
					<Point>
						<coordinates>7.547458,46.499222</coordinates>
					</Point>
				</Placemark>
				<Placemark>
					<name>Tschentenalp Landeplatz 1</name>
					<description><![CDATA[Landeplatz<br/>Gemeinde Adelboden, Höhe NN 1287m<br/><a href="https://service.dhv.de/db2/details.php?qi=glp_details&amp;popup=1&amp;item=1598" target="_blank">Details anzeigen</a>]]></description>
					<styleUrl>#dhv_landeplatz</styleUrl>
					<Point>
						<coordinates>7.559144,46.479072</coordinates>
					</Point>
				</Placemark>
				<Placemark>
					<name>Tschentenalp Landeplatz 2</name>
					<description><![CDATA[Landeplatz<br/>Gemeinde Adelboden, Höhe NN 1284m<br/><a href="https://service.dhv.de/db2/details.php?qi=glp_details&amp;popup=1&amp;item=1598" target="_blank">Details anzeigen</a>]]></description>
					<styleUrl>#dhv_landeplatz</styleUrl>
					<Point>
						<coordinates>7.560364,46.480125</coordinates>
					</Point>
				</Placemark>
				<Placemark>
					<name>Tschentenalp Landeplatz 3</name>
					<description><![CDATA[Landeplatz<br/>Gemeinde Adelboden, Höhe NN 1252m<br/><a href="https://service.dhv.de/db2/details.php?qi=glp_details&amp;popup=1&amp;item=1598" target="_blank">Details anzeigen</a>]]></description>
					<styleUrl>#dhv_landeplatz</styleUrl>
					<Point>
						<coordinates>7.562428,46.489014</coordinates>
					</Point>
				</Placemark>
			</Folder>
			<Folder>
				<name>Tschuggen</name>
				<description><![CDATA[Hanggelände für Gleitschirme<br/>Max. Höhendifferenz 1452m.<br/><a href="https://service.dhv.de/db2/details.php?qi=glp_details&amp;popup=1&amp;item=5265">Details anzeigen</a>]]></description>
				<styleUrl>#dhv_gelaende</styleUrl>
				<open>0</open>
				<Placemark>
					<name>Tschuggen Startplatz</name>
					<description><![CDATA[Startplatz, Startrichtung SW-W<br/>Gemeinde Lauterbrunnen, Höhe NN 2245m<br/><a href="https://service.dhv.de/db2/details.php?qi=glp_details&amp;popup=1&amp;item=5265" target="_blank">Details anzeigen</a>]]></description>
					<styleUrl>#dhv_startplatz</styleUrl>
					<Point>
						<coordinates>7.945033,46.606419</coordinates>
					</Point>
				</Placemark>
			</Folder>
			<Folder>
				<name>Waldspitz</name>
				<description><![CDATA[Hanggelände für Gleitschirme und Hängegleiter<br/>Max. Höhendifferenz 1040m.<br/><a href="https://service.dhv.de/db2/details.php?qi=glp_details&amp;popup=1&amp;item=1586">Details anzeigen</a>]]></description>
				<styleUrl>#dhv_gelaende</styleUrl>
				<open>0</open>
				<Placemark>
					<name>Waldspitz Startplatz</name>
					<description><![CDATA[Startplatz, Startrichtung SO-S<br/>Gemeinde Grindelwald, Höhe NN 1990m<br/><a href="https://service.dhv.de/db2/details.php?qi=glp_details&amp;popup=1&amp;item=1586" target="_blank">Details anzeigen</a>]]></description>
					<styleUrl>#dhv_startplatz</styleUrl>
					<Point>
						<coordinates>8.041861,46.652481</coordinates>
					</Point>
				</Placemark>
				<Placemark>
					<name>First Landeplatz Bodmi</name>
					<description><![CDATA[Landeplatz<br/>Gemeinde Grindelwald, Höhe NN 1129m<br/><a href="https://service.dhv.de/db2/details.php?qi=glp_details&amp;popup=1&amp;item=1586" target="_blank">Details anzeigen</a>]]></description>
					<styleUrl>#dhv_landeplatz</styleUrl>
					<Point>
						<coordinates>8.043319,46.628758</coordinates>
					</Point>
				</Placemark>
				<Placemark>
					<name>First Landeplatz Grund</name>
					<description><![CDATA[Landeplatz<br/>Gemeinde Grindelwald, Höhe NN 950m<br/><a href="https://service.dhv.de/db2/details.php?qi=glp_details&amp;popup=1&amp;item=1586" target="_blank">Details anzeigen</a>]]></description>
					<styleUrl>#dhv_landeplatz</styleUrl>
					<Point>
						<coordinates>8.029056,46.620292</coordinates>
					</Point>
				</Placemark>
			</Folder>
			<Folder>
				<name>Walenmatt</name>
				<description><![CDATA[Hanggelände für Gleitschirme<br/>Max. Höhendifferenz 566m.<br/><a href="https://service.dhv.de/db2/details.php?qi=glp_details&amp;popup=1&amp;item=1780">Details anzeigen</a>]]></description>
				<styleUrl>#dhv_gelaende</styleUrl>
				<open>0</open>
				<Placemark>
					<name>Walenmatt Startplatz</name>
					<description><![CDATA[Startplatz, Startrichtung NW<br/>Gemeinde Cremines, Höhe NN 1229m<br/><a href="https://service.dhv.de/db2/details.php?qi=glp_details&amp;popup=1&amp;item=1780" target="_blank">Details anzeigen</a>]]></description>
					<styleUrl>#dhv_startplatz</styleUrl>
					<Point>
						<coordinates>7.485753,47.284622</coordinates>
					</Point>
				</Placemark>
				<Placemark>
					<name>Walenmatt Landeplatz</name>
					<description><![CDATA[Landeplatz<br/>Gemeinde Cremines, Höhe NN 663m<br/><a href="https://service.dhv.de/db2/details.php?qi=glp_details&amp;popup=1&amp;item=1780" target="_blank">Details anzeigen</a>]]></description>
					<styleUrl>#dhv_landeplatz</styleUrl>
					<Point>
						<coordinates>7.462971,47.288216</coordinates>
					</Point>
				</Placemark>
			</Folder>
			<Folder>
				<name>Wasserngrat</name>
				<description><![CDATA[Hanggelände für Gleitschirme<br/>Max. Höhendifferenz 966m.<br/><a href="https://service.dhv.de/db2/details.php?qi=glp_details&amp;popup=1&amp;item=1607">Details anzeigen</a>]]></description>
				<styleUrl>#dhv_gelaende</styleUrl>
				<open>0</open>
				<Placemark>
					<name>Wasserngrat Startplatz 1</name>
					<description><![CDATA[Startplatz, Startrichtung SW-NW<br/>Gemeinde Gstaad, Höhe NN 2015m<br/><a href="https://service.dhv.de/db2/details.php?qi=glp_details&amp;popup=1&amp;item=1607" target="_blank">Details anzeigen</a>]]></description>
					<styleUrl>#dhv_startplatz</styleUrl>
					<Point>
						<coordinates>7.325250,46.455694</coordinates>
					</Point>
				</Placemark>
				<Placemark>
					<name>Wasserngrat Startplatz 2</name>
					<description><![CDATA[Startplatz, Startrichtung NW<br/>Gemeinde Gstaad, Höhe NN 1818m<br/><a href="https://service.dhv.de/db2/details.php?qi=glp_details&amp;popup=1&amp;item=1607" target="_blank">Details anzeigen</a>]]></description>
					<styleUrl>#dhv_startplatz</styleUrl>
					<Point>
						<coordinates>7.322433,46.459356</coordinates>
					</Point>
				</Placemark>
				<Placemark>
					<name>Wispile Landeplatz</name>
					<description><![CDATA[Landeplatz<br/>Gemeinde Gstaad, Höhe NN 1049m<br/><a href="https://service.dhv.de/db2/details.php?qi=glp_details&amp;popup=1&amp;item=1607" target="_blank">Details anzeigen</a>]]></description>
					<styleUrl>#dhv_landeplatz</styleUrl>
					<Point>
						<coordinates>7.283408,46.461586</coordinates>
					</Point>
				</Placemark>
			</Folder>
			<Folder>
				<name>Wasserscheide</name>
				<description><![CDATA[Hanggelände für Gleitschirme<br/><a href="https://service.dhv.de/db2/details.php?qi=glp_details&amp;popup=1&amp;item=1781">Details anzeigen</a>]]></description>
				<styleUrl>#dhv_gelaende</styleUrl>
				<open>0</open>
				<Placemark>
					<name>Wasserscheide Startplatz</name>
					<description><![CDATA[Startplatz, Startrichtung NO-SO<br/>Gemeinde Blumenstein, Höhe NN 1604m<br/><a href="https://service.dhv.de/db2/details.php?qi=glp_details&amp;popup=1&amp;item=1781" target="_blank">Details anzeigen</a>]]></description>
					<styleUrl>#dhv_startplatz</styleUrl>
					<Point>
						<coordinates>7.445956,46.721772</coordinates>
					</Point>
				</Placemark>
			</Folder>
			<Folder>
				<name>Weissenberg</name>
				<description><![CDATA[Hanggelände für Gleitschirme und Hängegleiter<br/>Max. Höhendifferenz 632m.<br/><a href="https://service.dhv.de/db2/details.php?qi=glp_details&amp;popup=1&amp;item=1911">Details anzeigen</a>]]></description>
				<styleUrl>#dhv_gelaende</styleUrl>
				<open>0</open>
				<Placemark>
					<name>Weissenberg Startplatz</name>
					<description><![CDATA[Startplatz, Startrichtung SW-NW<br/>Gemeinde Lenk, Höhe NN 1694m<br/><a href="https://service.dhv.de/db2/details.php?qi=glp_details&amp;popup=1&amp;item=1911" target="_blank">Details anzeigen</a>]]></description>
					<styleUrl>#dhv_startplatz</styleUrl>
					<Point>
						<coordinates>7.447014,46.489294</coordinates>
					</Point>
				</Placemark>
				<Placemark>
					<name>Flöschhorn Landeplatz</name>
					<description><![CDATA[Landeplatz<br/>Gemeinde Lenk, Höhe NN 1062m<br/><a href="https://service.dhv.de/db2/details.php?qi=glp_details&amp;popup=1&amp;item=1911" target="_blank">Details anzeigen</a>]]></description>
					<styleUrl>#dhv_landeplatz</styleUrl>
					<Point>
						<coordinates>7.436061,46.464581</coordinates>
					</Point>
				</Placemark>
			</Folder>
			<Folder>
				<name>Windeck</name>
				<description><![CDATA[Hanggelände für Gleitschirme<br/>Max. Höhendifferenz 1261m.<br/><a href="https://service.dhv.de/db2/details.php?qi=glp_details&amp;popup=1&amp;item=1577">Details anzeigen</a>]]></description>
				<styleUrl>#dhv_gelaende</styleUrl>
				<open>0</open>
				<Placemark>
					<name>Windeck Startplatz</name>
					<description><![CDATA[Startplatz, Startrichtung W-N<br/>Gemeinde Brienz, Höhe NN 1823m<br/><a href="https://service.dhv.de/db2/details.php?qi=glp_details&amp;popup=1&amp;item=1577" target="_blank">Details anzeigen</a>]]></description>
					<styleUrl>#dhv_startplatz</styleUrl>
					<Point>
						<coordinates>8.036683,46.711600</coordinates>
					</Point>
				</Placemark>
				<Placemark>
					<name>Axalp Skiberg Landeplatz Forsthaus</name>
					<description><![CDATA[Landeplatz<br/>Gemeinde Brienz, Höhe NN 562m<br/><a href="https://service.dhv.de/db2/details.php?qi=glp_details&amp;popup=1&amp;item=1577" target="_blank">Details anzeigen</a>]]></description>
					<styleUrl>#dhv_landeplatz</styleUrl>
					<Point>
						<coordinates>8.050358,46.740947</coordinates>
					</Point>
				</Placemark>
			</Folder>
			<Folder>
				<name>Wispile</name>
				<description><![CDATA[Hanggelände für Gleitschirme<br/>Max. Höhendifferenz 875m.<br/><a href="https://service.dhv.de/db2/details.php?qi=glp_details&amp;popup=1&amp;item=1603">Details anzeigen</a>]]></description>
				<styleUrl>#dhv_gelaende</styleUrl>
				<open>0</open>
				<Placemark>
					<name>Wispile Startplatz 1</name>
					<description><![CDATA[Startplatz, Startrichtung O<br/>Gemeinde Gstaad, Höhe NN 1924m<br/><a href="https://service.dhv.de/db2/details.php?qi=glp_details&amp;popup=1&amp;item=1603" target="_blank">Details anzeigen</a>]]></description>
					<styleUrl>#dhv_startplatz</styleUrl>
					<Point>
						<coordinates>7.293406,46.436794</coordinates>
					</Point>
				</Placemark>
				<Placemark>
					<name>Wispile Startplatz 3</name>
					<description><![CDATA[Startplatz, Startrichtung N<br/>Gemeinde Gstaad, Höhe NN 1895m<br/><a href="https://service.dhv.de/db2/details.php?qi=glp_details&amp;popup=1&amp;item=1603" target="_blank">Details anzeigen</a>]]></description>
					<styleUrl>#dhv_startplatz</styleUrl>
					<Point>
						<coordinates>7.292881,46.440072</coordinates>
					</Point>
				</Placemark>
				<Placemark>
					<name>Wispile Startplatz 2</name>
					<description><![CDATA[Startplatz, Startrichtung W<br/>Gemeinde Gstaad, Höhe NN 1894m<br/><a href="https://service.dhv.de/db2/details.php?qi=glp_details&amp;popup=1&amp;item=1603" target="_blank">Details anzeigen</a>]]></description>
					<styleUrl>#dhv_startplatz</styleUrl>
					<Point>
						<coordinates>7.292106,46.440044</coordinates>
					</Point>
				</Placemark>
				<Placemark>
					<name>Wispile Landeplatz</name>
					<description><![CDATA[Landeplatz<br/>Gemeinde Gstaad, Höhe NN 1049m<br/><a href="https://service.dhv.de/db2/details.php?qi=glp_details&amp;popup=1&amp;item=1603" target="_blank">Details anzeigen</a>]]></description>
					<styleUrl>#dhv_landeplatz</styleUrl>
					<Point>
						<coordinates>7.283408,46.461586</coordinates>
					</Point>
				</Placemark>
			</Folder>
			<Folder>
				<name>Wurmegg</name>
				<description><![CDATA[Hanggelände für Gleitschirme und Hängegleiter<br/>Max. Höhendifferenz 849m.<br/><a href="https://service.dhv.de/db2/details.php?qi=glp_details&amp;popup=1&amp;item=1592">Details anzeigen</a>]]></description>
				<styleUrl>#dhv_gelaende</styleUrl>
				<open>0</open>
				<Placemark>
					<name>Wurmegg Startplatz</name>
					<description><![CDATA[Startplatz, Startrichtung O<br/>Gemeinde Stechelberg, Höhe NN 1707m<br/><a href="https://service.dhv.de/db2/details.php?qi=glp_details&amp;popup=1&amp;item=1592" target="_blank">Details anzeigen</a>]]></description>
					<styleUrl>#dhv_startplatz</styleUrl>
					<Point>
						<coordinates>7.887656,46.556222</coordinates>
					</Point>
				</Placemark>
				<Placemark>
					<name>Schilthorn Landeplatz</name>
					<description><![CDATA[Landeplatz<br/>Gemeinde Stechelberg, Höhe NN 858m<br/><a href="https://service.dhv.de/db2/details.php?qi=glp_details&amp;popup=1&amp;item=1592" target="_blank">Details anzeigen</a>]]></description>
					<styleUrl>#dhv_landeplatz</styleUrl>
					<Point>
						<coordinates>7.902328,46.556122</coordinates>
					</Point>
				</Placemark>
			</Folder>
		</Folder>
		<Folder>
			<name>Fribourg</name>
			<open>0</open>
			<Folder>
				<name>Gurli</name>
				<description><![CDATA[Hanggelände für Gleitschirme und Hängegleiter<br/>Max. Höhendifferenz 562m.<br/><a href="https://service.dhv.de/db2/details.php?qi=glp_details&amp;popup=1&amp;item=2056">Details anzeigen</a>]]></description>
				<styleUrl>#dhv_gelaende</styleUrl>
				<open>0</open>
				<Placemark>
					<name>Gurli Startplatz</name>
					<description><![CDATA[Startplatz, Startrichtung NO<br/>Gemeinde Plaffeien, Höhe NN 1415m<br/><a href="https://service.dhv.de/db2/details.php?qi=glp_details&amp;popup=1&amp;item=2056" target="_blank">Details anzeigen</a>]]></description>
					<styleUrl>#dhv_startplatz</styleUrl>
					<Point>
						<coordinates>7.282798,46.713530</coordinates>
					</Point>
				</Placemark>
				<Placemark>
					<name>Gurli Landeplatz 1</name>
					<description><![CDATA[Landeplatz<br/>Gemeinde Plaffeien, Höhe NN 876m<br/><a href="https://service.dhv.de/db2/details.php?qi=glp_details&amp;popup=1&amp;item=2056" target="_blank">Details anzeigen</a>]]></description>
					<styleUrl>#dhv_landeplatz</styleUrl>
					<Point>
						<coordinates>7.290729,46.725690</coordinates>
					</Point>
				</Placemark>
				<Placemark>
					<name>Gurli Landeplatz 2</name>
					<description><![CDATA[Landeplatz<br/>Gemeinde Plaffeien, Höhe NN 853m<br/><a href="https://service.dhv.de/db2/details.php?qi=glp_details&amp;popup=1&amp;item=2056" target="_blank">Details anzeigen</a>]]></description>
					<styleUrl>#dhv_landeplatz</styleUrl>
					<Point>
						<coordinates>7.293664,46.740394</coordinates>
					</Point>
				</Placemark>
			</Folder>
			<Folder>
				<name>Hohmattli</name>
				<description><![CDATA[Hanggelände für Gleitschirme<br/>Max. Höhendifferenz 727m.<br/><a href="https://service.dhv.de/db2/details.php?qi=glp_details&amp;popup=1&amp;item=5239">Details anzeigen</a>]]></description>
				<styleUrl>#dhv_gelaende</styleUrl>
				<open>0</open>
				<Placemark>
					<name>Hohmattli Startplatz 2</name>
					<description><![CDATA[Startplatz, Startrichtung N<br/>Gemeinde Schwarzsee, Höhe NN 1773m<br/><a href="https://service.dhv.de/db2/details.php?qi=glp_details&amp;popup=1&amp;item=5239" target="_blank">Details anzeigen</a>]]></description>
					<styleUrl>#dhv_startplatz</styleUrl>
					<Point>
						<coordinates>7.318147,46.669258</coordinates>
					</Point>
				</Placemark>
				<Placemark>
					<name>Hohmattli Startplatz 1</name>
					<description><![CDATA[Startplatz, Startrichtung W-NW<br/>Gemeinde Schwarzsee, Höhe NN 1696m<br/><a href="https://service.dhv.de/db2/details.php?qi=glp_details&amp;popup=1&amp;item=5239" target="_blank">Details anzeigen</a>]]></description>
					<styleUrl>#dhv_startplatz</styleUrl>
					<Point>
						<coordinates>7.316222,46.660903</coordinates>
					</Point>
				</Placemark>
				<Placemark>
					<name>Riggisalp Landeplatz</name>
					<description><![CDATA[Landeplatz<br/>Gemeinde Schwarzsee, Höhe NN 1046m<br/><a href="https://service.dhv.de/db2/details.php?qi=glp_details&amp;popup=1&amp;item=5239" target="_blank">Details anzeigen</a>]]></description>
					<styleUrl>#dhv_landeplatz</styleUrl>
					<Point>
						<coordinates>7.280314,46.668319</coordinates>
					</Point>
				</Placemark>
			</Folder>
			<Folder>
				<name>La Vudalla</name>
				<description><![CDATA[Hanggelände für Gleitschirme<br/>Max. Höhendifferenz 495m.<br/><a href="https://service.dhv.de/db2/details.php?qi=glp_details&amp;popup=1&amp;item=2054">Details anzeigen</a>]]></description>
				<styleUrl>#dhv_gelaende</styleUrl>
				<open>0</open>
				<Placemark>
					<name>La Vudalla Startplatz</name>
					<description><![CDATA[Startplatz, Startrichtung NW, SO<br/>Gemeinde Moleson, Höhe NN 1609m<br/><a href="https://service.dhv.de/db2/details.php?qi=glp_details&amp;popup=1&amp;item=2054" target="_blank">Details anzeigen</a>]]></description>
					<styleUrl>#dhv_startplatz</styleUrl>
					<Point>
						<coordinates>7.045519,46.550878</coordinates>
					</Point>
				</Placemark>
				<Placemark>
					<name>La Vudalla Landeplatz</name>
					<description><![CDATA[Landeplatz<br/>Gemeinde Moleson, Höhe NN 1114m<br/><a href="https://service.dhv.de/db2/details.php?qi=glp_details&amp;popup=1&amp;item=2054" target="_blank">Details anzeigen</a>]]></description>
					<styleUrl>#dhv_landeplatz</styleUrl>
					<Point>
						<coordinates>7.036525,46.562539</coordinates>
					</Point>
				</Placemark>
			</Folder>
			<Folder>
				<name>Le Levanchy</name>
				<description><![CDATA[Hanggelände für Gleitschirme<br/>Max. Höhendifferenz 617m.<br/><a href="https://service.dhv.de/db2/details.php?qi=glp_details&amp;popup=1&amp;item=1735">Details anzeigen</a>]]></description>
				<styleUrl>#dhv_gelaende</styleUrl>
				<open>0</open>
				<Placemark>
					<name>Le Levanchy Startplatz</name>
					<description><![CDATA[Startplatz, Startrichtung NW<br/>Gemeinde Grandvillard, Höhe NN 1358m<br/><a href="https://service.dhv.de/db2/details.php?qi=glp_details&amp;popup=1&amp;item=1735" target="_blank">Details anzeigen</a>]]></description>
					<styleUrl>#dhv_startplatz</styleUrl>
					<Point>
						<coordinates>7.113042,46.545542</coordinates>
					</Point>
				</Placemark>
				<Placemark>
					<name>Le Levanchy Landeplatz</name>
					<description><![CDATA[Landeplatz<br/>Gemeinde Grandvillard, Höhe NN 741m<br/><a href="https://service.dhv.de/db2/details.php?qi=glp_details&amp;popup=1&amp;item=1735" target="_blank">Details anzeigen</a>]]></description>
					<styleUrl>#dhv_landeplatz</styleUrl>
					<Point>
						<coordinates>7.092639,46.545461</coordinates>
					</Point>
				</Placemark>
			</Folder>
			<Folder>
				<name>Mont Moleson</name>
				<description><![CDATA[Hanggelände für Gleitschirme und Hängegleiter<br/>Max. Höhendifferenz 1252m.<br/><a href="https://service.dhv.de/db2/details.php?qi=glp_details&amp;popup=1&amp;item=2055">Details anzeigen</a>]]></description>
				<styleUrl>#dhv_gelaende</styleUrl>
				<open>0</open>
				<Placemark>
					<name>Mont Moleson Startplatz</name>
					<description><![CDATA[Startplatz, Startrichtung NO-SO<br/>Gemeinde Moleson, Höhe NN 1994m<br/><a href="https://service.dhv.de/db2/details.php?qi=glp_details&amp;popup=1&amp;item=2055" target="_blank">Details anzeigen</a>]]></description>
					<styleUrl>#dhv_startplatz</styleUrl>
					<Point>
						<coordinates>7.016969,46.548803</coordinates>
					</Point>
				</Placemark>
				<Placemark>
					<name>La Vudalla Landeplatz</name>
					<description><![CDATA[Landeplatz<br/>Gemeinde Moleson, Höhe NN 1114m<br/><a href="https://service.dhv.de/db2/details.php?qi=glp_details&amp;popup=1&amp;item=2055" target="_blank">Details anzeigen</a>]]></description>
					<styleUrl>#dhv_landeplatz</styleUrl>
					<Point>
						<coordinates>7.036525,46.562539</coordinates>
					</Point>
				</Placemark>
				<Placemark>
					<name>Mont Moleson Landeplatz</name>
					<description><![CDATA[Landeplatz<br/>Gemeinde Grandvillard, Höhe NN 742m<br/><a href="https://service.dhv.de/db2/details.php?qi=glp_details&amp;popup=1&amp;item=2055" target="_blank">Details anzeigen</a>]]></description>
					<styleUrl>#dhv_landeplatz</styleUrl>
					<Point>
						<coordinates>7.092367,46.545550</coordinates>
					</Point>
				</Placemark>
			</Folder>
			<Folder>
				<name>Pfeiffe</name>
				<description><![CDATA[Hanggelände für Gleitschirme und Hängegleiter<br/>Max. Höhendifferenz 810m.<br/><a href="https://service.dhv.de/db2/details.php?qi=glp_details&amp;popup=1&amp;item=2057">Details anzeigen</a>]]></description>
				<styleUrl>#dhv_gelaende</styleUrl>
				<open>0</open>
				<Placemark>
					<name>Pfeiffe Startplatz</name>
					<description><![CDATA[Startplatz, Startrichtung NW<br/>Gemeinde Plaffeien, Höhe NN 1663m<br/><a href="https://service.dhv.de/db2/details.php?qi=glp_details&amp;popup=1&amp;item=2057" target="_blank">Details anzeigen</a>]]></description>
					<styleUrl>#dhv_startplatz</styleUrl>
					<Point>
						<coordinates>7.371756,46.741147</coordinates>
					</Point>
				</Placemark>
				<Placemark>
					<name>Gurli Landeplatz 1</name>
					<description><![CDATA[Landeplatz<br/>Gemeinde Plaffeien, Höhe NN 876m<br/><a href="https://service.dhv.de/db2/details.php?qi=glp_details&amp;popup=1&amp;item=2057" target="_blank">Details anzeigen</a>]]></description>
					<styleUrl>#dhv_landeplatz</styleUrl>
					<Point>
						<coordinates>7.290729,46.725690</coordinates>
					</Point>
				</Placemark>
				<Placemark>
					<name>Gurli Landeplatz 2</name>
					<description><![CDATA[Landeplatz<br/>Gemeinde Plaffeien, Höhe NN 853m<br/><a href="https://service.dhv.de/db2/details.php?qi=glp_details&amp;popup=1&amp;item=2057" target="_blank">Details anzeigen</a>]]></description>
					<styleUrl>#dhv_landeplatz</styleUrl>
					<Point>
						<coordinates>7.293664,46.740394</coordinates>
					</Point>
				</Placemark>
			</Folder>
			<Folder>
				<name>Phyffe</name>
				<description><![CDATA[Hanggelände für Gleitschirme und Hängegleiter<br/>Max. Höhendifferenz 553m.<br/><a href="https://service.dhv.de/db2/details.php?qi=glp_details&amp;popup=1&amp;item=5238">Details anzeigen</a>]]></description>
				<styleUrl>#dhv_gelaende</styleUrl>
				<open>0</open>
				<Placemark>
					<name>Phyffe Startplatz</name>
					<description><![CDATA[Startplatz, Startrichtung W-NO<br/>Gemeinde Platteien, Höhe NN 1406m<br/><a href="https://service.dhv.de/db2/details.php?qi=glp_details&amp;popup=1&amp;item=5238" target="_blank">Details anzeigen</a>]]></description>
					<styleUrl>#dhv_startplatz</styleUrl>
					<Point>
						<coordinates>7.329375,46.731158</coordinates>
					</Point>
				</Placemark>
				<Placemark>
					<name>Gurli Landeplatz 1</name>
					<description><![CDATA[Landeplatz<br/>Gemeinde Plaffeien, Höhe NN 876m<br/><a href="https://service.dhv.de/db2/details.php?qi=glp_details&amp;popup=1&amp;item=5238" target="_blank">Details anzeigen</a>]]></description>
					<styleUrl>#dhv_landeplatz</styleUrl>
					<Point>
						<coordinates>7.290729,46.725690</coordinates>
					</Point>
				</Placemark>
				<Placemark>
					<name>Gurli Landeplatz 2</name>
					<description><![CDATA[Landeplatz<br/>Gemeinde Plaffeien, Höhe NN 853m<br/><a href="https://service.dhv.de/db2/details.php?qi=glp_details&amp;popup=1&amp;item=5238" target="_blank">Details anzeigen</a>]]></description>
					<styleUrl>#dhv_landeplatz</styleUrl>
					<Point>
						<coordinates>7.293664,46.740394</coordinates>
					</Point>
				</Placemark>
			</Folder>
			<Folder>
				<name>Riggisalp</name>
				<description><![CDATA[Hanggelände für Gleitschirme<br/>Max. Höhendifferenz 429m.<br/><a href="https://service.dhv.de/db2/details.php?qi=glp_details&amp;popup=1&amp;item=1760">Details anzeigen</a>]]></description>
				<styleUrl>#dhv_gelaende</styleUrl>
				<open>0</open>
				<Placemark>
					<name>Riggisalp Startplatz</name>
					<description><![CDATA[Startplatz, Startrichtung NW-N<br/>Gemeinde Schwarzsee, Höhe NN 1475m<br/><a href="https://service.dhv.de/db2/details.php?qi=glp_details&amp;popup=1&amp;item=1760" target="_blank">Details anzeigen</a>]]></description>
					<styleUrl>#dhv_startplatz</styleUrl>
					<Point>
						<coordinates>7.293603,46.659214</coordinates>
					</Point>
				</Placemark>
				<Placemark>
					<name>Riggisalp Landeplatz</name>
					<description><![CDATA[Landeplatz<br/>Gemeinde Schwarzsee, Höhe NN 1046m<br/><a href="https://service.dhv.de/db2/details.php?qi=glp_details&amp;popup=1&amp;item=1760" target="_blank">Details anzeigen</a>]]></description>
					<styleUrl>#dhv_landeplatz</styleUrl>
					<Point>
						<coordinates>7.280314,46.668319</coordinates>
					</Point>
				</Placemark>
			</Folder>
			<Folder>
				<name>Schwyberg</name>
				<description><![CDATA[Hanggelände für Gleitschirme und Hängegleiter<br/>Max. Höhendifferenz 567m.<br/><a href="https://service.dhv.de/db2/details.php?qi=glp_details&amp;popup=1&amp;item=1962">Details anzeigen</a>]]></description>
				<styleUrl>#dhv_gelaende</styleUrl>
				<open>0</open>
				<Placemark>
					<name>Schwyberg Startplatz</name>
					<description><![CDATA[Startplatz, Startrichtung SO-SW<br/>Gemeinde Schwarzsee, Höhe NN 1613m<br/><a href="https://service.dhv.de/db2/details.php?qi=glp_details&amp;popup=1&amp;item=1962" target="_blank">Details anzeigen</a>]]></description>
					<styleUrl>#dhv_startplatz</styleUrl>
					<Point>
						<coordinates>7.261106,46.677042</coordinates>
					</Point>
				</Placemark>
				<Placemark>
					<name>Riggisalp Landeplatz</name>
					<description><![CDATA[Landeplatz<br/>Gemeinde Schwarzsee, Höhe NN 1046m<br/><a href="https://service.dhv.de/db2/details.php?qi=glp_details&amp;popup=1&amp;item=1962" target="_blank">Details anzeigen</a>]]></description>
					<styleUrl>#dhv_landeplatz</styleUrl>
					<Point>
						<coordinates>7.280314,46.668319</coordinates>
					</Point>
				</Placemark>
			</Folder>
			<Folder>
				<name>Vounetse</name>
				<description><![CDATA[Hanggelände für Gleitschirme<br/>Max. Höhendifferenz 732m.<br/><a href="https://service.dhv.de/db2/details.php?qi=glp_details&amp;popup=1&amp;item=1779">Details anzeigen</a>]]></description>
				<styleUrl>#dhv_gelaende</styleUrl>
				<open>0</open>
				<Placemark>
					<name>Vounetse Startplatz</name>
					<description><![CDATA[Startplatz, Startrichtung SW, NO<br/>Gemeinde Charmey, Höhe NN 1600m<br/><a href="https://service.dhv.de/db2/details.php?qi=glp_details&amp;popup=1&amp;item=1779" target="_blank">Details anzeigen</a>]]></description>
					<styleUrl>#dhv_startplatz</styleUrl>
					<Point>
						<coordinates>7.205897,46.625342</coordinates>
					</Point>
				</Placemark>
				<Placemark>
					<name>Vounetse Landeplatz</name>
					<description><![CDATA[Landeplatz<br/>Gemeinde Charmey, Höhe NN 868m<br/><a href="https://service.dhv.de/db2/details.php?qi=glp_details&amp;popup=1&amp;item=1779" target="_blank">Details anzeigen</a>]]></description>
					<styleUrl>#dhv_landeplatz</styleUrl>
					<Point>
						<coordinates>7.169244,46.618231</coordinates>
					</Point>
				</Placemark>
			</Folder>
		</Folder>
		<Folder>
			<name>Glarus</name>
			<open>0</open>
			<Folder>
				<name>Bärensolspitz</name>
				<description><![CDATA[Hanggelände für Gleitschirme<br/>Max. Höhendifferenz 1377m.<br/><a href="https://service.dhv.de/db2/details.php?qi=glp_details&amp;popup=1&amp;item=2060">Details anzeigen</a>]]></description>
				<styleUrl>#dhv_gelaende</styleUrl>
				<open>0</open>
				<Placemark>
					<name>Bärensolspitz Startplatz</name>
					<description><![CDATA[Startplatz, Startrichtung SO-S<br/>Gemeinde Näfels, Höhe NN 1812m<br/><a href="https://service.dhv.de/db2/details.php?qi=glp_details&amp;popup=1&amp;item=2060" target="_blank">Details anzeigen</a>]]></description>
					<styleUrl>#dhv_startplatz</styleUrl>
					<Point>
						<coordinates>8.996386,47.100239</coordinates>
					</Point>
				</Placemark>
				<Placemark>
					<name>Bärensolspitz Landeplatz 1</name>
					<description><![CDATA[Landeplatz<br/>Gemeinde Näfels, Höhe NN 998m<br/><a href="https://service.dhv.de/db2/details.php?qi=glp_details&amp;popup=1&amp;item=2060" target="_blank">Details anzeigen</a>]]></description>
					<styleUrl>#dhv_landeplatz</styleUrl>
					<Point>
						<coordinates>8.997997,47.084561</coordinates>
					</Point>
				</Placemark>
				<Placemark>
					<name>Bärensolspitz Landeplatz 2</name>
					<description><![CDATA[Landeplatz<br/>Gemeinde Näfels, Höhe NN 435m<br/><a href="https://service.dhv.de/db2/details.php?qi=glp_details&amp;popup=1&amp;item=2060" target="_blank">Details anzeigen</a>]]></description>
					<styleUrl>#dhv_landeplatz</styleUrl>
					<Point>
						<coordinates>9.067937,47.109782</coordinates>
					</Point>
				</Placemark>
			</Folder>
			<Folder>
				<name>Bodenberg</name>
				<description><![CDATA[Hanggelände für Gleitschirme<br/>Max. Höhendifferenz 668m.<br/><a href="https://service.dhv.de/db2/details.php?qi=glp_details&amp;popup=1&amp;item=2059">Details anzeigen</a>]]></description>
				<styleUrl>#dhv_gelaende</styleUrl>
				<open>0</open>
				<Placemark>
					<name>Bodenberg Startplatz</name>
					<description><![CDATA[Startplatz, Startrichtung SO<br/>Gemeinde Luchsingen, Höhe NN 1226m<br/><a href="https://service.dhv.de/db2/details.php?qi=glp_details&amp;popup=1&amp;item=2059" target="_blank">Details anzeigen</a>]]></description>
					<styleUrl>#dhv_startplatz</styleUrl>
					<Point>
						<coordinates>9.024197,46.973486</coordinates>
					</Point>
				</Placemark>
				<Placemark>
					<name>Leuggelstock Landeplatz</name>
					<description><![CDATA[Landeplatz<br/>Gemeinde Luchsingen, Höhe NN 558m<br/><a href="https://service.dhv.de/db2/details.php?qi=glp_details&amp;popup=1&amp;item=2059" target="_blank">Details anzeigen</a>]]></description>
					<styleUrl>#dhv_landeplatz</styleUrl>
					<Point>
						<coordinates>9.041261,46.969522</coordinates>
					</Point>
				</Placemark>
			</Folder>
			<Folder>
				<name>Braunwald</name>
				<description><![CDATA[Hanggelände für Gleitschirme und Hängegleiter<br/>Max. Höhendifferenz 1407m.<br/><a href="https://service.dhv.de/db2/details.php?qi=glp_details&amp;popup=1&amp;item=1477">Details anzeigen</a>]]></description>
				<styleUrl>#dhv_gelaende</styleUrl>
				<open>0</open>
				<Placemark>
					<name>Braunwald Startplatz Gumengrat</name>
					<description><![CDATA[Startplatz, Startrichtung SO-SW<br/>Gemeinde Braunwald, Höhe NN 2040m<br/><a href="https://service.dhv.de/db2/details.php?qi=glp_details&amp;popup=1&amp;item=1477" target="_blank">Details anzeigen</a>]]></description>
					<styleUrl>#dhv_startplatz</styleUrl>
					<Point>
						<coordinates>8.987394,46.959572</coordinates>
					</Point>
				</Placemark>
				<Placemark>
					<name>Braunwald Gumen Startplatz Winter</name>
					<description><![CDATA[Startplatz, Startrichtung SSO-SW<br/>Gemeinde Braunwald, Höhe NN 1880m<br/><a href="https://service.dhv.de/db2/details.php?qi=glp_details&amp;popup=1&amp;item=1477" target="_blank">Details anzeigen</a>]]></description>
					<styleUrl>#dhv_startplatz</styleUrl>
					<Point>
						<coordinates>8.984295,46.955461</coordinates>
					</Point>
				</Placemark>
				<Placemark>
					<name>Braunwald Startplatz 1</name>
					<description><![CDATA[Startplatz, Startrichtung O-S<br/>Gemeinde Braunwald, Höhe NN 1234m<br/><a href="https://service.dhv.de/db2/details.php?qi=glp_details&amp;popup=1&amp;item=1477" target="_blank">Details anzeigen</a>]]></description>
					<styleUrl>#dhv_startplatz</styleUrl>
					<Point>
						<coordinates>8.998050,46.938208</coordinates>
					</Point>
				</Placemark>
				<Placemark>
					<name>Braunwald Landeplatz</name>
					<description><![CDATA[Landeplatz<br/>Gemeinde Braunwald, Höhe NN 633m<br/><a href="https://service.dhv.de/db2/details.php?qi=glp_details&amp;popup=1&amp;item=1477" target="_blank">Details anzeigen</a>]]></description>
					<styleUrl>#dhv_landeplatz</styleUrl>
					<Point>
						<coordinates>9.008667,46.930467</coordinates>
					</Point>
				</Placemark>
			</Folder>
			<Folder>
				<name>Durschlegi</name>
				<description><![CDATA[Hanggelände für Gleitschirme und Hängegleiter<br/>Max. Höhendifferenz 693m.<br/><a href="https://service.dhv.de/db2/details.php?qi=glp_details&amp;popup=1&amp;item=2090">Details anzeigen</a>]]></description>
				<styleUrl>#dhv_gelaende</styleUrl>
				<open>0</open>
				<Placemark>
					<name>Kerenzerberg Landeplatz 2</name>
					<description><![CDATA[Landeplatz<br/>Gemeinde Mollis, Höhe NN 425m<br/><a href="https://service.dhv.de/db2/details.php?qi=glp_details&amp;popup=1&amp;item=2090" target="_blank">Details anzeigen</a>]]></description>
					<styleUrl>#dhv_landeplatz</styleUrl>
					<Point>
						<coordinates>9.085150,47.119108</coordinates>
					</Point>
				</Placemark>
			</Folder>
			<Folder>
				<name>Elm</name>
				<description><![CDATA[Hanggelände für Gleitschirme<br/>Max. Höhendifferenz 1078m.<br/><a href="https://service.dhv.de/db2/details.php?qi=glp_details&amp;popup=1&amp;item=1290">Details anzeigen</a>]]></description>
				<styleUrl>#dhv_gelaende</styleUrl>
				<open>0</open>
				<Placemark>
					<name>Elm Startplatz 2</name>
					<description><![CDATA[Startplatz, Startrichtung SO<br/>Gemeinde Elm, Höhe NN 2097m<br/><a href="https://service.dhv.de/db2/details.php?qi=glp_details&amp;popup=1&amp;item=1290" target="_blank">Details anzeigen</a>]]></description>
					<styleUrl>#dhv_startplatz</styleUrl>
					<Point>
						<coordinates>9.133142,46.933411</coordinates>
					</Point>
				</Placemark>
				<Placemark>
					<name>Elm Startplatz 3</name>
					<description><![CDATA[Startplatz, Startrichtung S<br/>Gemeinde Elm, Höhe NN 2083m<br/><a href="https://service.dhv.de/db2/details.php?qi=glp_details&amp;popup=1&amp;item=1290" target="_blank">Details anzeigen</a>]]></description>
					<styleUrl>#dhv_startplatz</styleUrl>
					<Point>
						<coordinates>9.130803,46.932803</coordinates>
					</Point>
				</Placemark>
				<Placemark>
					<name>Elm Startplatz 4</name>
					<description><![CDATA[Startplatz, Startrichtung SO<br/>Gemeinde Elm, Höhe NN 2022m<br/><a href="https://service.dhv.de/db2/details.php?qi=glp_details&amp;popup=1&amp;item=1290" target="_blank">Details anzeigen</a>]]></description>
					<styleUrl>#dhv_startplatz</styleUrl>
					<Point>
						<coordinates>9.141964,46.932478</coordinates>
					</Point>
				</Placemark>
				<Placemark>
					<name>Elm Startplatz 1</name>
					<description><![CDATA[Startplatz, Startrichtung SO<br/>Gemeinde Elm, Höhe NN 1494m<br/><a href="https://service.dhv.de/db2/details.php?qi=glp_details&amp;popup=1&amp;item=1290" target="_blank">Details anzeigen</a>]]></description>
					<styleUrl>#dhv_startplatz</styleUrl>
					<Point>
						<coordinates>9.150344,46.919475</coordinates>
					</Point>
				</Placemark>
				<Placemark>
					<name>Elm Landeplatz</name>
					<description><![CDATA[Landeplatz<br/>Gemeinde Elm, Höhe NN 1019m<br/><a href="https://service.dhv.de/db2/details.php?qi=glp_details&amp;popup=1&amp;item=1290" target="_blank">Details anzeigen</a>]]></description>
					<styleUrl>#dhv_landeplatz</styleUrl>
					<Point>
						<coordinates>9.162834,46.912744</coordinates>
					</Point>
				</Placemark>
			</Folder>
			<Folder>
				<name>Fronalp</name>
				<description><![CDATA[Hanggelände für Gleitschirme und Hängegleiter<br/>Max. Höhendifferenz 899m.<br/><a href="https://service.dhv.de/db2/details.php?qi=glp_details&amp;popup=1&amp;item=1476">Details anzeigen</a>]]></description>
				<styleUrl>#dhv_gelaende</styleUrl>
				<open>0</open>
				<Placemark>
					<name>Fronalp Startplatz</name>
					<description><![CDATA[Startplatz, Startrichtung NW<br/>Gemeinde Mollis, Höhe NN 1343m<br/><a href="https://service.dhv.de/db2/details.php?qi=glp_details&amp;popup=1&amp;item=1476" target="_blank">Details anzeigen</a>]]></description>
					<styleUrl>#dhv_startplatz</styleUrl>
					<Point>
						<coordinates>9.091219,47.072365</coordinates>
					</Point>
				</Placemark>
				<Placemark>
					<name>Fronalp Landeplatz</name>
					<description><![CDATA[Landeplatz<br/>Gemeinde Mollis, Höhe NN 444m<br/><a href="https://service.dhv.de/db2/details.php?qi=glp_details&amp;popup=1&amp;item=1476" target="_blank">Details anzeigen</a>]]></description>
					<styleUrl>#dhv_landeplatz</styleUrl>
					<Point>
						<coordinates>9.068881,47.083847</coordinates>
					</Point>
				</Placemark>
			</Folder>
			<Folder>
				<name>Hirzli</name>
				<description><![CDATA[Hanggelände für Gleitschirme<br/><a href="https://service.dhv.de/db2/details.php?qi=glp_details&amp;popup=1&amp;item=2061">Details anzeigen</a>]]></description>
				<styleUrl>#dhv_gelaende</styleUrl>
				<open>0</open>
				<Placemark>
					<name>Hirzli Startplatz</name>
					<description><![CDATA[Startplatz, Startrichtung N<br/>Gemeinde Biederurnen, Höhe NN 1611m<br/><a href="https://service.dhv.de/db2/details.php?qi=glp_details&amp;popup=1&amp;item=2061" target="_blank">Details anzeigen</a>]]></description>
					<styleUrl>#dhv_startplatz</styleUrl>
					<Point>
						<coordinates>9.007556,47.134156</coordinates>
					</Point>
				</Placemark>
			</Folder>
			<Folder>
				<name>Kerenzerberg</name>
				<description><![CDATA[Hanggelände für Gleitschirme und Hängegleiter<br/>Max. Höhendifferenz 239m.<br/><a href="https://service.dhv.de/db2/details.php?qi=glp_details&amp;popup=1&amp;item=1475">Details anzeigen</a>]]></description>
				<styleUrl>#dhv_gelaende</styleUrl>
				<open>0</open>
				<Placemark>
					<name>Kerenzerberg Startplatz</name>
					<description><![CDATA[Startplatz, Startrichtung W<br/>Gemeinde Mollis, Höhe NN 664m<br/><a href="https://service.dhv.de/db2/details.php?qi=glp_details&amp;popup=1&amp;item=1475" target="_blank">Details anzeigen</a>]]></description>
					<styleUrl>#dhv_startplatz</styleUrl>
					<Point>
						<coordinates>9.084589,47.109944</coordinates>
					</Point>
				</Placemark>
				<Placemark>
					<name>Kerenzerberg Landeplatz 1</name>
					<description><![CDATA[Landeplatz<br/>Gemeinde Mollis, Höhe NN 428m<br/><a href="https://service.dhv.de/db2/details.php?qi=glp_details&amp;popup=1&amp;item=1475" target="_blank">Details anzeigen</a>]]></description>
					<styleUrl>#dhv_landeplatz</styleUrl>
					<Point>
						<coordinates>9.068061,47.112811</coordinates>
					</Point>
				</Placemark>
				<Placemark>
					<name>Kerenzerberg Landeplatz 2</name>
					<description><![CDATA[Landeplatz<br/>Gemeinde Mollis, Höhe NN 425m<br/><a href="https://service.dhv.de/db2/details.php?qi=glp_details&amp;popup=1&amp;item=1475" target="_blank">Details anzeigen</a>]]></description>
					<styleUrl>#dhv_landeplatz</styleUrl>
					<Point>
						<coordinates>9.085150,47.119108</coordinates>
					</Point>
				</Placemark>
			</Folder>
			<Folder>
				<name>Leuggelstock</name>
				<description><![CDATA[Hanggelände für Gleitschirme<br/>Max. Höhendifferenz 1088m.<br/><a href="https://service.dhv.de/db2/details.php?qi=glp_details&amp;popup=1&amp;item=2058">Details anzeigen</a>]]></description>
				<styleUrl>#dhv_gelaende</styleUrl>
				<open>0</open>
				<Placemark>
					<name>Leuggelstock Startplatz</name>
					<description><![CDATA[Startplatz, Startrichtung SO<br/>Gemeinde Luchsingen, Höhe NN 1646m<br/><a href="https://service.dhv.de/db2/details.php?qi=glp_details&amp;popup=1&amp;item=2058" target="_blank">Details anzeigen</a>]]></description>
					<styleUrl>#dhv_startplatz</styleUrl>
					<Point>
						<coordinates>9.028175,46.984994</coordinates>
					</Point>
				</Placemark>
				<Placemark>
					<name>Leuggelstock Landeplatz</name>
					<description><![CDATA[Landeplatz<br/>Gemeinde Luchsingen, Höhe NN 558m<br/><a href="https://service.dhv.de/db2/details.php?qi=glp_details&amp;popup=1&amp;item=2058" target="_blank">Details anzeigen</a>]]></description>
					<styleUrl>#dhv_landeplatz</styleUrl>
					<Point>
						<coordinates>9.041261,46.969522</coordinates>
					</Point>
				</Placemark>
			</Folder>
			<Folder>
				<name>Vorder Glärnisch</name>
				<description><![CDATA[Hanggelände für Gleitschirme<br/>Max. Höhendifferenz 1165m.<br/><a href="https://service.dhv.de/db2/details.php?qi=glp_details&amp;popup=1&amp;item=2062">Details anzeigen</a>]]></description>
				<styleUrl>#dhv_gelaende</styleUrl>
				<open>0</open>
				<Placemark>
					<name>Vorder Glärnisch Startplatz</name>
					<description><![CDATA[Startplatz, Startrichtung W<br/>Gemeinde Glarus, Höhe NN 2220m<br/><a href="https://service.dhv.de/db2/details.php?qi=glp_details&amp;popup=1&amp;item=2062" target="_blank">Details anzeigen</a>]]></description>
					<styleUrl>#dhv_startplatz</styleUrl>
					<Point>
						<coordinates>9.038728,47.022803</coordinates>
					</Point>
				</Placemark>
				<Placemark>
					<name>Vorder Glärnisch Landeplatz</name>
					<description><![CDATA[Landeplatz<br/>Gemeinde Glarus, Höhe NN 1055m<br/><a href="https://service.dhv.de/db2/details.php?qi=glp_details&amp;popup=1&amp;item=2062" target="_blank">Details anzeigen</a>]]></description>
					<styleUrl>#dhv_landeplatz</styleUrl>
					<Point>
						<coordinates>9.017936,47.029889</coordinates>
					</Point>
				</Placemark>
			</Folder>
			<Folder>
				<name>Wissenberg</name>
				<description><![CDATA[Hanggelände für Gleitschirme und Hängegleiter<br/>Max. Höhendifferenz 524m.<br/><a href="https://service.dhv.de/db2/details.php?qi=glp_details&amp;popup=1&amp;item=1294">Details anzeigen</a>]]></description>
				<styleUrl>#dhv_gelaende</styleUrl>
				<open>0</open>
				<Placemark>
					<name>Wissenberg Startplatz</name>
					<description><![CDATA[Startplatz, Startrichtung SW-W<br/>Gemeinde Matt, Höhe NN 1360m<br/><a href="https://service.dhv.de/db2/details.php?qi=glp_details&amp;popup=1&amp;item=1294" target="_blank">Details anzeigen</a>]]></description>
					<styleUrl>#dhv_startplatz</styleUrl>
					<Point>
						<coordinates>9.177686,46.968128</coordinates>
					</Point>
				</Placemark>
				<Placemark>
					<name>Wissenberg Landeplatz</name>
					<description><![CDATA[Landeplatz<br/>Gemeinde Matt, Höhe NN 836m<br/><a href="https://service.dhv.de/db2/details.php?qi=glp_details&amp;popup=1&amp;item=1294" target="_blank">Details anzeigen</a>]]></description>
					<styleUrl>#dhv_landeplatz</styleUrl>
					<Point>
						<coordinates>9.168305,46.966314</coordinates>
					</Point>
				</Placemark>
			</Folder>
		</Folder>
		<Folder>
			<name>Graubünden</name>
			<open>0</open>
			<Folder>
				<name>Alp Darlux</name>
				<description><![CDATA[Hanggelände für Gleitschirme<br/>Max. Höhendifferenz 905m.<br/><a href="https://service.dhv.de/db2/details.php?qi=glp_details&amp;popup=1&amp;item=1687">Details anzeigen</a>]]></description>
				<styleUrl>#dhv_gelaende</styleUrl>
				<open>0</open>
				<Placemark>
					<name>Alp Darlux Startplatz</name>
					<description><![CDATA[Startplatz, Startrichtung SW<br/>Gemeinde Bergün, Höhe NN 2283m<br/><a href="https://service.dhv.de/db2/details.php?qi=glp_details&amp;popup=1&amp;item=1687" target="_blank">Details anzeigen</a>]]></description>
					<styleUrl>#dhv_startplatz</styleUrl>
					<Point>
						<coordinates>9.779858,46.624214</coordinates>
					</Point>
				</Placemark>
				<Placemark>
					<name>Alp Darlux Landeplatz</name>
					<description><![CDATA[Landeplatz<br/>Gemeinde Bergün, Höhe NN 1378m<br/><a href="https://service.dhv.de/db2/details.php?qi=glp_details&amp;popup=1&amp;item=1687" target="_blank">Details anzeigen</a>]]></description>
					<styleUrl>#dhv_landeplatz</styleUrl>
					<Point>
						<coordinates>9.750136,46.623872</coordinates>
					</Point>
				</Placemark>
			</Folder>
			<Folder>
				<name>Alp de la Creusch</name>
				<description><![CDATA[Hanggelände für Gleitschirme<br/><a href="https://service.dhv.de/db2/details.php?qi=glp_details&amp;popup=1&amp;item=1620">Details anzeigen</a>]]></description>
				<styleUrl>#dhv_gelaende</styleUrl>
				<open>0</open>
				<Placemark>
					<name>Alp da la Creusch Startplatz</name>
					<description><![CDATA[Startplatz, Startrichtung O-SO<br/>Gemeinde Alvaneu, Höhe NN 2219m<br/><a href="https://service.dhv.de/db2/details.php?qi=glp_details&amp;popup=1&amp;item=1620" target="_blank">Details anzeigen</a>]]></description>
					<styleUrl>#dhv_startplatz</styleUrl>
					<Point>
						<coordinates>9.642131,46.705989</coordinates>
					</Point>
				</Placemark>
			</Folder>
			<Folder>
				<name>Alp Grüm</name>
				<description><![CDATA[Hanggelände für Gleitschirme<br/>Max. Höhendifferenz 1099m.<br/><a href="https://service.dhv.de/db2/details.php?qi=glp_details&amp;popup=1&amp;item=5368">Details anzeigen</a>]]></description>
				<styleUrl>#dhv_gelaende</styleUrl>
				<open>0</open>
				<Placemark>
					<name>Alp Grüm Startplatz</name>
					<description><![CDATA[Startplatz, Startrichtung SO<br/>Gemeinde San Carlo, Höhe NN 2185m<br/><a href="https://service.dhv.de/db2/details.php?qi=glp_details&amp;popup=1&amp;item=5368" target="_blank">Details anzeigen</a>]]></description>
					<styleUrl>#dhv_startplatz</styleUrl>
					<Point>
						<coordinates>10.032875,46.375951</coordinates>
					</Point>
				</Placemark>
				<Placemark>
					<name>Alp Grüm Landeplatz</name>
					<description><![CDATA[Landeplatz<br/>Gemeinde San Carlo, Höhe NN 1941m<br/><a href="https://service.dhv.de/db2/details.php?qi=glp_details&amp;popup=1&amp;item=5368" target="_blank">Details anzeigen</a>]]></description>
					<styleUrl>#dhv_landeplatz</styleUrl>
					<Point>
						<coordinates>10.057319,46.409389</coordinates>
					</Point>
				</Placemark>
				<Placemark>
					<name>Varuna Landeplatz</name>
					<description><![CDATA[Landeplatz<br/>Gemeinde San Carlo, Höhe NN 1086m<br/><a href="https://service.dhv.de/db2/details.php?qi=glp_details&amp;popup=1&amp;item=5368" target="_blank">Details anzeigen</a>]]></description>
					<styleUrl>#dhv_landeplatz</styleUrl>
					<Point>
						<coordinates>10.061786,46.344267</coordinates>
					</Point>
				</Placemark>
			</Folder>
			<Folder>
				<name>Alp Grüm Sot</name>
				<description><![CDATA[Hanggelände für Gleitschirme<br/>Max. Höhendifferenz 1014m.<br/><a href="https://service.dhv.de/db2/details.php?qi=glp_details&amp;popup=1&amp;item=5362">Details anzeigen</a>]]></description>
				<styleUrl>#dhv_gelaende</styleUrl>
				<open>0</open>
				<Placemark>
					<name>Alp Grüm Sot Startplatz 1</name>
					<description><![CDATA[Startplatz, Startrichtung SW-W<br/>Gemeinde Brusio, Höhe NN 1894m<br/><a href="https://service.dhv.de/db2/details.php?qi=glp_details&amp;popup=1&amp;item=5362" target="_blank">Details anzeigen</a>]]></description>
					<styleUrl>#dhv_startplatz</styleUrl>
					<Point>
						<coordinates>10.151811,46.257544</coordinates>
					</Point>
				</Placemark>
				<Placemark>
					<name>Alp Grüm Sot Startplatz 2</name>
					<description><![CDATA[Startplatz, Startrichtung SW<br/>Gemeinde Brusio, Höhe NN 1866m<br/><a href="https://service.dhv.de/db2/details.php?qi=glp_details&amp;popup=1&amp;item=5362" target="_blank">Details anzeigen</a>]]></description>
					<styleUrl>#dhv_startplatz</styleUrl>
					<Point>
						<coordinates>10.144253,46.268197</coordinates>
					</Point>
				</Placemark>
				<Placemark>
					<name>Alp Grüm Sot Landeplatz</name>
					<description><![CDATA[Landeplatz<br/>Gemeinde Brusio, Höhe NN 880m<br/><a href="https://service.dhv.de/db2/details.php?qi=glp_details&amp;popup=1&amp;item=5362" target="_blank">Details anzeigen</a>]]></description>
					<styleUrl>#dhv_landeplatz</styleUrl>
					<Point>
						<coordinates>10.118692,46.264625</coordinates>
					</Point>
				</Placemark>
			</Folder>
			<Folder>
				<name>Alp Languard</name>
				<description><![CDATA[Hanggelände für Gleitschirme und Hängegleiter<br/>Max. Höhendifferenz 563m.<br/><a href="https://service.dhv.de/db2/details.php?qi=glp_details&amp;popup=1&amp;item=2065">Details anzeigen</a>]]></description>
				<styleUrl>#dhv_gelaende</styleUrl>
				<open>0</open>
				<Placemark>
					<name>Alp Languard Startplatz 2</name>
					<description><![CDATA[Startplatz, Startrichtung SW<br/>Gemeinde Pontresina, Höhe NN 2410m<br/><a href="https://service.dhv.de/db2/details.php?qi=glp_details&amp;popup=1&amp;item=2065" target="_blank">Details anzeigen</a>]]></description>
					<styleUrl>#dhv_startplatz</styleUrl>
					<Point>
						<coordinates>9.922178,46.488081</coordinates>
					</Point>
				</Placemark>
				<Placemark>
					<name>Alp Languard Startplatz 1</name>
					<description><![CDATA[Startplatz, Startrichtung SW-W<br/>Gemeinde Pontresina, Höhe NN 2307m<br/><a href="https://service.dhv.de/db2/details.php?qi=glp_details&amp;popup=1&amp;item=2065" target="_blank">Details anzeigen</a>]]></description>
					<styleUrl>#dhv_startplatz</styleUrl>
					<Point>
						<coordinates>9.922178,46.488081</coordinates>
					</Point>
				</Placemark>
				<Placemark>
					<name>Alp Languard Landeplatz 2 neu</name>
					<description><![CDATA[Landeplatz<br/>Gemeinde Pontresina, Höhe NN 1864m<br/><a href="https://service.dhv.de/db2/details.php?qi=glp_details&amp;popup=1&amp;item=2065" target="_blank">Details anzeigen</a>]]></description>
					<styleUrl>#dhv_landeplatz</styleUrl>
					<Point>
						<coordinates>9.928465,46.470202</coordinates>
					</Point>
				</Placemark>
				<Placemark>
					<name>Alp Languard Landeplatz 1</name>
					<description><![CDATA[Landeplatz<br/>Gemeinde Pontresina, Höhe NN 1847m<br/><a href="https://service.dhv.de/db2/details.php?qi=glp_details&amp;popup=1&amp;item=2065" target="_blank">Details anzeigen</a>]]></description>
					<styleUrl>#dhv_landeplatz</styleUrl>
					<Point>
						<coordinates>9.908203,46.490182</coordinates>
					</Point>
				</Placemark>
			</Folder>
			<Folder>
				<name>Alp Stätz</name>
				<description><![CDATA[Hanggelände für Gleitschirme<br/>Max. Höhendifferenz 892m.<br/><a href="https://service.dhv.de/db2/details.php?qi=glp_details&amp;popup=1&amp;item=1621">Details anzeigen</a>]]></description>
				<styleUrl>#dhv_gelaende</styleUrl>
				<open>0</open>
				<Placemark>
					<name>Alp Stätz Startplatz</name>
					<description><![CDATA[Startplatz, Startrichtung O<br/>Gemeinde Lenzerheide, Höhe NN 2382m<br/><a href="https://service.dhv.de/db2/details.php?qi=glp_details&amp;popup=1&amp;item=1621" target="_blank">Details anzeigen</a>]]></description>
					<styleUrl>#dhv_startplatz</styleUrl>
					<Point>
						<coordinates>9.516372,46.756267</coordinates>
					</Point>
				</Placemark>
				<Placemark>
					<name>Parpaner Rothorn Landeplatz 2</name>
					<description><![CDATA[Landeplatz<br/>Gemeinde Prapan, Höhe NN 1498m<br/><a href="https://service.dhv.de/db2/details.php?qi=glp_details&amp;popup=1&amp;item=1621" target="_blank">Details anzeigen</a>]]></description>
					<styleUrl>#dhv_landeplatz</styleUrl>
					<Point>
						<coordinates>9.562056,46.760389</coordinates>
					</Point>
				</Placemark>
				<Placemark>
					<name>Parpaner Rothorn Landeplatz 1</name>
					<description><![CDATA[Landeplatz<br/>Gemeinde Valbella, Höhe NN 1490m<br/><a href="https://service.dhv.de/db2/details.php?qi=glp_details&amp;popup=1&amp;item=1621" target="_blank">Details anzeigen</a>]]></description>
					<styleUrl>#dhv_landeplatz</styleUrl>
					<Point>
						<coordinates>9.552056,46.744094</coordinates>
					</Point>
				</Placemark>
			</Folder>
			<Folder>
				<name>Aurafreida</name>
				<description><![CDATA[Hanggelände für Gleitschirme<br/>Max. Höhendifferenz 1049m.<br/><a href="https://service.dhv.de/db2/details.php?qi=glp_details&amp;popup=1&amp;item=5367">Details anzeigen</a>]]></description>
				<styleUrl>#dhv_gelaende</styleUrl>
				<open>0</open>
				<Placemark>
					<name>Aurafreida Startplatz</name>
					<description><![CDATA[Startplatz, Startrichtung SW<br/>Gemeinde San Carlo, Höhe NN 2135m<br/><a href="https://service.dhv.de/db2/details.php?qi=glp_details&amp;popup=1&amp;item=5367" target="_blank">Details anzeigen</a>]]></description>
					<styleUrl>#dhv_startplatz</styleUrl>
					<Point>
						<coordinates>10.092411,46.372947</coordinates>
					</Point>
				</Placemark>
				<Placemark>
					<name>Varuna Landeplatz</name>
					<description><![CDATA[Landeplatz<br/>Gemeinde San Carlo, Höhe NN 1086m<br/><a href="https://service.dhv.de/db2/details.php?qi=glp_details&amp;popup=1&amp;item=5367" target="_blank">Details anzeigen</a>]]></description>
					<styleUrl>#dhv_landeplatz</styleUrl>
					<Point>
						<coordinates>10.061786,46.344267</coordinates>
					</Point>
				</Placemark>
			</Folder>
			<Folder>
				<name>Bärgli</name>
				<description><![CDATA[Hanggelände für Gleitschirme und Hängegleiter<br/>Max. Höhendifferenz 679m.<br/><a href="https://service.dhv.de/db2/details.php?qi=glp_details&amp;popup=1&amp;item=5208">Details anzeigen</a>]]></description>
				<styleUrl>#dhv_gelaende</styleUrl>
				<open>0</open>
				<Placemark>
					<name>Bärgli Startplatz</name>
					<description><![CDATA[Startplatz, Startrichtung SO<br/>Gemeinde St. Antönien, Höhe NN 2130m<br/><a href="https://service.dhv.de/db2/details.php?qi=glp_details&amp;popup=1&amp;item=5208" target="_blank">Details anzeigen</a>]]></description>
					<styleUrl>#dhv_startplatz</styleUrl>
					<Point>
						<coordinates>9.818372,46.984456</coordinates>
					</Point>
				</Placemark>
				<Placemark>
					<name>Bärgli Landeplatz</name>
					<description><![CDATA[Landeplatz<br/>Gemeinde St. Antönien, Höhe NN 1451m<br/><a href="https://service.dhv.de/db2/details.php?qi=glp_details&amp;popup=1&amp;item=5208" target="_blank">Details anzeigen</a>]]></description>
					<styleUrl>#dhv_landeplatz</styleUrl>
					<Point>
						<coordinates>9.820850,46.970472</coordinates>
					</Point>
				</Placemark>
			</Folder>
			<Folder>
				<name>Bündner Rigi</name>
				<description><![CDATA[Hanggelände für Gleitschirme und Hängegleiter<br/>Max. Höhendifferenz 899m.<br/><a href="https://service.dhv.de/db2/details.php?qi=glp_details&amp;popup=1&amp;item=5751">Details anzeigen</a>]]></description>
				<styleUrl>#dhv_gelaende</styleUrl>
				<open>0</open>
				<Placemark>
					<name>Bündner Rigi Startplatz</name>
					<description><![CDATA[Startplatz, Startrichtung NO<br/>Gemeinde Ilanz, Höhe NN 1593m<br/><a href="https://service.dhv.de/db2/details.php?qi=glp_details&amp;popup=1&amp;item=5751" target="_blank">Details anzeigen</a>]]></description>
					<styleUrl>#dhv_startplatz</styleUrl>
					<Point>
						<coordinates>9.175350,46.747769</coordinates>
					</Point>
				</Placemark>
				<Placemark>
					<name>Bündner Rigi Landeplatz</name>
					<description><![CDATA[Landeplatz<br/>Gemeinde Ilanz, Höhe NN 694m<br/><a href="https://service.dhv.de/db2/details.php?qi=glp_details&amp;popup=1&amp;item=5751" target="_blank">Details anzeigen</a>]]></description>
					<styleUrl>#dhv_landeplatz</styleUrl>
					<Point>
						<coordinates>9.189397,46.775569</coordinates>
					</Point>
				</Placemark>
				<Placemark>
					<name>Falera Landeplatz</name>
					<description><![CDATA[Landeplatz<br/>Gemeinde Falera, Höhe NN 694m<br/><a href="https://service.dhv.de/db2/details.php?qi=glp_details&amp;popup=1&amp;item=5751" target="_blank">Details anzeigen</a>]]></description>
					<styleUrl>#dhv_landeplatz</styleUrl>
					<Point>
						<coordinates>9.221339,46.781144</coordinates>
					</Point>
				</Placemark>
			</Folder>
			<Folder>
				<name>Caischavedra</name>
				<description><![CDATA[Hanggelände für Gleitschirme<br/>Max. Höhendifferenz 767m.<br/><a href="https://service.dhv.de/db2/details.php?qi=glp_details&amp;popup=1&amp;item=1675">Details anzeigen</a>]]></description>
				<styleUrl>#dhv_gelaende</styleUrl>
				<open>0</open>
				<Placemark>
					<name>Caischavedra Startplatz</name>
					<description><![CDATA[Startplatz, Startrichtung SO<br/>Gemeinde Disentis, Höhe NN 1997m<br/><a href="https://service.dhv.de/db2/details.php?qi=glp_details&amp;popup=1&amp;item=1675" target="_blank">Details anzeigen</a>]]></description>
					<styleUrl>#dhv_startplatz</styleUrl>
					<Point>
						<coordinates>8.809414,46.707736</coordinates>
					</Point>
				</Placemark>
				<Placemark>
					<name>Lai Alv Landeplatz</name>
					<description><![CDATA[Landeplatz<br/>Gemeinde Disentis, Höhe NN 1230m<br/><a href="https://service.dhv.de/db2/details.php?qi=glp_details&amp;popup=1&amp;item=1675" target="_blank">Details anzeigen</a>]]></description>
					<styleUrl>#dhv_landeplatz</styleUrl>
					<Point>
						<coordinates>8.842000,46.697803</coordinates>
					</Point>
				</Placemark>
			</Folder>
			<Folder>
				<name>Calandasiten</name>
				<description><![CDATA[Hanggelände für Gleitschirme<br/>Max. Höhendifferenz 2006m.<br/><a href="https://service.dhv.de/db2/details.php?qi=glp_details&amp;popup=1&amp;item=1676">Details anzeigen</a>]]></description>
				<styleUrl>#dhv_gelaende</styleUrl>
				<open>0</open>
				<Placemark>
					<name>Calandasiten Startplatz</name>
					<description><![CDATA[Startplatz, Startrichtung SO, SW-W<br/>Gemeinde Chur, Höhe NN 2663m<br/><a href="https://service.dhv.de/db2/details.php?qi=glp_details&amp;popup=1&amp;item=1676" target="_blank">Details anzeigen</a>]]></description>
					<styleUrl>#dhv_startplatz</styleUrl>
					<Point>
						<coordinates>9.469044,46.892833</coordinates>
					</Point>
				</Placemark>
				<Placemark>
					<name>Calandasiten Landeplatz</name>
					<description><![CDATA[Landeplatz<br/>Gemeinde Chur, Höhe NN 657m<br/><a href="https://service.dhv.de/db2/details.php?qi=glp_details&amp;popup=1&amp;item=1676" target="_blank">Details anzeigen</a>]]></description>
					<styleUrl>#dhv_landeplatz</styleUrl>
					<Point>
						<coordinates>9.543067,46.867697</coordinates>
					</Point>
				</Placemark>
			</Folder>
			<Folder>
				<name>Cassons</name>
				<description><![CDATA[Hanggelände für Gleitschirme und Hängegleiter<br/>Max. Höhendifferenz 1552m.<br/><a href="https://service.dhv.de/db2/details.php?qi=glp_details&amp;popup=1&amp;item=1491">Details anzeigen</a>]]></description>
				<styleUrl>#dhv_gelaende</styleUrl>
				<open>0</open>
				<Placemark>
					<name>Cassons Startplatz 2</name>
					<description><![CDATA[Startplatz, Startrichtung SO-SW<br/>Gemeinde Flims, Höhe NN 2649m<br/><a href="https://service.dhv.de/db2/details.php?qi=glp_details&amp;popup=1&amp;item=1491" target="_blank">Details anzeigen</a>]]></description>
					<styleUrl>#dhv_startplatz</styleUrl>
					<Point>
						<coordinates>9.266111,46.878889</coordinates>
					</Point>
				</Placemark>
				<Placemark>
					<name>Cassons Startplatz 1 Naraus</name>
					<description><![CDATA[Startplatz, Startrichtung SO-SW<br/>Gemeinde Flims, Höhe NN 1829m<br/><a href="https://service.dhv.de/db2/details.php?qi=glp_details&amp;popup=1&amp;item=1491" target="_blank">Details anzeigen</a>]]></description>
					<styleUrl>#dhv_startplatz</styleUrl>
					<Point>
						<coordinates>9.268056,46.860000</coordinates>
					</Point>
				</Placemark>
				<Placemark>
					<name>Cassons Landeplatz 1</name>
					<description><![CDATA[Landeplatz<br/>Gemeinde Flims, Höhe NN 1097m<br/><a href="https://service.dhv.de/db2/details.php?qi=glp_details&amp;popup=1&amp;item=1491" target="_blank">Details anzeigen</a>]]></description>
					<styleUrl>#dhv_landeplatz</styleUrl>
					<Point>
						<coordinates>9.281381,46.835992</coordinates>
					</Point>
				</Placemark>
			</Folder>
			<Folder>
				<name>Cavaione</name>
				<description><![CDATA[Hanggelände für Gleitschirme<br/>Max. Höhendifferenz 684m.<br/><a href="https://service.dhv.de/db2/details.php?qi=glp_details&amp;popup=1&amp;item=5363">Details anzeigen</a>]]></description>
				<styleUrl>#dhv_gelaende</styleUrl>
				<open>0</open>
				<Placemark>
					<name>Cavaione Startplatz</name>
					<description><![CDATA[Startplatz, Startrichtung SO<br/>Gemeinde Brusio, Höhe NN 1564m<br/><a href="https://service.dhv.de/db2/details.php?qi=glp_details&amp;popup=1&amp;item=5363" target="_blank">Details anzeigen</a>]]></description>
					<styleUrl>#dhv_startplatz</styleUrl>
					<Point>
						<coordinates>10.113472,46.250564</coordinates>
					</Point>
				</Placemark>
				<Placemark>
					<name>Alp Grüm Sot Landeplatz</name>
					<description><![CDATA[Landeplatz<br/>Gemeinde Brusio, Höhe NN 880m<br/><a href="https://service.dhv.de/db2/details.php?qi=glp_details&amp;popup=1&amp;item=5363" target="_blank">Details anzeigen</a>]]></description>
					<styleUrl>#dhv_landeplatz</styleUrl>
					<Point>
						<coordinates>10.118692,46.264625</coordinates>
					</Point>
				</Placemark>
			</Folder>
			<Folder>
				<name>Corvatsch</name>
				<description><![CDATA[Hanggelände für Gleitschirme<br/>Max. Höhendifferenz 1492m.<br/><a href="https://service.dhv.de/db2/details.php?qi=glp_details&amp;popup=1&amp;item=2068">Details anzeigen</a>]]></description>
				<styleUrl>#dhv_gelaende</styleUrl>
				<open>0</open>
				<Placemark>
					<name>Corvatsch Startplatz</name>
					<description><![CDATA[Startplatz, Startrichtung N-NO<br/>Gemeinde Silvaplana, Höhe NN 3289m<br/><a href="https://service.dhv.de/db2/details.php?qi=glp_details&amp;popup=1&amp;item=2068" target="_blank">Details anzeigen</a>]]></description>
					<styleUrl>#dhv_startplatz</styleUrl>
					<Point>
						<coordinates>9.821628,46.418147</coordinates>
					</Point>
				</Placemark>
				<Placemark>
					<name>Corvatsch Landeplatz 1</name>
					<description><![CDATA[Landeplatz<br/>Gemeinde Silvaplana, Höhe NN 1797m<br/><a href="https://service.dhv.de/db2/details.php?qi=glp_details&amp;popup=1&amp;item=2068" target="_blank">Details anzeigen</a>]]></description>
					<styleUrl>#dhv_landeplatz</styleUrl>
					<Point>
						<coordinates>9.797850,46.457317</coordinates>
					</Point>
				</Placemark>
				<Placemark>
					<name>Corvatsch Landeplatz 2</name>
					<description><![CDATA[Landeplatz<br/>Gemeinde Silvaplana, Höhe NN 1797m<br/><a href="https://service.dhv.de/db2/details.php?qi=glp_details&amp;popup=1&amp;item=2068" target="_blank">Details anzeigen</a>]]></description>
					<styleUrl>#dhv_landeplatz</styleUrl>
					<Point>
						<coordinates>9.772081,46.433864</coordinates>
					</Point>
				</Placemark>
			</Folder>
			<Folder>
				<name>Crap Sogn Gion</name>
				<description><![CDATA[Hanggelände für Gleitschirme<br/>Max. Höhendifferenz 1038m.<br/><a href="https://service.dhv.de/db2/details.php?qi=glp_details&amp;popup=1&amp;item=1490">Details anzeigen</a>]]></description>
				<styleUrl>#dhv_gelaende</styleUrl>
				<open>0</open>
				<Placemark>
					<name>Crap Sogn Gion Startplatz</name>
					<description><![CDATA[Startplatz, Startrichtung NO<br/>Gemeinde Flims, Höhe NN 2208m<br/><a href="https://service.dhv.de/db2/details.php?qi=glp_details&amp;popup=1&amp;item=1490" target="_blank">Details anzeigen</a>]]></description>
					<styleUrl>#dhv_startplatz</styleUrl>
					<Point>
						<coordinates>9.217025,46.834728</coordinates>
					</Point>
				</Placemark>
				<Placemark>
					<name>Crap Sogn Gion Startplatz 2</name>
					<description><![CDATA[Startplatz, Startrichtung SW<br/>Gemeinde Flims, Höhe NN 2203m<br/><a href="https://service.dhv.de/db2/details.php?qi=glp_details&amp;popup=1&amp;item=1490" target="_blank">Details anzeigen</a>]]></description>
					<styleUrl>#dhv_startplatz</styleUrl>
					<Point>
						<coordinates>9.215394,46.834167</coordinates>
					</Point>
				</Placemark>
				<Placemark>
					<name>Crap Sogn Gion Landeplatz</name>
					<description><![CDATA[Landeplatz<br/>Gemeinde Flims, Höhe NN 1170m<br/><a href="https://service.dhv.de/db2/details.php?qi=glp_details&amp;popup=1&amp;item=1490" target="_blank">Details anzeigen</a>]]></description>
					<styleUrl>#dhv_landeplatz</styleUrl>
					<Point>
						<coordinates>9.254243,46.826478</coordinates>
					</Point>
				</Placemark>
			</Folder>
			<Folder>
				<name>Cugieri</name>
				<description><![CDATA[Hanggelände für Gleitschirme<br/>Max. Höhendifferenz 605m.<br/><a href="https://service.dhv.de/db2/details.php?qi=glp_details&amp;popup=1&amp;item=2077">Details anzeigen</a>]]></description>
				<styleUrl>#dhv_gelaende</styleUrl>
				<open>0</open>
				<Placemark>
					<name>Cugieri Startplatz 2</name>
					<description><![CDATA[Startplatz, Startrichtung SW<br/>Gemeinde Sedrun, Höhe NN 1992m<br/><a href="https://service.dhv.de/db2/details.php?qi=glp_details&amp;popup=1&amp;item=2077" target="_blank">Details anzeigen</a>]]></description>
					<styleUrl>#dhv_startplatz</styleUrl>
					<Point>
						<coordinates>8.782531,46.693358</coordinates>
					</Point>
				</Placemark>
				<Placemark>
					<name>Cugieri Startplatz 1</name>
					<description><![CDATA[Startplatz, Startrichtung S-SW<br/>Gemeinde Sedrun, Höhe NN 1824m<br/><a href="https://service.dhv.de/db2/details.php?qi=glp_details&amp;popup=1&amp;item=2077" target="_blank">Details anzeigen</a>]]></description>
					<styleUrl>#dhv_startplatz</styleUrl>
					<Point>
						<coordinates>8.779492,46.689744</coordinates>
					</Point>
				</Placemark>
				<Placemark>
					<name>Cugieri Landeplatz</name>
					<description><![CDATA[Landeplatz<br/>Gemeinde Sedrun, Höhe NN 1387m<br/><a href="https://service.dhv.de/db2/details.php?qi=glp_details&amp;popup=1&amp;item=2077" target="_blank">Details anzeigen</a>]]></description>
					<styleUrl>#dhv_landeplatz</styleUrl>
					<Point>
						<coordinates>8.778975,46.680233</coordinates>
					</Point>
				</Placemark>
			</Folder>
			<Folder>
				<name>Diavolezza</name>
				<description><![CDATA[Hanggelände für Gleitschirme<br/>Max. Höhendifferenz 904m.<br/><a href="https://service.dhv.de/db2/details.php?qi=glp_details&amp;popup=1&amp;item=2070">Details anzeigen</a>]]></description>
				<styleUrl>#dhv_gelaende</styleUrl>
				<open>0</open>
				<Placemark>
					<name>Diavolezza Startplatz 2</name>
					<description><![CDATA[Startplatz, Startrichtung W-N<br/>Gemeinde Pontresina, Höhe NN 2995m<br/><a href="https://service.dhv.de/db2/details.php?qi=glp_details&amp;popup=1&amp;item=2070" target="_blank">Details anzeigen</a>]]></description>
					<styleUrl>#dhv_startplatz</styleUrl>
					<Point>
						<coordinates>9.964919,46.412708</coordinates>
					</Point>
				</Placemark>
				<Placemark>
					<name>Diavolezza Startplatz 1</name>
					<description><![CDATA[Startplatz, Startrichtung W<br/>Gemeinde Pontresina, Höhe NN 2974m<br/><a href="https://service.dhv.de/db2/details.php?qi=glp_details&amp;popup=1&amp;item=2070" target="_blank">Details anzeigen</a>]]></description>
					<styleUrl>#dhv_startplatz</styleUrl>
					<Point>
						<coordinates>9.964919,46.412708</coordinates>
					</Point>
				</Placemark>
				<Placemark>
					<name>Diavolezza Landeplatz</name>
					<description><![CDATA[Landeplatz<br/>Gemeinde Pontresina, Höhe NN 2091m<br/><a href="https://service.dhv.de/db2/details.php?qi=glp_details&amp;popup=1&amp;item=2070" target="_blank">Details anzeigen</a>]]></description>
					<styleUrl>#dhv_landeplatz</styleUrl>
					<Point>
						<coordinates>9.982689,46.440594</coordinates>
					</Point>
				</Placemark>
			</Folder>
			<Folder>
				<name>Dreibündenstein</name>
				<description><![CDATA[Hanggelände für Gleitschirme und Hängegleiter<br/>Max. Höhendifferenz 1605m.<br/><a href="https://service.dhv.de/db2/details.php?qi=glp_details&amp;popup=1&amp;item=2072">Details anzeigen</a>]]></description>
				<styleUrl>#dhv_gelaende</styleUrl>
				<open>0</open>
				<Placemark>
					<name>Dreibündenstein Startplatz</name>
					<description><![CDATA[Startplatz, Startrichtung S-NW<br/>Gemeinde Chur, Höhe NN 2169m<br/><a href="https://service.dhv.de/db2/details.php?qi=glp_details&amp;popup=1&amp;item=2072" target="_blank">Details anzeigen</a>]]></description>
					<styleUrl>#dhv_startplatz</styleUrl>
					<Point>
						<coordinates>9.495286,46.804792</coordinates>
					</Point>
				</Placemark>
				<Placemark>
					<name>Calandasiten Landeplatz</name>
					<description><![CDATA[Landeplatz<br/>Gemeinde Chur, Höhe NN 657m<br/><a href="https://service.dhv.de/db2/details.php?qi=glp_details&amp;popup=1&amp;item=2072" target="_blank">Details anzeigen</a>]]></description>
					<styleUrl>#dhv_landeplatz</styleUrl>
					<Point>
						<coordinates>9.543067,46.867697</coordinates>
					</Point>
				</Placemark>
				<Placemark>
					<name>Dreibündenstein Landeplatz</name>
					<description><![CDATA[Landeplatz<br/>Gemeinde Chur, Höhe NN 564m<br/><a href="https://service.dhv.de/db2/details.php?qi=glp_details&amp;popup=1&amp;item=2072" target="_blank">Details anzeigen</a>]]></description>
					<styleUrl>#dhv_landeplatz</styleUrl>
					<Point>
						<coordinates>9.505267,46.855081</coordinates>
					</Point>
				</Placemark>
			</Folder>
			<Folder>
				<name>Falera</name>
				<description><![CDATA[Hanggelände für Gleitschirme und Hängegleiter<br/>Max. Höhendifferenz 477m.<br/><a href="https://service.dhv.de/db2/details.php?qi=glp_details&amp;popup=1&amp;item=1690">Details anzeigen</a>]]></description>
				<styleUrl>#dhv_gelaende</styleUrl>
				<open>0</open>
				<Placemark>
					<name>Falera Startplatz</name>
					<description><![CDATA[Startplatz, Startrichtung SO-S<br/>Gemeinde Falera, Höhe NN 1171m<br/><a href="https://service.dhv.de/db2/details.php?qi=glp_details&amp;popup=1&amp;item=1690" target="_blank">Details anzeigen</a>]]></description>
					<styleUrl>#dhv_startplatz</styleUrl>
					<Point>
						<coordinates>9.230484,46.798671</coordinates>
					</Point>
				</Placemark>
				<Placemark>
					<name>Falera Landeplatz</name>
					<description><![CDATA[Landeplatz<br/>Gemeinde Falera, Höhe NN 694m<br/><a href="https://service.dhv.de/db2/details.php?qi=glp_details&amp;popup=1&amp;item=1690" target="_blank">Details anzeigen</a>]]></description>
					<styleUrl>#dhv_landeplatz</styleUrl>
					<Point>
						<coordinates>9.221339,46.781144</coordinates>
					</Point>
				</Placemark>
			</Folder>
			<Folder>
				<name>Fanas</name>
				<description><![CDATA[Hanggelände für Gleitschirme und Hängegleiter<br/>Max. Höhendifferenz 1708m.<br/><a href="https://service.dhv.de/db2/details.php?qi=glp_details&amp;popup=1&amp;item=1292">Details anzeigen</a>]]></description>
				<styleUrl>#dhv_gelaende</styleUrl>
				<open>0</open>
				<Placemark>
					<name>Fanas Startplatz 1</name>
					<description><![CDATA[Startplatz, Startrichtung SW<br/>Gemeinde Grüsch, Höhe NN 2294m<br/><a href="https://service.dhv.de/db2/details.php?qi=glp_details&amp;popup=1&amp;item=1292" target="_blank">Details anzeigen</a>]]></description>
					<styleUrl>#dhv_startplatz</styleUrl>
					<Point>
						<coordinates>9.697653,47.011772</coordinates>
					</Point>
				</Placemark>
				<Placemark>
					<name>Fanas Startplatz 2</name>
					<description><![CDATA[Startplatz, Startrichtung SO-S, N<br/>Gemeinde Grüsch, Höhe NN 1793m<br/><a href="https://service.dhv.de/db2/details.php?qi=glp_details&amp;popup=1&amp;item=1292" target="_blank">Details anzeigen</a>]]></description>
					<styleUrl>#dhv_startplatz</styleUrl>
					<Point>
						<coordinates>9.684139,47.000439</coordinates>
					</Point>
				</Placemark>
				<Placemark>
					<name>Fanas Startplatz 3</name>
					<description><![CDATA[Startplatz, Startrichtung SO-S<br/>Gemeinde Grüsch, Höhe NN 1690m<br/><a href="https://service.dhv.de/db2/details.php?qi=glp_details&amp;popup=1&amp;item=1292" target="_blank">Details anzeigen</a>]]></description>
					<styleUrl>#dhv_startplatz</styleUrl>
					<Point>
						<coordinates>9.690733,46.998389</coordinates>
					</Point>
				</Placemark>
				<Placemark>
					<name>Fanas Landeplatz 1</name>
					<description><![CDATA[Landeplatz<br/>Gemeinde Grüsch, Höhe NN 622m<br/><a href="https://service.dhv.de/db2/details.php?qi=glp_details&amp;popup=1&amp;item=1292" target="_blank">Details anzeigen</a>]]></description>
					<styleUrl>#dhv_landeplatz</styleUrl>
					<Point>
						<coordinates>9.656425,46.978569</coordinates>
					</Point>
				</Placemark>
				<Placemark>
					<name>Fanas Landeplatz 2</name>
					<description><![CDATA[Landeplatz<br/>Gemeinde Grüsch, Höhe NN 622m<br/><a href="https://service.dhv.de/db2/details.php?qi=glp_details&amp;popup=1&amp;item=1292" target="_blank">Details anzeigen</a>]]></description>
					<styleUrl>#dhv_landeplatz</styleUrl>
					<Point>
						<coordinates>9.653120,46.974981</coordinates>
					</Point>
				</Placemark>
				<Placemark>
					<name>Stelserberg Landeplatz</name>
					<description><![CDATA[Landeplatz<br/>Gemeinde Schiers, Höhe NN 586m<br/><a href="https://service.dhv.de/db2/details.php?qi=glp_details&amp;popup=1&amp;item=1292" target="_blank">Details anzeigen</a>]]></description>
					<styleUrl>#dhv_landeplatz</styleUrl>
					<Point>
						<coordinates>9.693943,46.965369</coordinates>
					</Point>
				</Placemark>
			</Folder>
			<Folder>
				<name>Feldis</name>
				<description><![CDATA[Hanggelände für Gleitschirme<br/>Max. Höhendifferenz 1168m.<br/><a href="https://service.dhv.de/db2/details.php?qi=glp_details&amp;popup=1&amp;item=1489">Details anzeigen</a>]]></description>
				<styleUrl>#dhv_gelaende</styleUrl>
				<open>0</open>
				<Placemark>
					<name>Feldis Startplatz 2</name>
					<description><![CDATA[Startplatz, Startrichtung S<br/>Gemeinde Feldis, Höhe NN 1965m<br/><a href="https://service.dhv.de/db2/details.php?qi=glp_details&amp;popup=1&amp;item=1489" target="_blank">Details anzeigen</a>]]></description>
					<styleUrl>#dhv_startplatz</styleUrl>
					<Point>
						<coordinates>9.455831,46.796278</coordinates>
					</Point>
				</Placemark>
				<Placemark>
					<name>Feldis Startplatz 1</name>
					<description><![CDATA[Startplatz, Startrichtung SW<br/>Gemeinde Feldis, Höhe NN 1441m<br/><a href="https://service.dhv.de/db2/details.php?qi=glp_details&amp;popup=1&amp;item=1489" target="_blank">Details anzeigen</a>]]></description>
					<styleUrl>#dhv_startplatz</styleUrl>
					<Point>
						<coordinates>9.428808,46.794956</coordinates>
					</Point>
				</Placemark>
				<Placemark>
					<name>Trans Landeplatz</name>
					<description><![CDATA[Landeplatz<br/>Gemeinde Cazis, Höhe NN 797m<br/><a href="https://service.dhv.de/db2/details.php?qi=glp_details&amp;popup=1&amp;item=1489" target="_blank">Details anzeigen</a>]]></description>
					<styleUrl>#dhv_landeplatz</styleUrl>
					<Point>
						<coordinates>9.443608,46.757681</coordinates>
					</Point>
				</Placemark>
			</Folder>
			<Folder>
				<name>Gotschnagrat</name>
				<description><![CDATA[Hanggelände für Gleitschirme und Hängegleiter<br/>Max. Höhendifferenz 1092m.<br/><a href="https://service.dhv.de/db2/details.php?qi=glp_details&amp;popup=1&amp;item=1483">Details anzeigen</a>]]></description>
				<styleUrl>#dhv_gelaende</styleUrl>
				<open>0</open>
				<Placemark>
					<name>Gotschnagrat Startplatz 1</name>
					<description><![CDATA[Startplatz, Startrichtung NW-NO<br/>Gemeinde Klosters, Höhe NN 2278m<br/><a href="https://service.dhv.de/db2/details.php?qi=glp_details&amp;popup=1&amp;item=1483" target="_blank">Details anzeigen</a>]]></description>
					<styleUrl>#dhv_startplatz</styleUrl>
					<Point>
						<coordinates>9.845510,46.858738</coordinates>
					</Point>
				</Placemark>
				<Placemark>
					<name>Gotschnagrat Startplatz 2</name>
					<description><![CDATA[Startplatz, Startrichtung SO-S<br/>Gemeinde Klosters, Höhe NN 2238m<br/><a href="https://service.dhv.de/db2/details.php?qi=glp_details&amp;popup=1&amp;item=1483" target="_blank">Details anzeigen</a>]]></description>
					<styleUrl>#dhv_startplatz</styleUrl>
					<Point>
						<coordinates>9.849564,46.856250</coordinates>
					</Point>
				</Placemark>
				<Placemark>
					<name>Gotschnagrat Landeplatz 1</name>
					<description><![CDATA[Landeplatz<br/>Gemeinde Klosters, Höhe NN 1188m<br/><a href="https://service.dhv.de/db2/details.php?qi=glp_details&amp;popup=1&amp;item=1483" target="_blank">Details anzeigen</a>]]></description>
					<styleUrl>#dhv_landeplatz</styleUrl>
					<Point>
						<coordinates>9.890817,46.864542</coordinates>
					</Point>
				</Placemark>
				<Placemark>
					<name>Gotschnagrat Landeplatz 2</name>
					<description><![CDATA[Landeplatz<br/>Gemeinde Klosters, Höhe NN 1186m<br/><a href="https://service.dhv.de/db2/details.php?qi=glp_details&amp;popup=1&amp;item=1483" target="_blank">Details anzeigen</a>]]></description>
					<styleUrl>#dhv_landeplatz</styleUrl>
					<Point>
						<coordinates>9.888758,46.866042</coordinates>
					</Point>
				</Placemark>
			</Folder>
			<Folder>
				<name>Gürgaletsch</name>
				<description><![CDATA[Hanggelände für Gleitschirme<br/>Max. Höhendifferenz 912m.<br/><a href="https://service.dhv.de/db2/details.php?qi=glp_details&amp;popup=1&amp;item=1711">Details anzeigen</a>]]></description>
				<styleUrl>#dhv_gelaende</styleUrl>
				<open>0</open>
				<Placemark>
					<name>Gürgaletsch Startplatz</name>
					<description><![CDATA[Startplatz, Startrichtung W<br/>Gemeinde Prapan, Höhe NN 2410m<br/><a href="https://service.dhv.de/db2/details.php?qi=glp_details&amp;popup=1&amp;item=1711" target="_blank">Details anzeigen</a>]]></description>
					<styleUrl>#dhv_startplatz</styleUrl>
					<Point>
						<coordinates>9.582286,46.795172</coordinates>
					</Point>
				</Placemark>
				<Placemark>
					<name>Parpaner Rothorn Landeplatz 2</name>
					<description><![CDATA[Landeplatz<br/>Gemeinde Prapan, Höhe NN 1498m<br/><a href="https://service.dhv.de/db2/details.php?qi=glp_details&amp;popup=1&amp;item=1711" target="_blank">Details anzeigen</a>]]></description>
					<styleUrl>#dhv_landeplatz</styleUrl>
					<Point>
						<coordinates>9.562056,46.760389</coordinates>
					</Point>
				</Placemark>
			</Folder>
			<Folder>
				<name>Hitzeggen</name>
				<description><![CDATA[Hanggelände für Gleitschirme<br/><a href="https://service.dhv.de/db2/details.php?qi=glp_details&amp;popup=1&amp;item=1493">Details anzeigen</a>]]></description>
				<styleUrl>#dhv_gelaende</styleUrl>
				<open>0</open>
				<Placemark>
					<name>Hitzeggen Startplatz</name>
					<description><![CDATA[Startplatz, Startrichtung W-NW, S-SW<br/>Gemeinde Mundaun-Obersaxen, Höhe NN 2108m<br/><a href="https://service.dhv.de/db2/details.php?qi=glp_details&amp;popup=1&amp;item=1493" target="_blank">Details anzeigen</a>]]></description>
					<styleUrl>#dhv_startplatz</styleUrl>
					<Point>
						<coordinates>9.143608,46.735967</coordinates>
					</Point>
				</Placemark>
			</Folder>
			<Folder>
				<name>Jakobshorn</name>
				<description><![CDATA[Hanggelände für Gleitschirme und Hängegleiter<br/>Max. Höhendifferenz 993m.<br/><a href="https://service.dhv.de/db2/details.php?qi=glp_details&amp;popup=1&amp;item=1481">Details anzeigen</a>]]></description>
				<styleUrl>#dhv_gelaende</styleUrl>
				<open>0</open>
				<Placemark>
					<name>Jakobshorn Startplatz 2</name>
					<description><![CDATA[Startplatz, Startrichtung SW-NW<br/>Gemeinde Davos, Höhe NN 2525m<br/><a href="https://service.dhv.de/db2/details.php?qi=glp_details&amp;popup=1&amp;item=1481" target="_blank">Details anzeigen</a>]]></description>
					<styleUrl>#dhv_startplatz</styleUrl>
					<Point>
						<coordinates>9.846125,46.772819</coordinates>
					</Point>
				</Placemark>
				<Placemark>
					<name>Jakobshorn Startplatz 1</name>
					<description><![CDATA[Startplatz, Startrichtung S-W<br/>Gemeinde Davos, Höhe NN 2499m<br/><a href="https://service.dhv.de/db2/details.php?qi=glp_details&amp;popup=1&amp;item=1481" target="_blank">Details anzeigen</a>]]></description>
					<styleUrl>#dhv_startplatz</styleUrl>
					<Point>
						<coordinates>9.851089,46.766206</coordinates>
					</Point>
				</Placemark>
				<Placemark>
					<name>Jakobshorn Startplatz 3</name>
					<description><![CDATA[Startplatz, Startrichtung NW-NO<br/>Gemeinde Davos, Höhe NN 2467m<br/><a href="https://service.dhv.de/db2/details.php?qi=glp_details&amp;popup=1&amp;item=1481" target="_blank">Details anzeigen</a>]]></description>
					<styleUrl>#dhv_startplatz</styleUrl>
					<Point>
						<coordinates>9.848808,46.781092</coordinates>
					</Point>
				</Placemark>
				<Placemark>
					<name>Jakobshorn Landeplatz 2</name>
					<description><![CDATA[Landeplatz<br/>Gemeinde Davos, Höhe NN 1534m<br/><a href="https://service.dhv.de/db2/details.php?qi=glp_details&amp;popup=1&amp;item=1481" target="_blank">Details anzeigen</a>]]></description>
					<styleUrl>#dhv_landeplatz</styleUrl>
					<Point>
						<coordinates>9.821633,46.789444</coordinates>
					</Point>
				</Placemark>
				<Placemark>
					<name>Jakobshorn Landeplatz 3</name>
					<description><![CDATA[Landeplatz<br/>Gemeinde Davos, Höhe NN 1533m<br/><a href="https://service.dhv.de/db2/details.php?qi=glp_details&amp;popup=1&amp;item=1481" target="_blank">Details anzeigen</a>]]></description>
					<styleUrl>#dhv_landeplatz</styleUrl>
					<Point>
						<coordinates>9.827869,46.795608</coordinates>
					</Point>
				</Placemark>
				<Placemark>
					<name>Jakobshorn Landeplatz 4</name>
					<description><![CDATA[Landeplatz<br/>Gemeinde Davos, Höhe NN 1532m<br/><a href="https://service.dhv.de/db2/details.php?qi=glp_details&amp;popup=1&amp;item=1481" target="_blank">Details anzeigen</a>]]></description>
					<styleUrl>#dhv_landeplatz</styleUrl>
					<Point>
						<coordinates>9.818331,46.787336</coordinates>
					</Point>
				</Placemark>
			</Folder>
			<Folder>
				<name>La Punt</name>
				<description><![CDATA[Hanggelände für Gleitschirme<br/>Max. Höhendifferenz 718m.<br/><a href="https://service.dhv.de/db2/details.php?qi=glp_details&amp;popup=1&amp;item=2067">Details anzeigen</a>]]></description>
				<styleUrl>#dhv_gelaende</styleUrl>
				<open>0</open>
				<Placemark>
					<name>La Punt Startplatz</name>
					<description><![CDATA[Startplatz, Startrichtung O<br/>Gemeinde La Punt-Chamues-ch, Höhe NN 2409m<br/><a href="https://service.dhv.de/db2/details.php?qi=glp_details&amp;popup=1&amp;item=2067" target="_blank">Details anzeigen</a>]]></description>
					<styleUrl>#dhv_startplatz</styleUrl>
					<Point>
						<coordinates>9.909753,46.590194</coordinates>
					</Point>
				</Placemark>
				<Placemark>
					<name>La Punt Landeplatz</name>
					<description><![CDATA[Landeplatz<br/>Gemeinde La Punt-Chamues-ch, Höhe NN 1691m<br/><a href="https://service.dhv.de/db2/details.php?qi=glp_details&amp;popup=1&amp;item=2067" target="_blank">Details anzeigen</a>]]></description>
					<styleUrl>#dhv_landeplatz</styleUrl>
					<Point>
						<coordinates>9.927011,46.574992</coordinates>
					</Point>
				</Placemark>
			</Folder>
			<Folder>
				<name>Ladir</name>
				<description><![CDATA[Hanggelände für Gleitschirme und Hängegleiter<br/>Max. Höhendifferenz 577m.<br/><a href="https://service.dhv.de/db2/details.php?qi=glp_details&amp;popup=1&amp;item=2073">Details anzeigen</a>]]></description>
				<styleUrl>#dhv_gelaende</styleUrl>
				<open>0</open>
				<Placemark>
					<name>Ladir Startplatz</name>
					<description><![CDATA[Startplatz, Startrichtung SO<br/>Gemeinde Falera, Höhe NN 1271m<br/><a href="https://service.dhv.de/db2/details.php?qi=glp_details&amp;popup=1&amp;item=2073" target="_blank">Details anzeigen</a>]]></description>
					<styleUrl>#dhv_startplatz</styleUrl>
					<Point>
						<coordinates>9.210150,46.792689</coordinates>
					</Point>
				</Placemark>
				<Placemark>
					<name>Falera Landeplatz</name>
					<description><![CDATA[Landeplatz<br/>Gemeinde Falera, Höhe NN 694m<br/><a href="https://service.dhv.de/db2/details.php?qi=glp_details&amp;popup=1&amp;item=2073" target="_blank">Details anzeigen</a>]]></description>
					<styleUrl>#dhv_landeplatz</styleUrl>
					<Point>
						<coordinates>9.221339,46.781144</coordinates>
					</Point>
				</Placemark>
			</Folder>
			<Folder>
				<name>Lai Alv</name>
				<description><![CDATA[Hanggelände für Gleitschirme<br/>Max. Höhendifferenz 1250m.<br/><a href="https://service.dhv.de/db2/details.php?qi=glp_details&amp;popup=1&amp;item=1565">Details anzeigen</a>]]></description>
				<styleUrl>#dhv_gelaende</styleUrl>
				<open>0</open>
				<Placemark>
					<name>Lai Alv Startplatz 2</name>
					<description><![CDATA[Startplatz, Startrichtung W<br/>Gemeinde Disentis, Höhe NN 2480m<br/><a href="https://service.dhv.de/db2/details.php?qi=glp_details&amp;popup=1&amp;item=1565" target="_blank">Details anzeigen</a>]]></description>
					<styleUrl>#dhv_startplatz</styleUrl>
					<Point>
						<coordinates>8.788065,46.709456</coordinates>
					</Point>
				</Placemark>
				<Placemark>
					<name>Lai Alv Startplatz 1</name>
					<description><![CDATA[Startplatz, Startrichtung S<br/>Gemeinde Disentis, Höhe NN 2469m<br/><a href="https://service.dhv.de/db2/details.php?qi=glp_details&amp;popup=1&amp;item=1565" target="_blank">Details anzeigen</a>]]></description>
					<styleUrl>#dhv_startplatz</styleUrl>
					<Point>
						<coordinates>8.788977,46.711369</coordinates>
					</Point>
				</Placemark>
				<Placemark>
					<name>Lai Alv Landeplatz</name>
					<description><![CDATA[Landeplatz<br/>Gemeinde Disentis, Höhe NN 1230m<br/><a href="https://service.dhv.de/db2/details.php?qi=glp_details&amp;popup=1&amp;item=1565" target="_blank">Details anzeigen</a>]]></description>
					<styleUrl>#dhv_landeplatz</styleUrl>
					<Point>
						<coordinates>8.842000,46.697803</coordinates>
					</Point>
				</Placemark>
			</Folder>
			<Folder>
				<name>Montalin</name>
				<description><![CDATA[Hanggelände für Gleitschirme<br/>Max. Höhendifferenz 1599m.<br/><a href="https://service.dhv.de/db2/details.php?qi=glp_details&amp;popup=1&amp;item=2074">Details anzeigen</a>]]></description>
				<styleUrl>#dhv_gelaende</styleUrl>
				<open>0</open>
				<Placemark>
					<name>Montalin Startplatz</name>
					<description><![CDATA[Startplatz, Startrichtung SW-W<br/>Gemeinde Chur, Höhe NN 2256m<br/><a href="https://service.dhv.de/db2/details.php?qi=glp_details&amp;popup=1&amp;item=2074" target="_blank">Details anzeigen</a>]]></description>
					<styleUrl>#dhv_startplatz</styleUrl>
					<Point>
						<coordinates>9.590303,46.863458</coordinates>
					</Point>
				</Placemark>
				<Placemark>
					<name>Calandasiten Landeplatz</name>
					<description><![CDATA[Landeplatz<br/>Gemeinde Chur, Höhe NN 657m<br/><a href="https://service.dhv.de/db2/details.php?qi=glp_details&amp;popup=1&amp;item=2074" target="_blank">Details anzeigen</a>]]></description>
					<styleUrl>#dhv_landeplatz</styleUrl>
					<Point>
						<coordinates>9.543067,46.867697</coordinates>
					</Point>
				</Placemark>
			</Folder>
			<Folder>
				<name>Motta Naluns</name>
				<description><![CDATA[Hanggelände für Gleitschirme und Hängegleiter<br/>Max. Höhendifferenz 859m.<br/><a href="https://service.dhv.de/db2/details.php?qi=glp_details&amp;popup=1&amp;item=1561">Details anzeigen</a>]]></description>
				<styleUrl>#dhv_gelaende</styleUrl>
				<open>0</open>
				<Placemark>
					<name>Motta Naluns Startplatz 2</name>
					<description><![CDATA[Startplatz, Startrichtung O-S<br/>Gemeinde Scuol, Höhe NN 2168m<br/><a href="https://service.dhv.de/db2/details.php?qi=glp_details&amp;popup=1&amp;item=1561" target="_blank">Details anzeigen</a>]]></description>
					<styleUrl>#dhv_startplatz</styleUrl>
					<Point>
						<coordinates>10.273193,46.812896</coordinates>
					</Point>
				</Placemark>
				<Placemark>
					<name>Motta Naluns Startplatz 1</name>
					<description><![CDATA[Startplatz, Startrichtung SO<br/>Gemeinde Scuol, Höhe NN 2110m<br/><a href="https://service.dhv.de/db2/details.php?qi=glp_details&amp;popup=1&amp;item=1561" target="_blank">Details anzeigen</a>]]></description>
					<styleUrl>#dhv_startplatz</styleUrl>
					<Point>
						<coordinates>10.272710,46.809526</coordinates>
					</Point>
				</Placemark>
				<Placemark>
					<name>Motta Naluns Landeplatz</name>
					<description><![CDATA[Landeplatz<br/>Gemeinde Scuol, Höhe NN 1309m<br/><a href="https://service.dhv.de/db2/details.php?qi=glp_details&amp;popup=1&amp;item=1561" target="_blank">Details anzeigen</a>]]></description>
					<styleUrl>#dhv_landeplatz</styleUrl>
					<Point>
						<coordinates>10.285481,46.794981</coordinates>
					</Point>
				</Placemark>
			</Folder>
			<Folder>
				<name>Muottas Muragl</name>
				<description><![CDATA[Hanggelände für Gleitschirme<br/>Max. Höhendifferenz 492m.<br/><a href="https://service.dhv.de/db2/details.php?qi=glp_details&amp;popup=1&amp;item=2066">Details anzeigen</a>]]></description>
				<styleUrl>#dhv_gelaende</styleUrl>
				<open>0</open>
				<Placemark>
					<name>Muottas Muragl Startplatz</name>
					<description><![CDATA[Startplatz, Startrichtung S-SW<br/>Gemeinde Pontresina, Höhe NN 2240m<br/><a href="https://service.dhv.de/db2/details.php?qi=glp_details&amp;popup=1&amp;item=2066" target="_blank">Details anzeigen</a>]]></description>
					<styleUrl>#dhv_startplatz</styleUrl>
					<Point>
						<coordinates>9.902415,46.521223</coordinates>
					</Point>
				</Placemark>
				<Placemark>
					<name>Muottas Muragl Landeplatz</name>
					<description><![CDATA[Landeplatz<br/>Gemeinde Pontresina, Höhe NN 1748m<br/><a href="https://service.dhv.de/db2/details.php?qi=glp_details&amp;popup=1&amp;item=2066" target="_blank">Details anzeigen</a>]]></description>
					<styleUrl>#dhv_landeplatz</styleUrl>
					<Point>
						<coordinates>9.884656,46.507747</coordinates>
					</Point>
				</Placemark>
			</Folder>
			<Folder>
				<name>Parpaner Rothorn</name>
				<description><![CDATA[Hanggelände für Gleitschirme<br/>Max. Höhendifferenz 1351m.<br/><a href="https://service.dhv.de/db2/details.php?qi=glp_details&amp;popup=1&amp;item=1485">Details anzeigen</a>]]></description>
				<styleUrl>#dhv_gelaende</styleUrl>
				<open>0</open>
				<Placemark>
					<name>Parpaner Rothorn Startplatz</name>
					<description><![CDATA[Startplatz, Startrichtung SO-S<br/>Gemeinde Lenzerheide, Höhe NN 2841m<br/><a href="https://service.dhv.de/db2/details.php?qi=glp_details&amp;popup=1&amp;item=1485" target="_blank">Details anzeigen</a>]]></description>
					<styleUrl>#dhv_startplatz</styleUrl>
					<Point>
						<coordinates>9.602075,46.742286</coordinates>
					</Point>
				</Placemark>
				<Placemark>
					<name>Parpaner Rothorn Landeplatz 2</name>
					<description><![CDATA[Landeplatz<br/>Gemeinde Prapan, Höhe NN 1498m<br/><a href="https://service.dhv.de/db2/details.php?qi=glp_details&amp;popup=1&amp;item=1485" target="_blank">Details anzeigen</a>]]></description>
					<styleUrl>#dhv_landeplatz</styleUrl>
					<Point>
						<coordinates>9.562056,46.760389</coordinates>
					</Point>
				</Placemark>
				<Placemark>
					<name>Parpaner Rothorn Landeplatz 1</name>
					<description><![CDATA[Landeplatz<br/>Gemeinde Valbella, Höhe NN 1490m<br/><a href="https://service.dhv.de/db2/details.php?qi=glp_details&amp;popup=1&amp;item=1485" target="_blank">Details anzeigen</a>]]></description>
					<styleUrl>#dhv_landeplatz</styleUrl>
					<Point>
						<coordinates>9.552056,46.744094</coordinates>
					</Point>
				</Placemark>
			</Folder>
			<Folder>
				<name>Parsenn</name>
				<description><![CDATA[Hanggelände für Gleitschirme und Hängegleiter<br/>Max. Höhendifferenz 1272m.<br/><a href="https://service.dhv.de/db2/details.php?qi=glp_details&amp;popup=1&amp;item=1482">Details anzeigen</a>]]></description>
				<styleUrl>#dhv_gelaende</styleUrl>
				<open>0</open>
				<Placemark>
					<name>Parsenn Startplatz 2</name>
					<description><![CDATA[Startplatz, Startrichtung N, S<br/>Gemeinde Davos, Höhe NN 2804m<br/><a href="https://service.dhv.de/db2/details.php?qi=glp_details&amp;popup=1&amp;item=1482" target="_blank">Details anzeigen</a>]]></description>
					<styleUrl>#dhv_startplatz</styleUrl>
					<Point>
						<coordinates>9.794594,46.837761</coordinates>
					</Point>
				</Placemark>
				<Placemark>
					<name>Parsenn Startplatz 1</name>
					<description><![CDATA[Startplatz, Startrichtung SO<br/>Gemeinde Davos, Höhe NN 2639m<br/><a href="https://service.dhv.de/db2/details.php?qi=glp_details&amp;popup=1&amp;item=1482" target="_blank">Details anzeigen</a>]]></description>
					<styleUrl>#dhv_startplatz</styleUrl>
					<Point>
						<coordinates>9.805281,46.831597</coordinates>
					</Point>
				</Placemark>
				<Placemark>
					<name>Parsenn Startplatz 3</name>
					<description><![CDATA[Startplatz, Startrichtung O-S<br/>Gemeinde Davos, Höhe NN 2218m<br/><a href="https://service.dhv.de/db2/details.php?qi=glp_details&amp;popup=1&amp;item=1482" target="_blank">Details anzeigen</a>]]></description>
					<styleUrl>#dhv_startplatz</styleUrl>
					<Point>
						<coordinates>9.826492,46.820919</coordinates>
					</Point>
				</Placemark>
				<Placemark>
					<name>Jakobshorn Landeplatz 2</name>
					<description><![CDATA[Landeplatz<br/>Gemeinde Davos, Höhe NN 1534m<br/><a href="https://service.dhv.de/db2/details.php?qi=glp_details&amp;popup=1&amp;item=1482" target="_blank">Details anzeigen</a>]]></description>
					<styleUrl>#dhv_landeplatz</styleUrl>
					<Point>
						<coordinates>9.821633,46.789444</coordinates>
					</Point>
				</Placemark>
				<Placemark>
					<name>Jakobshorn Landeplatz 3</name>
					<description><![CDATA[Landeplatz<br/>Gemeinde Davos, Höhe NN 1533m<br/><a href="https://service.dhv.de/db2/details.php?qi=glp_details&amp;popup=1&amp;item=1482" target="_blank">Details anzeigen</a>]]></description>
					<styleUrl>#dhv_landeplatz</styleUrl>
					<Point>
						<coordinates>9.827869,46.795608</coordinates>
					</Point>
				</Placemark>
				<Placemark>
					<name>Jakobshorn Landeplatz 4</name>
					<description><![CDATA[Landeplatz<br/>Gemeinde Davos, Höhe NN 1532m<br/><a href="https://service.dhv.de/db2/details.php?qi=glp_details&amp;popup=1&amp;item=1482" target="_blank">Details anzeigen</a>]]></description>
					<styleUrl>#dhv_landeplatz</styleUrl>
					<Point>
						<coordinates>9.818331,46.787336</coordinates>
					</Point>
				</Placemark>
			</Folder>
			<Folder>
				<name>Piz Ault</name>
				<description><![CDATA[Hanggelände für Gleitschirme<br/>Max. Höhendifferenz 1672m.<br/><a href="https://service.dhv.de/db2/details.php?qi=glp_details&amp;popup=1&amp;item=1566">Details anzeigen</a>]]></description>
				<styleUrl>#dhv_gelaende</styleUrl>
				<open>0</open>
				<Placemark>
					<name>Piz Ault Startplatz</name>
					<description><![CDATA[Startplatz, Startrichtung SO<br/>Gemeinde Disentis, Höhe NN 2902m<br/><a href="https://service.dhv.de/db2/details.php?qi=glp_details&amp;popup=1&amp;item=1566" target="_blank">Details anzeigen</a>]]></description>
					<styleUrl>#dhv_startplatz</styleUrl>
					<Point>
						<coordinates>8.782886,46.726967</coordinates>
					</Point>
				</Placemark>
				<Placemark>
					<name>Lai Alv Landeplatz</name>
					<description><![CDATA[Landeplatz<br/>Gemeinde Disentis, Höhe NN 1230m<br/><a href="https://service.dhv.de/db2/details.php?qi=glp_details&amp;popup=1&amp;item=1566" target="_blank">Details anzeigen</a>]]></description>
					<styleUrl>#dhv_landeplatz</styleUrl>
					<Point>
						<coordinates>8.842000,46.697803</coordinates>
					</Point>
				</Placemark>
			</Folder>
			<Folder>
				<name>Piz Lagalp</name>
				<description><![CDATA[Hanggelände für Gleitschirme<br/>Max. Höhendifferenz 780m.<br/><a href="https://service.dhv.de/db2/details.php?qi=glp_details&amp;popup=1&amp;item=2069">Details anzeigen</a>]]></description>
				<styleUrl>#dhv_gelaende</styleUrl>
				<open>0</open>
				<Placemark>
					<name>Piz Lagalp Startplatz 2</name>
					<description><![CDATA[Startplatz, Startrichtung NW<br/>Gemeinde Pontrseina, Höhe NN 2895m<br/><a href="https://service.dhv.de/db2/details.php?qi=glp_details&amp;popup=1&amp;item=2069" target="_blank">Details anzeigen</a>]]></description>
					<styleUrl>#dhv_startplatz</styleUrl>
					<Point>
						<coordinates>10.020942,46.429424</coordinates>
					</Point>
				</Placemark>
				<Placemark>
					<name>Piz Lagalp Startplatz 3</name>
					<description><![CDATA[Startplatz, Startrichtung NW<br/>Gemeinde Pontrseina, Höhe NN 2859m<br/><a href="https://service.dhv.de/db2/details.php?qi=glp_details&amp;popup=1&amp;item=2069" target="_blank">Details anzeigen</a>]]></description>
					<styleUrl>#dhv_startplatz</styleUrl>
					<Point>
						<coordinates>10.021849,46.430463</coordinates>
					</Point>
				</Placemark>
				<Placemark>
					<name>Piz Lagalp Startplatz 1</name>
					<description><![CDATA[Startplatz, Startrichtung NW<br/>Gemeinde Pontrseina, Höhe NN 2287m<br/><a href="https://service.dhv.de/db2/details.php?qi=glp_details&amp;popup=1&amp;item=2069" target="_blank">Details anzeigen</a>]]></description>
					<styleUrl>#dhv_startplatz</styleUrl>
					<Point>
						<coordinates>10.022128,46.430181</coordinates>
					</Point>
				</Placemark>
				<Placemark>
					<name>Piz Lagalp Landeplatz</name>
					<description><![CDATA[Landeplatz<br/>Gemeinde Pontrseina, Höhe NN 2115m<br/><a href="https://service.dhv.de/db2/details.php?qi=glp_details&amp;popup=1&amp;item=2069" target="_blank">Details anzeigen</a>]]></description>
					<styleUrl>#dhv_landeplatz</styleUrl>
					<Point>
						<coordinates>9.995869,46.435900</coordinates>
					</Point>
				</Placemark>
			</Folder>
			<Folder>
				<name>Piz Martegnas</name>
				<description><![CDATA[Hanggelände für Gleitschirme<br/>Max. Höhendifferenz 1453m.<br/><a href="https://service.dhv.de/db2/details.php?qi=glp_details&amp;popup=1&amp;item=2075">Details anzeigen</a>]]></description>
				<styleUrl>#dhv_gelaende</styleUrl>
				<open>0</open>
				<Placemark>
					<name>Piz Martegnas Startplatz 3</name>
					<description><![CDATA[Startplatz, Startrichtung NO<br/>Gemeinde Savognin, Höhe NN 2654m<br/><a href="https://service.dhv.de/db2/details.php?qi=glp_details&amp;popup=1&amp;item=2075" target="_blank">Details anzeigen</a>]]></description>
					<styleUrl>#dhv_startplatz</styleUrl>
					<Point>
						<coordinates>9.530414,46.577044</coordinates>
					</Point>
				</Placemark>
				<Placemark>
					<name>Piz Martegnas Startplatz 2</name>
					<description><![CDATA[Startplatz, Startrichtung W<br/>Gemeinde Savognin, Höhe NN 2638m<br/><a href="https://service.dhv.de/db2/details.php?qi=glp_details&amp;popup=1&amp;item=2075" target="_blank">Details anzeigen</a>]]></description>
					<styleUrl>#dhv_startplatz</styleUrl>
					<Point>
						<coordinates>9.530183,46.578217</coordinates>
					</Point>
				</Placemark>
				<Placemark>
					<name>Piz Martegnas Startplatz 1</name>
					<description><![CDATA[Startplatz, Startrichtung N-NO<br/>Gemeinde Savognin, Höhe NN 2583m<br/><a href="https://service.dhv.de/db2/details.php?qi=glp_details&amp;popup=1&amp;item=2075" target="_blank">Details anzeigen</a>]]></description>
					<styleUrl>#dhv_startplatz</styleUrl>
					<Point>
						<coordinates>9.531761,46.581664</coordinates>
					</Point>
				</Placemark>
				<Placemark>
					<name>Piz Martegnas Landeplatz</name>
					<description><![CDATA[Landeplatz<br/>Gemeinde Savognin, Höhe NN 1201m<br/><a href="https://service.dhv.de/db2/details.php?qi=glp_details&amp;popup=1&amp;item=2075" target="_blank">Details anzeigen</a>]]></description>
					<styleUrl>#dhv_landeplatz</styleUrl>
					<Point>
						<coordinates>9.594919,46.598419</coordinates>
					</Point>
				</Placemark>
				<Placemark>
					<name>Somtgant Landeplatz</name>
					<description><![CDATA[Landeplatz<br/>Gemeinde Savognin, Höhe NN 1179m<br/><a href="https://service.dhv.de/db2/details.php?qi=glp_details&amp;popup=1&amp;item=2075" target="_blank">Details anzeigen</a>]]></description>
					<styleUrl>#dhv_landeplatz</styleUrl>
					<Point>
						<coordinates>9.598142,46.591511</coordinates>
					</Point>
				</Placemark>
			</Folder>
			<Folder>
				<name>Piz Mundaun</name>
				<description><![CDATA[Hanggelände für Gleitschirme<br/>Max. Höhendifferenz 1359m.<br/><a href="https://service.dhv.de/db2/details.php?qi=glp_details&amp;popup=1&amp;item=1494">Details anzeigen</a>]]></description>
				<styleUrl>#dhv_gelaende</styleUrl>
				<open>0</open>
				<Placemark>
					<name>Piz Mundaun Startplatz</name>
					<description><![CDATA[Startplatz, Startrichtung SO-SW, NW-NO<br/>Gemeinde Mundaun-Obersaxen, Höhe NN 2053m<br/><a href="https://service.dhv.de/db2/details.php?qi=glp_details&amp;popup=1&amp;item=1494" target="_blank">Details anzeigen</a>]]></description>
					<styleUrl>#dhv_startplatz</styleUrl>
					<Point>
						<coordinates>9.158194,46.742264</coordinates>
					</Point>
				</Placemark>
				<Placemark>
					<name>Piz Mundaun Landeplatz</name>
					<description><![CDATA[Landeplatz<br/>Gemeinde Schluein, Höhe NN 694m<br/><a href="https://service.dhv.de/db2/details.php?qi=glp_details&amp;popup=1&amp;item=1494" target="_blank">Details anzeigen</a>]]></description>
					<styleUrl>#dhv_landeplatz</styleUrl>
					<Point>
						<coordinates>9.221006,46.780978</coordinates>
					</Point>
				</Placemark>
			</Folder>
			<Folder>
				<name>Piz Nair</name>
				<description><![CDATA[Hanggelände für Gleitschirme<br/>Max. Höhendifferenz 1182m.<br/><a href="https://service.dhv.de/db2/details.php?qi=glp_details&amp;popup=1&amp;item=5309">Details anzeigen</a>]]></description>
				<styleUrl>#dhv_gelaende</styleUrl>
				<open>0</open>
				<Placemark>
					<name>Piz Nair Startplatz</name>
					<description><![CDATA[Startplatz, Startrichtung SO<br/>Gemeinde St. Moritz, Höhe NN 2979m<br/><a href="https://service.dhv.de/db2/details.php?qi=glp_details&amp;popup=1&amp;item=5309" target="_blank">Details anzeigen</a>]]></description>
					<styleUrl>#dhv_startplatz</styleUrl>
					<Point>
						<coordinates>9.789078,46.505800</coordinates>
					</Point>
				</Placemark>
				<Placemark>
					<name>Corvatsch Landeplatz 1</name>
					<description><![CDATA[Landeplatz<br/>Gemeinde Silvaplana, Höhe NN 1797m<br/><a href="https://service.dhv.de/db2/details.php?qi=glp_details&amp;popup=1&amp;item=5309" target="_blank">Details anzeigen</a>]]></description>
					<styleUrl>#dhv_landeplatz</styleUrl>
					<Point>
						<coordinates>9.797850,46.457317</coordinates>
					</Point>
				</Placemark>
			</Folder>
			<Folder>
				<name>Plaun Tir</name>
				<description><![CDATA[Hanggelände für Gleitschirme<br/>Max. Höhendifferenz 942m.<br/><a href="https://service.dhv.de/db2/details.php?qi=glp_details&amp;popup=1&amp;item=1567">Details anzeigen</a>]]></description>
				<styleUrl>#dhv_gelaende</styleUrl>
				<open>0</open>
				<Placemark>
					<name>Plaun Tir Startplatz</name>
					<description><![CDATA[Startplatz, Startrichtung SO-SW<br/>Gemeinde Disentis, Höhe NN 2172m<br/><a href="https://service.dhv.de/db2/details.php?qi=glp_details&amp;popup=1&amp;item=1567" target="_blank">Details anzeigen</a>]]></description>
					<styleUrl>#dhv_startplatz</styleUrl>
					<Point>
						<coordinates>8.796842,46.706325</coordinates>
					</Point>
				</Placemark>
				<Placemark>
					<name>Lai Alv Landeplatz</name>
					<description><![CDATA[Landeplatz<br/>Gemeinde Disentis, Höhe NN 1230m<br/><a href="https://service.dhv.de/db2/details.php?qi=glp_details&amp;popup=1&amp;item=1567" target="_blank">Details anzeigen</a>]]></description>
					<styleUrl>#dhv_landeplatz</styleUrl>
					<Point>
						<coordinates>8.842000,46.697803</coordinates>
					</Point>
				</Placemark>
			</Folder>
			<Folder>
				<name>Präzer Alp</name>
				<description><![CDATA[Hanggelände für Gleitschirme<br/>Max. Höhendifferenz 1459m.<br/><a href="https://service.dhv.de/db2/details.php?qi=glp_details&amp;popup=1&amp;item=1487">Details anzeigen</a>]]></description>
				<styleUrl>#dhv_gelaende</styleUrl>
				<open>0</open>
				<Placemark>
					<name>Präzer Alp Startplatz 2</name>
					<description><![CDATA[Startplatz, Startrichtung SO<br/>Gemeinde Cazis, Höhe NN 2112m<br/><a href="https://service.dhv.de/db2/details.php?qi=glp_details&amp;popup=1&amp;item=1487" target="_blank">Details anzeigen</a>]]></description>
					<styleUrl>#dhv_startplatz</styleUrl>
					<Point>
						<coordinates>9.373931,46.739297</coordinates>
					</Point>
				</Placemark>
				<Placemark>
					<name>Präzer Alp Startplatz 1</name>
					<description><![CDATA[Startplatz, Startrichtung SO<br/>Gemeinde Cazis, Höhe NN 1925m<br/><a href="https://service.dhv.de/db2/details.php?qi=glp_details&amp;popup=1&amp;item=1487" target="_blank">Details anzeigen</a>]]></description>
					<styleUrl>#dhv_startplatz</styleUrl>
					<Point>
						<coordinates>9.379992,46.739467</coordinates>
					</Point>
				</Placemark>
				<Placemark>
					<name>Scalottas Landeplatz</name>
					<description><![CDATA[Landeplatz<br/>Gemeinde Cazis, Höhe NN 653m<br/><a href="https://service.dhv.de/db2/details.php?qi=glp_details&amp;popup=1&amp;item=1487" target="_blank">Details anzeigen</a>]]></description>
					<styleUrl>#dhv_landeplatz</styleUrl>
					<Point>
						<coordinates>9.439536,46.719217</coordinates>
					</Point>
				</Placemark>
			</Folder>
			<Folder>
				<name>Sassiglion</name>
				<description><![CDATA[Hanggelände für Gleitschirme und Hängegleiter<br/>Max. Höhendifferenz 1095m.<br/><a href="https://service.dhv.de/db2/details.php?qi=glp_details&amp;popup=1&amp;item=5364">Details anzeigen</a>]]></description>
				<styleUrl>#dhv_gelaende</styleUrl>
				<open>0</open>
				<Placemark>
					<name>Sassiglion Startplatz 1</name>
					<description><![CDATA[Startplatz, Startrichtung SW<br/>Gemeinde Poschiavo, Höhe NN 2069m<br/><a href="https://service.dhv.de/db2/details.php?qi=glp_details&amp;popup=1&amp;item=5364" target="_blank">Details anzeigen</a>]]></description>
					<styleUrl>#dhv_startplatz</styleUrl>
					<Point>
						<coordinates>10.094819,46.318597</coordinates>
					</Point>
				</Placemark>
				<Placemark>
					<name>Sassiglion Startplatz 2</name>
					<description><![CDATA[Startplatz, Startrichtung SW-W<br/>Gemeinde Poschiavo, Höhe NN 2015m<br/><a href="https://service.dhv.de/db2/details.php?qi=glp_details&amp;popup=1&amp;item=5364" target="_blank">Details anzeigen</a>]]></description>
					<styleUrl>#dhv_startplatz</styleUrl>
					<Point>
						<coordinates>10.093461,46.319925</coordinates>
					</Point>
				</Placemark>
				<Placemark>
					<name>Sassiglion Landeplatz 2</name>
					<description><![CDATA[Landeplatz<br/>Gemeinde Poschiavo, Höhe NN 1047m<br/><a href="https://service.dhv.de/db2/details.php?qi=glp_details&amp;popup=1&amp;item=5364" target="_blank">Details anzeigen</a>]]></description>
					<styleUrl>#dhv_landeplatz</styleUrl>
					<Point>
						<coordinates>10.063875,46.317553</coordinates>
					</Point>
				</Placemark>
				<Placemark>
					<name>Sassiglion Landeplatz 1</name>
					<description><![CDATA[Landeplatz<br/>Gemeinde Poschiavo, Höhe NN 974m<br/><a href="https://service.dhv.de/db2/details.php?qi=glp_details&amp;popup=1&amp;item=5364" target="_blank">Details anzeigen</a>]]></description>
					<styleUrl>#dhv_landeplatz</styleUrl>
					<Point>
						<coordinates>10.076392,46.302261</coordinates>
					</Point>
				</Placemark>
			</Folder>
			<Folder>
				<name>Scalottas</name>
				<description><![CDATA[Hanggelände für Gleitschirme<br/>Max. Höhendifferenz 1664m.<br/><a href="https://service.dhv.de/db2/details.php?qi=glp_details&amp;popup=1&amp;item=1486">Details anzeigen</a>]]></description>
				<styleUrl>#dhv_gelaende</styleUrl>
				<open>0</open>
				<Placemark>
					<name>Scalottas Startplatz 1</name>
					<description><![CDATA[Startplatz, Startrichtung O, W<br/>Gemeinde Lenzerheide, Höhe NN 2317m<br/><a href="https://service.dhv.de/db2/details.php?qi=glp_details&amp;popup=1&amp;item=1486" target="_blank">Details anzeigen</a>]]></description>
					<styleUrl>#dhv_startplatz</styleUrl>
					<Point>
						<coordinates>9.510169,46.721277</coordinates>
					</Point>
				</Placemark>
				<Placemark>
					<name>Scalottas Startplatz 2</name>
					<description><![CDATA[Startplatz, Startrichtung S<br/>Gemeinde Lenzerheide, Höhe NN 2295m<br/><a href="https://service.dhv.de/db2/details.php?qi=glp_details&amp;popup=1&amp;item=1486" target="_blank">Details anzeigen</a>]]></description>
					<styleUrl>#dhv_startplatz</styleUrl>
					<Point>
						<coordinates>9.510647,46.719761</coordinates>
					</Point>
				</Placemark>
				<Placemark>
					<name>Parpaner Rothorn Landeplatz 2</name>
					<description><![CDATA[Landeplatz<br/>Gemeinde Prapan, Höhe NN 1498m<br/><a href="https://service.dhv.de/db2/details.php?qi=glp_details&amp;popup=1&amp;item=1486" target="_blank">Details anzeigen</a>]]></description>
					<styleUrl>#dhv_landeplatz</styleUrl>
					<Point>
						<coordinates>9.562056,46.760389</coordinates>
					</Point>
				</Placemark>
				<Placemark>
					<name>Parpaner Rothorn Landeplatz 1</name>
					<description><![CDATA[Landeplatz<br/>Gemeinde Valbella, Höhe NN 1490m<br/><a href="https://service.dhv.de/db2/details.php?qi=glp_details&amp;popup=1&amp;item=1486" target="_blank">Details anzeigen</a>]]></description>
					<styleUrl>#dhv_landeplatz</styleUrl>
					<Point>
						<coordinates>9.552056,46.744094</coordinates>
					</Point>
				</Placemark>
				<Placemark>
					<name>Scalottas Landeplatz</name>
					<description><![CDATA[Landeplatz<br/>Gemeinde Cazis, Höhe NN 653m<br/><a href="https://service.dhv.de/db2/details.php?qi=glp_details&amp;popup=1&amp;item=1486" target="_blank">Details anzeigen</a>]]></description>
					<styleUrl>#dhv_landeplatz</styleUrl>
					<Point>
						<coordinates>9.439536,46.719217</coordinates>
					</Point>
				</Placemark>
			</Folder>
			<Folder>
				<name>Schatzalp</name>
				<description><![CDATA[Hanggelände für Gleitschirme<br/>Max. Höhendifferenz 441m.<br/><a href="https://service.dhv.de/db2/details.php?qi=glp_details&amp;popup=1&amp;item=1484">Details anzeigen</a>]]></description>
				<styleUrl>#dhv_gelaende</styleUrl>
				<open>0</open>
				<Placemark>
					<name>Schatzalp Startplatz</name>
					<description><![CDATA[Startplatz, Startrichtung SO-S<br/>Gemeinde Davos, Höhe NN 1973m<br/><a href="https://service.dhv.de/db2/details.php?qi=glp_details&amp;popup=1&amp;item=1484" target="_blank">Details anzeigen</a>]]></description>
					<styleUrl>#dhv_startplatz</styleUrl>
					<Point>
						<coordinates>9.817144,46.805203</coordinates>
					</Point>
				</Placemark>
				<Placemark>
					<name>Jakobshorn Landeplatz 2</name>
					<description><![CDATA[Landeplatz<br/>Gemeinde Davos, Höhe NN 1534m<br/><a href="https://service.dhv.de/db2/details.php?qi=glp_details&amp;popup=1&amp;item=1484" target="_blank">Details anzeigen</a>]]></description>
					<styleUrl>#dhv_landeplatz</styleUrl>
					<Point>
						<coordinates>9.821633,46.789444</coordinates>
					</Point>
				</Placemark>
				<Placemark>
					<name>Jakobshorn Landeplatz 4</name>
					<description><![CDATA[Landeplatz<br/>Gemeinde Davos, Höhe NN 1532m<br/><a href="https://service.dhv.de/db2/details.php?qi=glp_details&amp;popup=1&amp;item=1484" target="_blank">Details anzeigen</a>]]></description>
					<styleUrl>#dhv_landeplatz</styleUrl>
					<Point>
						<coordinates>9.818331,46.787336</coordinates>
					</Point>
				</Placemark>
			</Folder>
			<Folder>
				<name>Schlans</name>
				<description><![CDATA[Hanggelände für Gleitschirme<br/>Max. Höhendifferenz 1080m.<br/><a href="https://service.dhv.de/db2/details.php?qi=glp_details&amp;popup=1&amp;item=2078">Details anzeigen</a>]]></description>
				<styleUrl>#dhv_gelaende</styleUrl>
				<open>0</open>
				<Placemark>
					<name>Schlans Startplatz</name>
					<description><![CDATA[Startplatz, Startrichtung S<br/>Gemeinde Trun, Höhe NN 1928m<br/><a href="https://service.dhv.de/db2/details.php?qi=glp_details&amp;popup=1&amp;item=2078" target="_blank">Details anzeigen</a>]]></description>
					<styleUrl>#dhv_startplatz</styleUrl>
					<Point>
						<coordinates>8.996711,46.767850</coordinates>
					</Point>
				</Placemark>
				<Placemark>
					<name>Schlans Landeplatz</name>
					<description><![CDATA[Landeplatz<br/>Gemeinde Trun, Höhe NN 848m<br/><a href="https://service.dhv.de/db2/details.php?qi=glp_details&amp;popup=1&amp;item=2078" target="_blank">Details anzeigen</a>]]></description>
					<styleUrl>#dhv_landeplatz</styleUrl>
					<Point>
						<coordinates>8.991567,46.741133</coordinates>
					</Point>
				</Placemark>
			</Folder>
			<Folder>
				<name>Somdoss</name>
				<description><![CDATA[Hanggelände für Gleitschirme<br/>Max. Höhendifferenz 1171m.<br/><a href="https://service.dhv.de/db2/details.php?qi=glp_details&amp;popup=1&amp;item=5365">Details anzeigen</a>]]></description>
				<styleUrl>#dhv_gelaende</styleUrl>
				<open>0</open>
				<Placemark>
					<name>Somdoss Startplatz</name>
					<description><![CDATA[Startplatz, Startrichtung SO<br/>Gemeinde Poschiavo, Höhe NN 2185m<br/><a href="https://service.dhv.de/db2/details.php?qi=glp_details&amp;popup=1&amp;item=5365" target="_blank">Details anzeigen</a>]]></description>
					<styleUrl>#dhv_startplatz</styleUrl>
					<Point>
						<coordinates>10.020094,46.335844</coordinates>
					</Point>
				</Placemark>
				<Placemark>
					<name>Somdoss Landeplatz</name>
					<description><![CDATA[Landeplatz<br/>Gemeinde Poschiavo, Höhe NN 1014m<br/><a href="https://service.dhv.de/db2/details.php?qi=glp_details&amp;popup=1&amp;item=5365" target="_blank">Details anzeigen</a>]]></description>
					<styleUrl>#dhv_landeplatz</styleUrl>
					<Point>
						<coordinates>10.055767,46.319433</coordinates>
					</Point>
				</Placemark>
			</Folder>
			<Folder>
				<name>Somtgant</name>
				<description><![CDATA[Hanggelände für Gleitschirme<br/>Max. Höhendifferenz 1079m.<br/><a href="https://service.dhv.de/db2/details.php?qi=glp_details&amp;popup=1&amp;item=2076">Details anzeigen</a>]]></description>
				<styleUrl>#dhv_gelaende</styleUrl>
				<open>0</open>
				<Placemark>
					<name>Somtgant Startplatz 1</name>
					<description><![CDATA[Startplatz, Startrichtung NO-O<br/>Gemeinde Savognin, Höhe NN 2258m<br/><a href="https://service.dhv.de/db2/details.php?qi=glp_details&amp;popup=1&amp;item=2076" target="_blank">Details anzeigen</a>]]></description>
					<styleUrl>#dhv_startplatz</styleUrl>
					<Point>
						<coordinates>9.547106,46.587506</coordinates>
					</Point>
				</Placemark>
				<Placemark>
					<name>Somtgant Startplatz 2</name>
					<description><![CDATA[Startplatz, Startrichtung NO<br/>Gemeinde Savognin, Höhe NN 2010m<br/><a href="https://service.dhv.de/db2/details.php?qi=glp_details&amp;popup=1&amp;item=2076" target="_blank">Details anzeigen</a>]]></description>
					<styleUrl>#dhv_startplatz</styleUrl>
					<Point>
						<coordinates>9.557694,46.589033</coordinates>
					</Point>
				</Placemark>
				<Placemark>
					<name>Piz Martegnas Landeplatz</name>
					<description><![CDATA[Landeplatz<br/>Gemeinde Savognin, Höhe NN 1201m<br/><a href="https://service.dhv.de/db2/details.php?qi=glp_details&amp;popup=1&amp;item=2076" target="_blank">Details anzeigen</a>]]></description>
					<styleUrl>#dhv_landeplatz</styleUrl>
					<Point>
						<coordinates>9.594919,46.598419</coordinates>
					</Point>
				</Placemark>
				<Placemark>
					<name>Somtgant Landeplatz</name>
					<description><![CDATA[Landeplatz<br/>Gemeinde Savognin, Höhe NN 1179m<br/><a href="https://service.dhv.de/db2/details.php?qi=glp_details&amp;popup=1&amp;item=2076" target="_blank">Details anzeigen</a>]]></description>
					<styleUrl>#dhv_landeplatz</styleUrl>
					<Point>
						<coordinates>9.598142,46.591511</coordinates>
					</Point>
				</Placemark>
			</Folder>
			<Folder>
				<name>Stein</name>
				<description><![CDATA[Hanggelände für Gleitschirme<br/><a href="https://service.dhv.de/db2/details.php?qi=glp_details&amp;popup=1&amp;item=1492">Details anzeigen</a>]]></description>
				<styleUrl>#dhv_gelaende</styleUrl>
				<open>0</open>
				<Placemark>
					<name>Stein Startplatz</name>
					<description><![CDATA[Startplatz, Startrichtung W-NW, SO-SW<br/>Gemeinde Obersaxen, Höhe NN 2167m<br/><a href="https://service.dhv.de/db2/details.php?qi=glp_details&amp;popup=1&amp;item=1492" target="_blank">Details anzeigen</a>]]></description>
					<styleUrl>#dhv_startplatz</styleUrl>
					<Point>
						<coordinates>9.126269,46.725819</coordinates>
					</Point>
				</Placemark>
			</Folder>
			<Folder>
				<name>Stelserberg</name>
				<description><![CDATA[Hanggelände für Gleitschirme und Hängegleiter<br/>Max. Höhendifferenz 894m.<br/><a href="https://service.dhv.de/db2/details.php?qi=glp_details&amp;popup=1&amp;item=1286">Details anzeigen</a>]]></description>
				<styleUrl>#dhv_gelaende</styleUrl>
				<open>0</open>
				<Placemark>
					<name>Stelserberg Startplatz</name>
					<description><![CDATA[Startplatz, Startrichtung S-SW<br/>Gemeinde Schiers, Höhe NN 1480m<br/><a href="https://service.dhv.de/db2/details.php?qi=glp_details&amp;popup=1&amp;item=1286" target="_blank">Details anzeigen</a>]]></description>
					<styleUrl>#dhv_startplatz</styleUrl>
					<Point>
						<coordinates>9.724056,46.962028</coordinates>
					</Point>
				</Placemark>
				<Placemark>
					<name>Stelserberg Landeplatz</name>
					<description><![CDATA[Landeplatz<br/>Gemeinde Schiers, Höhe NN 586m<br/><a href="https://service.dhv.de/db2/details.php?qi=glp_details&amp;popup=1&amp;item=1286" target="_blank">Details anzeigen</a>]]></description>
					<styleUrl>#dhv_landeplatz</styleUrl>
					<Point>
						<coordinates>9.693943,46.965369</coordinates>
					</Point>
				</Placemark>
			</Folder>
			<Folder>
				<name>Terza</name>
				<description><![CDATA[Hanggelände für Gleitschirme<br/>Max. Höhendifferenz 329m.<br/><a href="https://service.dhv.de/db2/details.php?qi=glp_details&amp;popup=1&amp;item=5513">Details anzeigen</a>]]></description>
				<styleUrl>#dhv_gelaende</styleUrl>
				<open>0</open>
				<Placemark>
					<name>Terza Startplatz 2</name>
					<description><![CDATA[Startplatz, Startrichtung SO-S<br/>Gemeinde Santa Maria im Münstertal, Höhe NN 2156m<br/><a href="https://service.dhv.de/db2/details.php?qi=glp_details&amp;popup=1&amp;item=5513" target="_blank">Details anzeigen</a>]]></description>
					<styleUrl>#dhv_startplatz</styleUrl>
					<Point>
						<coordinates>10.416094,46.625156</coordinates>
					</Point>
				</Placemark>
				<Placemark>
					<name>Terza Startplatz 1</name>
					<description><![CDATA[Startplatz, Startrichtung SO<br/>Gemeinde Santa Maria im Münstertal, Höhe NN 1827m<br/><a href="https://service.dhv.de/db2/details.php?qi=glp_details&amp;popup=1&amp;item=5513" target="_blank">Details anzeigen</a>]]></description>
					<styleUrl>#dhv_startplatz</styleUrl>
					<Point>
						<coordinates>10.423711,46.620172</coordinates>
					</Point>
				</Placemark>
			</Folder>
			<Folder>
				<name>Trans</name>
				<description><![CDATA[Hanggelände für Gleitschirme<br/>Max. Höhendifferenz 657m.<br/><a href="https://service.dhv.de/db2/details.php?qi=glp_details&amp;popup=1&amp;item=1488">Details anzeigen</a>]]></description>
				<styleUrl>#dhv_gelaende</styleUrl>
				<open>0</open>
				<Placemark>
					<name>Trans Startplatz</name>
					<description><![CDATA[Startplatz, Startrichtung S<br/>Gemeinde Cazis, Höhe NN 1454m<br/><a href="https://service.dhv.de/db2/details.php?qi=glp_details&amp;popup=1&amp;item=1488" target="_blank">Details anzeigen</a>]]></description>
					<styleUrl>#dhv_startplatz</styleUrl>
					<Point>
						<coordinates>9.460375,46.763669</coordinates>
					</Point>
				</Placemark>
				<Placemark>
					<name>Trans Landeplatz</name>
					<description><![CDATA[Landeplatz<br/>Gemeinde Cazis, Höhe NN 797m<br/><a href="https://service.dhv.de/db2/details.php?qi=glp_details&amp;popup=1&amp;item=1488" target="_blank">Details anzeigen</a>]]></description>
					<styleUrl>#dhv_landeplatz</styleUrl>
					<Point>
						<coordinates>9.443608,46.757681</coordinates>
					</Point>
				</Placemark>
			</Folder>
			<Folder>
				<name>Varuna</name>
				<description><![CDATA[Hanggelände für Gleitschirme<br/>Max. Höhendifferenz 842m.<br/><a href="https://service.dhv.de/db2/details.php?qi=glp_details&amp;popup=1&amp;item=5366">Details anzeigen</a>]]></description>
				<styleUrl>#dhv_gelaende</styleUrl>
				<open>0</open>
				<Placemark>
					<name>Varuna Startplatz</name>
					<description><![CDATA[Startplatz, Startrichtung SO<br/>Gemeinde San Carlo, Höhe NN 1928m<br/><a href="https://service.dhv.de/db2/details.php?qi=glp_details&amp;popup=1&amp;item=5366" target="_blank">Details anzeigen</a>]]></description>
					<styleUrl>#dhv_startplatz</styleUrl>
					<Point>
						<coordinates>10.036439,46.348522</coordinates>
					</Point>
				</Placemark>
				<Placemark>
					<name>Varuna Landeplatz</name>
					<description><![CDATA[Landeplatz<br/>Gemeinde San Carlo, Höhe NN 1086m<br/><a href="https://service.dhv.de/db2/details.php?qi=glp_details&amp;popup=1&amp;item=5366" target="_blank">Details anzeigen</a>]]></description>
					<styleUrl>#dhv_landeplatz</styleUrl>
					<Point>
						<coordinates>10.061786,46.344267</coordinates>
					</Point>
				</Placemark>
			</Folder>
			<Folder>
				<name>Vilan</name>
				<description><![CDATA[Hanggelände für Gleitschirme<br/>Max. Höhendifferenz 1794m.<br/><a href="https://service.dhv.de/db2/details.php?qi=glp_details&amp;popup=1&amp;item=1778">Details anzeigen</a>]]></description>
				<styleUrl>#dhv_gelaende</styleUrl>
				<open>0</open>
				<Placemark>
					<name>Vilan Startplatz</name>
					<description><![CDATA[Startplatz, Startrichtung SW<br/>Gemeinde Malans, Höhe NN 1794m<br/><a href="https://service.dhv.de/db2/details.php?qi=glp_details&amp;popup=1&amp;item=1778" target="_blank">Details anzeigen</a>]]></description>
					<styleUrl>#dhv_startplatz</styleUrl>
					<Point>
						<coordinates>9.590386,47.011728</coordinates>
					</Point>
				</Placemark>
			</Folder>
			<Folder>
				<name>Weisshorn</name>
				<description><![CDATA[Hanggelände für Gleitschirme und Hängegleiter<br/>Max. Höhendifferenz 1034m.<br/><a href="https://service.dhv.de/db2/details.php?qi=glp_details&amp;popup=1&amp;item=2071">Details anzeigen</a>]]></description>
				<styleUrl>#dhv_gelaende</styleUrl>
				<open>0</open>
				<Placemark>
					<name>Weisshorn Startplatz 2</name>
					<description><![CDATA[Startplatz, Startrichtung NO<br/>Gemeinde Arosa, Höhe NN 2649m<br/><a href="https://service.dhv.de/db2/details.php?qi=glp_details&amp;popup=1&amp;item=2071" target="_blank">Details anzeigen</a>]]></description>
					<styleUrl>#dhv_startplatz</styleUrl>
					<Point>
						<coordinates>9.638686,46.789522</coordinates>
					</Point>
				</Placemark>
				<Placemark>
					<name>Weisshorn Startplatz 1</name>
					<description><![CDATA[Startplatz, Startrichtung SW<br/>Gemeinde Arosa, Höhe NN 2637m<br/><a href="https://service.dhv.de/db2/details.php?qi=glp_details&amp;popup=1&amp;item=2071" target="_blank">Details anzeigen</a>]]></description>
					<styleUrl>#dhv_startplatz</styleUrl>
					<Point>
						<coordinates>9.637828,46.789025</coordinates>
					</Point>
				</Placemark>
				<Placemark>
					<name>Weisshorn Landeplatz 1</name>
					<description><![CDATA[Landeplatz<br/>Gemeinde Arosa, Höhe NN 1915m<br/><a href="https://service.dhv.de/db2/details.php?qi=glp_details&amp;popup=1&amp;item=2071" target="_blank">Details anzeigen</a>]]></description>
					<styleUrl>#dhv_landeplatz</styleUrl>
					<Point>
						<coordinates>9.672864,46.790389</coordinates>
					</Point>
				</Placemark>
				<Placemark>
					<name>Weisshorn Landeplatz 2</name>
					<description><![CDATA[Landeplatz<br/>Gemeinde Arosa, Höhe NN 1615m<br/><a href="https://service.dhv.de/db2/details.php?qi=glp_details&amp;popup=1&amp;item=2071" target="_blank">Details anzeigen</a>]]></description>
					<styleUrl>#dhv_landeplatz</styleUrl>
					<Point>
						<coordinates>9.686592,46.775003</coordinates>
					</Point>
				</Placemark>
			</Folder>
			<Folder>
				<name>Weisshorn Winter</name>
				<description><![CDATA[Hanggelände für Gleitschirme<br/>Max. Höhendifferenz 881m.<br/><a href="https://service.dhv.de/db2/details.php?qi=glp_details&amp;popup=1&amp;item=1782">Details anzeigen</a>]]></description>
				<styleUrl>#dhv_gelaende</styleUrl>
				<open>0</open>
				<Placemark>
					<name>Weisshorn Winter Startplatz</name>
					<description><![CDATA[Startplatz, Startrichtung SO-SW<br/>Gemeinde Arosa, Höhe NN 2618m<br/><a href="https://service.dhv.de/db2/details.php?qi=glp_details&amp;popup=1&amp;item=1782" target="_blank">Details anzeigen</a>]]></description>
					<styleUrl>#dhv_startplatz</styleUrl>
					<Point>
						<coordinates>9.639231,46.789111</coordinates>
					</Point>
				</Placemark>
				<Placemark>
					<name>Weisshorn Landeplatz Winter</name>
					<description><![CDATA[Landeplatz<br/>Gemeinde Arosa, Höhe NN 1737m<br/><a href="https://service.dhv.de/db2/details.php?qi=glp_details&amp;popup=1&amp;item=1782" target="_blank">Details anzeigen</a>]]></description>
					<styleUrl>#dhv_landeplatz</styleUrl>
					<Point>
						<coordinates>9.683225,46.784483</coordinates>
					</Point>
				</Placemark>
			</Folder>
		</Folder>
		<Folder>
			<name>Jura</name>
			<open>0</open>
			<Folder>
				<name>Boecourt</name>
				<description><![CDATA[Hanggelände für Gleitschirme und Hängegleiter<br/>Max. Höhendifferenz 401m.<br/><a href="https://service.dhv.de/db2/details.php?qi=glp_details&amp;popup=1&amp;item=5191">Details anzeigen</a>]]></description>
				<styleUrl>#dhv_gelaende</styleUrl>
				<open>0</open>
				<Placemark>
					<name>Boecourt Startplatz</name>
					<description><![CDATA[Startplatz, Startrichtung SO<br/>Gemeinde Boecourt, Höhe NN 913m<br/><a href="https://service.dhv.de/db2/details.php?qi=glp_details&amp;popup=1&amp;item=5191" target="_blank">Details anzeigen</a>]]></description>
					<styleUrl>#dhv_startplatz</styleUrl>
					<Point>
						<coordinates>7.206250,47.362958</coordinates>
					</Point>
				</Placemark>
				<Placemark>
					<name>Boecourt Landeplatz</name>
					<description><![CDATA[Landeplatz<br/>Gemeinde Boecourt, Höhe NN 512m<br/><a href="https://service.dhv.de/db2/details.php?qi=glp_details&amp;popup=1&amp;item=5191" target="_blank">Details anzeigen</a>]]></description>
					<styleUrl>#dhv_landeplatz</styleUrl>
					<Point>
						<coordinates>7.210414,47.345631</coordinates>
					</Point>
				</Placemark>
			</Folder>
			<Folder>
				<name>Hohwacht</name>
				<description><![CDATA[Hanggelände für Gleitschirme und Hängegleiter<br/>Max. Höhendifferenz 387m.<br/><a href="https://service.dhv.de/db2/details.php?qi=glp_details&amp;popup=1&amp;item=2370">Details anzeigen</a>]]></description>
				<styleUrl>#dhv_gelaende</styleUrl>
				<open>0</open>
				<Placemark>
					<name>Hohwacht Startplatz</name>
					<description><![CDATA[Startplatz, Startrichtung N<br/>Gemeinde Reigoldswil, Höhe NN 1041m<br/><a href="https://service.dhv.de/db2/details.php?qi=glp_details&amp;popup=1&amp;item=2370" target="_blank">Details anzeigen</a>]]></description>
					<styleUrl>#dhv_startplatz</styleUrl>
					<Point>
						<coordinates>7.673628,47.376356</coordinates>
					</Point>
				</Placemark>
				<Placemark>
					<name>Hohwacht Landeplatz</name>
					<description><![CDATA[Landeplatz<br/>Gemeinde Lauwil, Höhe NN 654m<br/><a href="https://service.dhv.de/db2/details.php?qi=glp_details&amp;popup=1&amp;item=2370" target="_blank">Details anzeigen</a>]]></description>
					<styleUrl>#dhv_landeplatz</styleUrl>
					<Point>
						<coordinates>7.675925,47.387181</coordinates>
					</Point>
				</Placemark>
			</Folder>
			<Folder>
				<name>Mont Raimeux Nord</name>
				<description><![CDATA[Hanggelände für Gleitschirme und Hängegleiter<br/>Max. Höhendifferenz 1275m.<br/><a href="https://service.dhv.de/db2/details.php?qi=glp_details&amp;popup=1&amp;item=5192">Details anzeigen</a>]]></description>
				<styleUrl>#dhv_gelaende</styleUrl>
				<open>0</open>
				<Placemark>
					<name>Mont Raimeux Nord Startplatz</name>
					<description><![CDATA[Startplatz, Startrichtung N-NO<br/>Gemeinde Rebevellier, Höhe NN 1275m<br/><a href="https://service.dhv.de/db2/details.php?qi=glp_details&amp;popup=1&amp;item=5192" target="_blank">Details anzeigen</a>]]></description>
					<styleUrl>#dhv_startplatz</styleUrl>
					<Point>
						<coordinates>7.426296,47.307564</coordinates>
					</Point>
				</Placemark>
			</Folder>
			<Folder>
				<name>Mont Raimeux Süd</name>
				<description><![CDATA[Hanggelände für Gleitschirme und Hängegleiter<br/><a href="https://service.dhv.de/db2/details.php?qi=glp_details&amp;popup=1&amp;item=5193">Details anzeigen</a>]]></description>
				<styleUrl>#dhv_gelaende</styleUrl>
				<open>0</open>
				<Placemark>
					<name>Mont Raimeux Süd Startplatz</name>
					<description><![CDATA[Startplatz, Startrichtung S<br/>Gemeinde Rbeuvellier, Höhe NN 1232m<br/><a href="https://service.dhv.de/db2/details.php?qi=glp_details&amp;popup=1&amp;item=5193" target="_blank">Details anzeigen</a>]]></description>
					<styleUrl>#dhv_startplatz</styleUrl>
					<Point>
						<coordinates>7.424981,47.299294</coordinates>
					</Point>
				</Placemark>
			</Folder>
			<Folder>
				<name>Passwang</name>
				<description><![CDATA[Hanggelände für Gleitschirme und Hängegleiter<br/>Max. Höhendifferenz 313m.<br/><a href="https://service.dhv.de/db2/details.php?qi=glp_details&amp;popup=1&amp;item=2369">Details anzeigen</a>]]></description>
				<styleUrl>#dhv_gelaende</styleUrl>
				<open>0</open>
				<Placemark>
					<name>Passwang Startplatz</name>
					<description><![CDATA[Startplatz, Startrichtung S<br/>Gemeinde Ramiswil, Höhe NN 980m<br/><a href="https://service.dhv.de/db2/details.php?qi=glp_details&amp;popup=1&amp;item=2369" target="_blank">Details anzeigen</a>]]></description>
					<styleUrl>#dhv_startplatz</styleUrl>
					<Point>
						<coordinates>7.650367,47.357628</coordinates>
					</Point>
				</Placemark>
				<Placemark>
					<name>Passwang Landeplatz</name>
					<description><![CDATA[Landeplatz<br/>Gemeinde Ramiswil, Höhe NN 667m<br/><a href="https://service.dhv.de/db2/details.php?qi=glp_details&amp;popup=1&amp;item=2369" target="_blank">Details anzeigen</a>]]></description>
					<styleUrl>#dhv_landeplatz</styleUrl>
					<Point>
						<coordinates>7.646611,47.348111</coordinates>
					</Point>
				</Placemark>
			</Folder>
			<Folder>
				<name>Röti</name>
				<description><![CDATA[Hanggelände für Gleitschirme<br/>Max. Höhendifferenz 716m.<br/><a href="https://service.dhv.de/db2/details.php?qi=glp_details&amp;popup=1&amp;item=2368">Details anzeigen</a>]]></description>
				<styleUrl>#dhv_gelaende</styleUrl>
				<open>0</open>
				<Placemark>
					<name>Röti Startplatz</name>
					<description><![CDATA[Startplatz, Startrichtung N-NO<br/>Gemeinde Welschenrohr, Höhe NN 1393m<br/><a href="https://service.dhv.de/db2/details.php?qi=glp_details&amp;popup=1&amp;item=2368" target="_blank">Details anzeigen</a>]]></description>
					<styleUrl>#dhv_startplatz</styleUrl>
					<Point>
						<coordinates>7.527778,47.257925</coordinates>
					</Point>
				</Placemark>
				<Placemark>
					<name>Röti Landeplatz</name>
					<description><![CDATA[Landeplatz<br/>Gemeinde Welschenrohr, Höhe NN 677m<br/><a href="https://service.dhv.de/db2/details.php?qi=glp_details&amp;popup=1&amp;item=2368" target="_blank">Details anzeigen</a>]]></description>
					<styleUrl>#dhv_landeplatz</styleUrl>
					<Point>
						<coordinates>7.530992,47.278989</coordinates>
					</Point>
				</Placemark>
			</Folder>
			<Folder>
				<name>Wasserfallen</name>
				<description><![CDATA[Hanggelände für Gleitschirme und Hängegleiter<br/>Max. Höhendifferenz 394m.<br/><a href="https://service.dhv.de/db2/details.php?qi=glp_details&amp;popup=1&amp;item=2371">Details anzeigen</a>]]></description>
				<styleUrl>#dhv_gelaende</styleUrl>
				<open>0</open>
				<Placemark>
					<name>Wasserfallen Startplatz</name>
					<description><![CDATA[Startplatz, Startrichtung W-NW<br/>Gemeinde Reigoldswil, Höhe NN 1017m<br/><a href="https://service.dhv.de/db2/details.php?qi=glp_details&amp;popup=1&amp;item=2371" target="_blank">Details anzeigen</a>]]></description>
					<styleUrl>#dhv_startplatz</styleUrl>
					<Point>
						<coordinates>7.704692,47.374269</coordinates>
					</Point>
				</Placemark>
				<Placemark>
					<name>Wasserfallen Landeplatz</name>
					<description><![CDATA[Landeplatz<br/>Gemeinde Reigoldswil, Höhe NN 623m<br/><a href="https://service.dhv.de/db2/details.php?qi=glp_details&amp;popup=1&amp;item=2371" target="_blank">Details anzeigen</a>]]></description>
					<styleUrl>#dhv_landeplatz</styleUrl>
					<Point>
						<coordinates>7.700197,47.394172</coordinates>
					</Point>
				</Placemark>
			</Folder>
		</Folder>
		<Folder>
			<name>Luzern</name>
			<open>0</open>
			<Folder>
				<name>Beichlen</name>
				<description><![CDATA[Hanggelände für Gleitschirme und Hängegleiter<br/>Max. Höhendifferenz 999m.<br/><a href="https://service.dhv.de/db2/details.php?qi=glp_details&amp;popup=1&amp;item=1580">Details anzeigen</a>]]></description>
				<styleUrl>#dhv_gelaende</styleUrl>
				<open>0</open>
				<Placemark>
					<name>Beichlen Startplatz 2</name>
					<description><![CDATA[Startplatz, Startrichtung SO<br/>Gemeinde Marbach, Höhe NN 1751m<br/><a href="https://service.dhv.de/db2/details.php?qi=glp_details&amp;popup=1&amp;item=1580" target="_blank">Details anzeigen</a>]]></description>
					<styleUrl>#dhv_startplatz</styleUrl>
					<Point>
						<coordinates>7.973042,46.897167</coordinates>
					</Point>
				</Placemark>
				<Placemark>
					<name>Beichlen Startplatz 1</name>
					<description><![CDATA[Startplatz, Startrichtung W-N<br/>Gemeinde Marbach, Höhe NN 1714m<br/><a href="https://service.dhv.de/db2/details.php?qi=glp_details&amp;popup=1&amp;item=1580" target="_blank">Details anzeigen</a>]]></description>
					<styleUrl>#dhv_startplatz</styleUrl>
					<Point>
						<coordinates>7.969456,46.895019</coordinates>
					</Point>
				</Placemark>
				<Placemark>
					<name>Marbachegg Landeplatz 1</name>
					<description><![CDATA[Landeplatz<br/>Gemeinde Marbach, Höhe NN 874m<br/><a href="https://service.dhv.de/db2/details.php?qi=glp_details&amp;popup=1&amp;item=1580" target="_blank">Details anzeigen</a>]]></description>
					<styleUrl>#dhv_landeplatz</styleUrl>
					<Point>
						<coordinates>7.900022,46.851850</coordinates>
					</Point>
				</Placemark>
				<Placemark>
					<name>Beichlen Landeplatz</name>
					<description><![CDATA[Landeplatz<br/>Gemeinde Schüpfheim, Höhe NN 752m<br/><a href="https://service.dhv.de/db2/details.php?qi=glp_details&amp;popup=1&amp;item=1580" target="_blank">Details anzeigen</a>]]></description>
					<styleUrl>#dhv_landeplatz</styleUrl>
					<Point>
						<coordinates>8.014006,46.926850</coordinates>
					</Point>
				</Placemark>
			</Folder>
			<Folder>
				<name>Dossen</name>
				<description><![CDATA[Hanggelände für Gleitschirme<br/>Max. Höhendifferenz 1206m.<br/><a href="https://service.dhv.de/db2/details.php?qi=glp_details&amp;popup=1&amp;item=5506">Details anzeigen</a>]]></description>
				<styleUrl>#dhv_gelaende</styleUrl>
				<open>0</open>
				<Placemark>
					<name>Dossen Startplatz 1</name>
					<description><![CDATA[Startplatz, Startrichtung NO<br/>Gemeinde Vitznau, Höhe NN 1681m<br/><a href="https://service.dhv.de/db2/details.php?qi=glp_details&amp;popup=1&amp;item=5506" target="_blank">Details anzeigen</a>]]></description>
					<styleUrl>#dhv_startplatz</styleUrl>
					<Point>
						<coordinates>8.498619,47.027125</coordinates>
					</Point>
				</Placemark>
				<Placemark>
					<name>Dossen Startplatz 2</name>
					<description><![CDATA[Startplatz, Startrichtung SW<br/>Gemeinde Vitznau, Höhe NN 1665m<br/><a href="https://service.dhv.de/db2/details.php?qi=glp_details&amp;popup=1&amp;item=5506" target="_blank">Details anzeigen</a>]]></description>
					<styleUrl>#dhv_startplatz</styleUrl>
					<Point>
						<coordinates>8.499728,47.025449</coordinates>
					</Point>
				</Placemark>
				<Placemark>
					<name>Rigi-Staffelhöhe Landeplatz 1</name>
					<description><![CDATA[Landeplatz<br/>Gemeinde Weggis, Höhe NN 475m<br/><a href="https://service.dhv.de/db2/details.php?qi=glp_details&amp;popup=1&amp;item=5506" target="_blank">Details anzeigen</a>]]></description>
					<styleUrl>#dhv_landeplatz</styleUrl>
					<Point>
						<coordinates>8.441800,47.032933</coordinates>
					</Point>
				</Placemark>
			</Folder>
			<Folder>
				<name>Farneren</name>
				<description><![CDATA[Hanggelände für Gleitschirme<br/>Max. Höhendifferenz 792m.<br/><a href="https://service.dhv.de/db2/details.php?qi=glp_details&amp;popup=1&amp;item=1691">Details anzeigen</a>]]></description>
				<styleUrl>#dhv_gelaende</styleUrl>
				<open>0</open>
				<Placemark>
					<name>Farneren Startplatz 1</name>
					<description><![CDATA[Startplatz, Startrichtung N-NO<br/>Gemeinde Schüpfheim, Höhe NN 1544m<br/><a href="https://service.dhv.de/db2/details.php?qi=glp_details&amp;popup=1&amp;item=1691" target="_blank">Details anzeigen</a>]]></description>
					<styleUrl>#dhv_startplatz</styleUrl>
					<Point>
						<coordinates>8.043436,46.935019</coordinates>
					</Point>
				</Placemark>
				<Placemark>
					<name>Farneren Startplatz 2</name>
					<description><![CDATA[Startplatz, Startrichtung S-SW<br/>Gemeinde Schüpfheim, Höhe NN 1510m<br/><a href="https://service.dhv.de/db2/details.php?qi=glp_details&amp;popup=1&amp;item=1691" target="_blank">Details anzeigen</a>]]></description>
					<styleUrl>#dhv_startplatz</styleUrl>
					<Point>
						<coordinates>8.033261,46.929153</coordinates>
					</Point>
				</Placemark>
				<Placemark>
					<name>Beichlen Landeplatz</name>
					<description><![CDATA[Landeplatz<br/>Gemeinde Schüpfheim, Höhe NN 752m<br/><a href="https://service.dhv.de/db2/details.php?qi=glp_details&amp;popup=1&amp;item=1691" target="_blank">Details anzeigen</a>]]></description>
					<styleUrl>#dhv_landeplatz</styleUrl>
					<Point>
						<coordinates>8.014006,46.926850</coordinates>
					</Point>
				</Placemark>
			</Folder>
			<Folder>
				<name>Gotterli</name>
				<description><![CDATA[Hanggelände für Gleitschirme<br/>Max. Höhendifferenz 879m.<br/><a href="https://service.dhv.de/db2/details.php?qi=glp_details&amp;popup=1&amp;item=1703">Details anzeigen</a>]]></description>
				<styleUrl>#dhv_gelaende</styleUrl>
				<open>0</open>
				<Placemark>
					<name>Gotterli Startplatz</name>
					<description><![CDATA[Startplatz, Startrichtung NW<br/>Gemeinde Lauerz, Höhe NN 1361m<br/><a href="https://service.dhv.de/db2/details.php?qi=glp_details&amp;popup=1&amp;item=1703" target="_blank">Details anzeigen</a>]]></description>
					<styleUrl>#dhv_startplatz</styleUrl>
					<Point>
						<coordinates>8.578025,47.012186</coordinates>
					</Point>
				</Placemark>
			</Folder>
			<Folder>
				<name>Hagleren</name>
				<description><![CDATA[Hanggelände für Gleitschirme<br/>Max. Höhendifferenz 753m.<br/><a href="https://service.dhv.de/db2/details.php?qi=glp_details&amp;popup=1&amp;item=1578">Details anzeigen</a>]]></description>
				<styleUrl>#dhv_gelaende</styleUrl>
				<open>0</open>
				<Placemark>
					<name>Hagleren Startplatz</name>
					<description><![CDATA[Startplatz, Startrichtung S, W<br/>Gemeinde Sörenberg, Höhe NN 1936m<br/><a href="https://service.dhv.de/db2/details.php?qi=glp_details&amp;popup=1&amp;item=1578" target="_blank">Details anzeigen</a>]]></description>
					<styleUrl>#dhv_startplatz</styleUrl>
					<Point>
						<coordinates>8.042628,46.836214</coordinates>
					</Point>
				</Placemark>
				<Placemark>
					<name>Hagleren Landeplatz 1</name>
					<description><![CDATA[Landeplatz<br/>Gemeinde Sörenberg, Höhe NN 1244m<br/><a href="https://service.dhv.de/db2/details.php?qi=glp_details&amp;popup=1&amp;item=1578" target="_blank">Details anzeigen</a>]]></description>
					<styleUrl>#dhv_landeplatz</styleUrl>
					<Point>
						<coordinates>8.058128,46.809369</coordinates>
					</Point>
				</Placemark>
				<Placemark>
					<name>Hagleren Landeplatz 2</name>
					<description><![CDATA[Landeplatz<br/>Gemeinde Sörenberg, Höhe NN 1183m<br/><a href="https://service.dhv.de/db2/details.php?qi=glp_details&amp;popup=1&amp;item=1578" target="_blank">Details anzeigen</a>]]></description>
					<styleUrl>#dhv_landeplatz</styleUrl>
					<Point>
						<coordinates>8.034128,46.824461</coordinates>
					</Point>
				</Placemark>
			</Folder>
			<Folder>
				<name>Herlisberg</name>
				<description><![CDATA[Hanggelände für Gleitschirme<br/>Max. Höhendifferenz 249m.<br/><a href="https://service.dhv.de/db2/details.php?qi=glp_details&amp;popup=1&amp;item=1404">Details anzeigen</a>]]></description>
				<styleUrl>#dhv_gelaende</styleUrl>
				<open>0</open>
				<Placemark>
					<name>Herlisberg Startplatz</name>
					<description><![CDATA[Startplatz, Startrichtung NO<br/>Gemeinde Beromünster, Höhe NN 714m<br/><a href="https://service.dhv.de/db2/details.php?qi=glp_details&amp;popup=1&amp;item=1404" target="_blank">Details anzeigen</a>]]></description>
					<styleUrl>#dhv_startplatz</styleUrl>
					<Point>
						<coordinates>8.232744,47.198167</coordinates>
					</Point>
				</Placemark>
				<Placemark>
					<name>Herlisberg Landeplatz</name>
					<description><![CDATA[Landeplatz<br/>Gemeinde Beromünster, Höhe NN 465m<br/><a href="https://service.dhv.de/db2/details.php?qi=glp_details&amp;popup=1&amp;item=1404" target="_blank">Details anzeigen</a>]]></description>
					<styleUrl>#dhv_landeplatz</styleUrl>
					<Point>
						<coordinates>8.242894,47.209300</coordinates>
					</Point>
				</Placemark>
			</Folder>
			<Folder>
				<name>Hochflue</name>
				<description><![CDATA[Hanggelände für Gleitschirme<br/>Max. Höhendifferenz 1059m.<br/><a href="https://service.dhv.de/db2/details.php?qi=glp_details&amp;popup=1&amp;item=5509">Details anzeigen</a>]]></description>
				<styleUrl>#dhv_gelaende</styleUrl>
				<open>0</open>
				<Placemark>
					<name>Hochflue Startplatz</name>
					<description><![CDATA[Startplatz, Startrichtung W<br/>Gemeinde Gersau, Höhe NN 1541m<br/><a href="https://service.dhv.de/db2/details.php?qi=glp_details&amp;popup=1&amp;item=5509" target="_blank">Details anzeigen</a>]]></description>
					<styleUrl>#dhv_startplatz</styleUrl>
					<Point>
						<coordinates>8.557636,47.011097</coordinates>
					</Point>
				</Placemark>
			</Folder>
			<Folder>
				<name>Klewenalp</name>
				<description><![CDATA[Hanggelände für Gleitschirme<br/>Max. Höhendifferenz 1109m.<br/><a href="https://service.dhv.de/db2/details.php?qi=glp_details&amp;popup=1&amp;item=1405">Details anzeigen</a>]]></description>
				<styleUrl>#dhv_gelaende</styleUrl>
				<open>0</open>
				<Placemark>
					<name>Klewenalp Startplatz</name>
					<description><![CDATA[Startplatz, Startrichtung NW-NO<br/>Gemeinde Beckenried, Höhe NN 1594m<br/><a href="https://service.dhv.de/db2/details.php?qi=glp_details&amp;popup=1&amp;item=1405" target="_blank">Details anzeigen</a>]]></description>
					<styleUrl>#dhv_startplatz</styleUrl>
					<Point>
						<coordinates>8.476036,46.940211</coordinates>
					</Point>
				</Placemark>
				<Placemark>
					<name>Klewenalp Landeplatz</name>
					<description><![CDATA[Landeplatz<br/>Gemeinde Beckenried, Höhe NN 485m<br/><a href="https://service.dhv.de/db2/details.php?qi=glp_details&amp;popup=1&amp;item=1405" target="_blank">Details anzeigen</a>]]></description>
					<styleUrl>#dhv_landeplatz</styleUrl>
					<Point>
						<coordinates>8.466742,46.966056</coordinates>
					</Point>
				</Placemark>
			</Folder>
			<Folder>
				<name>Marbachegg</name>
				<description><![CDATA[Hanggelände für Gleitschirme und Hängegleiter<br/>Max. Höhendifferenz 642m.<br/><a href="https://service.dhv.de/db2/details.php?qi=glp_details&amp;popup=1&amp;item=1579">Details anzeigen</a>]]></description>
				<styleUrl>#dhv_gelaende</styleUrl>
				<open>0</open>
				<Placemark>
					<name>Marbachegg Startplatz 1</name>
					<description><![CDATA[Startplatz, Startrichtung NW<br/>Gemeinde Marbach, Höhe NN 1479m<br/><a href="https://service.dhv.de/db2/details.php?qi=glp_details&amp;popup=1&amp;item=1579" target="_blank">Details anzeigen</a>]]></description>
					<styleUrl>#dhv_startplatz</styleUrl>
					<Point>
						<coordinates>7.904714,46.834706</coordinates>
					</Point>
				</Placemark>
				<Placemark>
					<name>Marbachegg Startplatz 2</name>
					<description><![CDATA[Startplatz, Startrichtung SO-S<br/>Gemeinde Marbach, Höhe NN 1461m<br/><a href="https://service.dhv.de/db2/details.php?qi=glp_details&amp;popup=1&amp;item=1579" target="_blank">Details anzeigen</a>]]></description>
					<styleUrl>#dhv_startplatz</styleUrl>
					<Point>
						<coordinates>7.902858,46.832533</coordinates>
					</Point>
				</Placemark>
				<Placemark>
					<name>Marbachegg Landeplatz 3</name>
					<description><![CDATA[Landeplatz<br/>Gemeinde Marbach, Höhe NN 929m<br/><a href="https://service.dhv.de/db2/details.php?qi=glp_details&amp;popup=1&amp;item=1579" target="_blank">Details anzeigen</a>]]></description>
					<styleUrl>#dhv_landeplatz</styleUrl>
					<Point>
						<coordinates>7.885122,46.841356</coordinates>
					</Point>
				</Placemark>
				<Placemark>
					<name>Marbachegg Landeplatz 2</name>
					<description><![CDATA[Landeplatz<br/>Gemeinde Marbach, Höhe NN 892m<br/><a href="https://service.dhv.de/db2/details.php?qi=glp_details&amp;popup=1&amp;item=1579" target="_blank">Details anzeigen</a>]]></description>
					<styleUrl>#dhv_landeplatz</styleUrl>
					<Point>
						<coordinates>7.894681,46.849189</coordinates>
					</Point>
				</Placemark>
				<Placemark>
					<name>Marbachegg Landeplatz 1</name>
					<description><![CDATA[Landeplatz<br/>Gemeinde Marbach, Höhe NN 874m<br/><a href="https://service.dhv.de/db2/details.php?qi=glp_details&amp;popup=1&amp;item=1579" target="_blank">Details anzeigen</a>]]></description>
					<styleUrl>#dhv_landeplatz</styleUrl>
					<Point>
						<coordinates>7.900022,46.851850</coordinates>
					</Point>
				</Placemark>
				<Placemark>
					<name>Marbachegg Landeplatz 4</name>
					<description><![CDATA[Landeplatz<br/>Gemeinde Marbach, Höhe NN 837m<br/><a href="https://service.dhv.de/db2/details.php?qi=glp_details&amp;popup=1&amp;item=1579" target="_blank">Details anzeigen</a>]]></description>
					<styleUrl>#dhv_landeplatz</styleUrl>
					<Point>
						<coordinates>7.904631,46.865100</coordinates>
					</Point>
				</Placemark>
			</Folder>
			<Folder>
				<name>Pilatus</name>
				<description><![CDATA[Hanggelände für Gleitschirme und Hängegleiter<br/>Max. Höhendifferenz 1605m.<br/><a href="https://service.dhv.de/db2/details.php?qi=glp_details&amp;popup=1&amp;item=1293">Details anzeigen</a>]]></description>
				<styleUrl>#dhv_gelaende</styleUrl>
				<open>0</open>
				<Placemark>
					<name>Pilatus Landeplatz 1</name>
					<description><![CDATA[Landeplatz<br/>Gemeinde Kriens, Höhe NN 510m<br/><a href="https://service.dhv.de/db2/details.php?qi=glp_details&amp;popup=1&amp;item=1293" target="_blank">Details anzeigen</a>]]></description>
					<styleUrl>#dhv_landeplatz</styleUrl>
					<Point>
						<coordinates>8.278193,47.030782</coordinates>
					</Point>
				</Placemark>
				<Placemark>
					<name>Pilatus Landeplatz 3</name>
					<description><![CDATA[Landeplatz<br/>Gemeinde Luzern Allmend, Höhe NN 454m<br/><a href="https://service.dhv.de/db2/details.php?qi=glp_details&amp;popup=1&amp;item=1293" target="_blank">Details anzeigen</a>]]></description>
					<styleUrl>#dhv_landeplatz</styleUrl>
					<Point>
						<coordinates>8.301806,47.032803</coordinates>
					</Point>
				</Placemark>
			</Folder>
			<Folder>
				<name>Rigi-Staffelhöhe</name>
				<description><![CDATA[Hanggelände für Gleitschirme<br/>Max. Höhendifferenz 1106m.<br/><a href="https://service.dhv.de/db2/details.php?qi=glp_details&amp;popup=1&amp;item=1689">Details anzeigen</a>]]></description>
				<styleUrl>#dhv_gelaende</styleUrl>
				<open>0</open>
				<Placemark>
					<name>Rigi-Staffelhöhe Startplatz</name>
					<description><![CDATA[Startplatz, Startrichtung SO-S, NW<br/>Gemeinde Weggis, Höhe NN 1567m<br/><a href="https://service.dhv.de/db2/details.php?qi=glp_details&amp;popup=1&amp;item=1689" target="_blank">Details anzeigen</a>]]></description>
					<styleUrl>#dhv_startplatz</styleUrl>
					<Point>
						<coordinates>8.460653,47.047528</coordinates>
					</Point>
				</Placemark>
				<Placemark>
					<name>Rigi-Staffelhöhe Landeplatz 1</name>
					<description><![CDATA[Landeplatz<br/>Gemeinde Weggis, Höhe NN 475m<br/><a href="https://service.dhv.de/db2/details.php?qi=glp_details&amp;popup=1&amp;item=1689" target="_blank">Details anzeigen</a>]]></description>
					<styleUrl>#dhv_landeplatz</styleUrl>
					<Point>
						<coordinates>8.441800,47.032933</coordinates>
					</Point>
				</Placemark>
			</Folder>
			<Folder>
				<name>Rotenfluespitz</name>
				<description><![CDATA[Hanggelände für Gleitschirme und Hängegleiter<br/>Max. Höhendifferenz 645m.<br/><a href="https://service.dhv.de/db2/details.php?qi=glp_details&amp;popup=1&amp;item=1767">Details anzeigen</a>]]></description>
				<styleUrl>#dhv_gelaende</styleUrl>
				<open>0</open>
				<Placemark>
					<name>Rotenfluespitz Startplatz</name>
					<description><![CDATA[Startplatz, Startrichtung W, N<br/>Gemeinde Marbach, Höhe NN 1519m<br/><a href="https://service.dhv.de/db2/details.php?qi=glp_details&amp;popup=1&amp;item=1767" target="_blank">Details anzeigen</a>]]></description>
					<styleUrl>#dhv_startplatz</styleUrl>
					<Point>
						<coordinates>7.942397,46.877803</coordinates>
					</Point>
				</Placemark>
				<Placemark>
					<name>Marbachegg Landeplatz 3</name>
					<description><![CDATA[Landeplatz<br/>Gemeinde Marbach, Höhe NN 929m<br/><a href="https://service.dhv.de/db2/details.php?qi=glp_details&amp;popup=1&amp;item=1767" target="_blank">Details anzeigen</a>]]></description>
					<styleUrl>#dhv_landeplatz</styleUrl>
					<Point>
						<coordinates>7.885122,46.841356</coordinates>
					</Point>
				</Placemark>
				<Placemark>
					<name>Marbachegg Landeplatz 2</name>
					<description><![CDATA[Landeplatz<br/>Gemeinde Marbach, Höhe NN 892m<br/><a href="https://service.dhv.de/db2/details.php?qi=glp_details&amp;popup=1&amp;item=1767" target="_blank">Details anzeigen</a>]]></description>
					<styleUrl>#dhv_landeplatz</styleUrl>
					<Point>
						<coordinates>7.894681,46.849189</coordinates>
					</Point>
				</Placemark>
				<Placemark>
					<name>Marbachegg Landeplatz 1</name>
					<description><![CDATA[Landeplatz<br/>Gemeinde Marbach, Höhe NN 874m<br/><a href="https://service.dhv.de/db2/details.php?qi=glp_details&amp;popup=1&amp;item=1767" target="_blank">Details anzeigen</a>]]></description>
					<styleUrl>#dhv_landeplatz</styleUrl>
					<Point>
						<coordinates>7.900022,46.851850</coordinates>
					</Point>
				</Placemark>
			</Folder>
			<Folder>
				<name>Schimbrig</name>
				<description><![CDATA[Hanggelände für Gleitschirme<br/>Max. Höhendifferenz 788m.<br/><a href="https://service.dhv.de/db2/details.php?qi=glp_details&amp;popup=1&amp;item=2080">Details anzeigen</a>]]></description>
				<styleUrl>#dhv_gelaende</styleUrl>
				<open>0</open>
				<Placemark>
					<name>Schimbrig Startplatz</name>
					<description><![CDATA[Startplatz, Startrichtung NW<br/>Gemeinde Finsterwald, Höhe NN 1807m<br/><a href="https://service.dhv.de/db2/details.php?qi=glp_details&amp;popup=1&amp;item=2080" target="_blank">Details anzeigen</a>]]></description>
					<styleUrl>#dhv_startplatz</styleUrl>
					<Point>
						<coordinates>8.114192,46.939836</coordinates>
					</Point>
				</Placemark>
				<Placemark>
					<name>Schimbrig Landeplatz</name>
					<description><![CDATA[Landeplatz<br/>Gemeinde Finsterwald, Höhe NN 1019m<br/><a href="https://service.dhv.de/db2/details.php?qi=glp_details&amp;popup=1&amp;item=2080" target="_blank">Details anzeigen</a>]]></description>
					<styleUrl>#dhv_landeplatz</styleUrl>
					<Point>
						<coordinates>8.127381,46.957561</coordinates>
					</Point>
				</Placemark>
			</Folder>
			<Folder>
				<name>Spierberg</name>
				<description><![CDATA[Hanggelände für Gleitschirme<br/>Max. Höhendifferenz 760m.<br/><a href="https://service.dhv.de/db2/details.php?qi=glp_details&amp;popup=1&amp;item=1773">Details anzeigen</a>]]></description>
				<styleUrl>#dhv_gelaende</styleUrl>
				<open>0</open>
				<Placemark>
					<name>Spierberg Startplatz</name>
					<description><![CDATA[Startplatz, Startrichtung SO<br/>Gemeinde Flühli, Höhe NN 1512m<br/><a href="https://service.dhv.de/db2/details.php?qi=glp_details&amp;popup=1&amp;item=1773" target="_blank">Details anzeigen</a>]]></description>
					<styleUrl>#dhv_startplatz</styleUrl>
					<Point>
						<coordinates>7.992053,46.885989</coordinates>
					</Point>
				</Placemark>
				<Placemark>
					<name>Beichlen Landeplatz</name>
					<description><![CDATA[Landeplatz<br/>Gemeinde Schüpfheim, Höhe NN 752m<br/><a href="https://service.dhv.de/db2/details.php?qi=glp_details&amp;popup=1&amp;item=1773" target="_blank">Details anzeigen</a>]]></description>
					<styleUrl>#dhv_landeplatz</styleUrl>
					<Point>
						<coordinates>8.014006,46.926850</coordinates>
					</Point>
				</Placemark>
			</Folder>
			<Folder>
				<name>Vitznau-Hinterbergen</name>
				<description><![CDATA[Hanggelände für Gleitschirme<br/>Max. Höhendifferenz 573m.<br/><a href="https://service.dhv.de/db2/details.php?qi=glp_details&amp;popup=1&amp;item=1715">Details anzeigen</a>]]></description>
				<styleUrl>#dhv_gelaende</styleUrl>
				<open>0</open>
				<Placemark>
					<name>Vitznau-Hinterbergen Startplatz</name>
					<description><![CDATA[Startplatz, Startrichtung S<br/>Gemeinde Vitznau, Höhe NN 1021m<br/><a href="https://service.dhv.de/db2/details.php?qi=glp_details&amp;popup=1&amp;item=1715" target="_blank">Details anzeigen</a>]]></description>
					<styleUrl>#dhv_startplatz</styleUrl>
					<Point>
						<coordinates>8.498092,47.012719</coordinates>
					</Point>
				</Placemark>
				<Placemark>
					<name>Vitznau-Hinterbergen Landeplatz</name>
					<description><![CDATA[Landeplatz<br/>Gemeinde Vitznau, Höhe NN 448m<br/><a href="https://service.dhv.de/db2/details.php?qi=glp_details&amp;popup=1&amp;item=1715" target="_blank">Details anzeigen</a>]]></description>
					<styleUrl>#dhv_landeplatz</styleUrl>
					<Point>
						<coordinates>8.484725,47.006742</coordinates>
					</Point>
				</Placemark>
			</Folder>
		</Folder>
		<Folder>
			<name>Neuenburg</name>
			<open>0</open>
			<Folder>
				<name>La Robella</name>
				<description><![CDATA[Hanggelände für Gleitschirme<br/>Max. Höhendifferenz 597m.<br/><a href="https://service.dhv.de/db2/details.php?qi=glp_details&amp;popup=1&amp;item=1725">Details anzeigen</a>]]></description>
				<styleUrl>#dhv_gelaende</styleUrl>
				<open>0</open>
				<Placemark>
					<name>La Robella Startplatz</name>
					<description><![CDATA[Startplatz, Startrichtung N<br/>Gemeinde Buttes, Höhe NN 1358m<br/><a href="https://service.dhv.de/db2/details.php?qi=glp_details&amp;popup=1&amp;item=1725" target="_blank">Details anzeigen</a>]]></description>
					<styleUrl>#dhv_startplatz</styleUrl>
					<Point>
						<coordinates>6.549433,46.872881</coordinates>
					</Point>
				</Placemark>
				<Placemark>
					<name>La Robella Landeplatz</name>
					<description><![CDATA[Landeplatz<br/>Gemeinde Buttes, Höhe NN 761m<br/><a href="https://service.dhv.de/db2/details.php?qi=glp_details&amp;popup=1&amp;item=1725" target="_blank">Details anzeigen</a>]]></description>
					<styleUrl>#dhv_landeplatz</styleUrl>
					<Point>
						<coordinates>6.561594,46.890447</coordinates>
					</Point>
				</Placemark>
			</Folder>
			<Folder>
				<name>La Roche</name>
				<description><![CDATA[Hanggelände für Gleitschirme<br/>Max. Höhendifferenz 798m.<br/><a href="https://service.dhv.de/db2/details.php?qi=glp_details&amp;popup=1&amp;item=1726">Details anzeigen</a>]]></description>
				<styleUrl>#dhv_gelaende</styleUrl>
				<open>0</open>
				<Placemark>
					<name>La Roche Startplatz</name>
					<description><![CDATA[Startplatz, Startrichtung SO<br/>Gemeinde St-Aubin-Sauges, Höhe NN 1384m<br/><a href="https://service.dhv.de/db2/details.php?qi=glp_details&amp;popup=1&amp;item=1726" target="_blank">Details anzeigen</a>]]></description>
					<styleUrl>#dhv_startplatz</styleUrl>
					<Point>
						<coordinates>6.747167,46.927042</coordinates>
					</Point>
				</Placemark>
				<Placemark>
					<name>La Roche Landeplatz</name>
					<description><![CDATA[Landeplatz<br/>Gemeinde St-Aubin-Sauges, Höhe NN 586m<br/><a href="https://service.dhv.de/db2/details.php?qi=glp_details&amp;popup=1&amp;item=1726" target="_blank">Details anzeigen</a>]]></description>
					<styleUrl>#dhv_landeplatz</styleUrl>
					<Point>
						<coordinates>6.763844,46.902728</coordinates>
					</Point>
				</Placemark>
			</Folder>
			<Folder>
				<name>Tete de Ran</name>
				<description><![CDATA[Hanggelände für Gleitschirme und Hängegleiter<br/>Max. Höhendifferenz 581m.<br/><a href="https://service.dhv.de/db2/details.php?qi=glp_details&amp;popup=1&amp;item=1776">Details anzeigen</a>]]></description>
				<styleUrl>#dhv_gelaende</styleUrl>
				<open>0</open>
				<Placemark>
					<name>Tete de Ran Startplatz</name>
					<description><![CDATA[Startplatz, Startrichtung SO<br/>Gemeinde Fontainemelon, Höhe NN 1413m<br/><a href="https://service.dhv.de/db2/details.php?qi=glp_details&amp;popup=1&amp;item=1776" target="_blank">Details anzeigen</a>]]></description>
					<styleUrl>#dhv_startplatz</styleUrl>
					<Point>
						<coordinates>6.853353,47.053689</coordinates>
					</Point>
				</Placemark>
				<Placemark>
					<name>Tete de Ran Landeplatz</name>
					<description><![CDATA[Landeplatz<br/>Gemeinde Fontainemelon, Höhe NN 832m<br/><a href="https://service.dhv.de/db2/details.php?qi=glp_details&amp;popup=1&amp;item=1776" target="_blank">Details anzeigen</a>]]></description>
					<styleUrl>#dhv_landeplatz</styleUrl>
					<Point>
						<coordinates>6.891997,47.053858</coordinates>
					</Point>
				</Placemark>
			</Folder>
		</Folder>
		<Folder>
			<name>Nidwalden</name>
			<open>0</open>
			<Folder>
				<name>Brändlen</name>
				<description><![CDATA[Hanggelände für Gleitschirme<br/>Max. Höhendifferenz 733m.<br/><a href="https://service.dhv.de/db2/details.php?qi=glp_details&amp;popup=1&amp;item=1280">Details anzeigen</a>]]></description>
				<styleUrl>#dhv_gelaende</styleUrl>
				<open>0</open>
				<Placemark>
					<name>Brändlen Startplatz 1</name>
					<description><![CDATA[Startplatz, Startrichtung NW<br/>Gemeinde Wolfenschießen , Höhe NN 1247m<br/><a href="https://service.dhv.de/db2/details.php?qi=glp_details&amp;popup=1&amp;item=1280" target="_blank">Details anzeigen</a>]]></description>
					<styleUrl>#dhv_startplatz</styleUrl>
					<Point>
						<coordinates>8.409694,46.904889</coordinates>
					</Point>
				</Placemark>
				<Placemark>
					<name>Brändlen Startplatz 2</name>
					<description><![CDATA[Startplatz, Startrichtung S<br/>Gemeinde Wolfenschießen , Höhe NN 1219m<br/><a href="https://service.dhv.de/db2/details.php?qi=glp_details&amp;popup=1&amp;item=1280" target="_blank">Details anzeigen</a>]]></description>
					<styleUrl>#dhv_startplatz</styleUrl>
					<Point>
						<coordinates>8.409892,46.902633</coordinates>
					</Point>
				</Placemark>
				<Placemark>
					<name>Brändlen Landeplatz</name>
					<description><![CDATA[Landeplatz<br/>Gemeinde Wolfenschießen, Höhe NN 514m<br/><a href="https://service.dhv.de/db2/details.php?qi=glp_details&amp;popup=1&amp;item=1280" target="_blank">Details anzeigen</a>]]></description>
					<styleUrl>#dhv_landeplatz</styleUrl>
					<Point>
						<coordinates>8.397986,46.905062</coordinates>
					</Point>
				</Placemark>
			</Folder>
			<Folder>
				<name>Buochser Horn</name>
				<description><![CDATA[Hanggelände für Gleitschirme<br/>Max. Höhendifferenz 1294m.<br/><a href="https://service.dhv.de/db2/details.php?qi=glp_details&amp;popup=1&amp;item=1674">Details anzeigen</a>]]></description>
				<styleUrl>#dhv_gelaende</styleUrl>
				<open>0</open>
				<Placemark>
					<name>Buochser Horn Startplatz</name>
					<description><![CDATA[Startplatz, Startrichtung SW-W<br/>Gemeinde Dallenwil, Höhe NN 1793m<br/><a href="https://service.dhv.de/db2/details.php?qi=glp_details&amp;popup=1&amp;item=1674" target="_blank">Details anzeigen</a>]]></description>
					<styleUrl>#dhv_startplatz</styleUrl>
					<Point>
						<coordinates>8.428739,46.945039</coordinates>
					</Point>
				</Placemark>
				<Placemark>
					<name>Wirzweli Landeplatz 1</name>
					<description><![CDATA[Landeplatz<br/>Gemeinde Dallenwil, Höhe NN 630m<br/><a href="https://service.dhv.de/db2/details.php?qi=glp_details&amp;popup=1&amp;item=1674" target="_blank">Details anzeigen</a>]]></description>
					<styleUrl>#dhv_landeplatz</styleUrl>
					<Point>
						<coordinates>8.383877,46.926909</coordinates>
					</Point>
				</Placemark>
				<Placemark>
					<name>Wirzweli Landeplatz 3</name>
					<description><![CDATA[Landeplatz<br/>Gemeinde Dallenwil, Höhe NN 500m<br/><a href="https://service.dhv.de/db2/details.php?qi=glp_details&amp;popup=1&amp;item=1674" target="_blank">Details anzeigen</a>]]></description>
					<styleUrl>#dhv_landeplatz</styleUrl>
					<Point>
						<coordinates>8.397964,46.920167</coordinates>
					</Point>
				</Placemark>
				<Placemark>
					<name>Musenalp Landeplatz</name>
					<description><![CDATA[Landeplatz<br/>Gemeinde Dallenwil, Höhe NN 499m<br/><a href="https://service.dhv.de/db2/details.php?qi=glp_details&amp;popup=1&amp;item=1674" target="_blank">Details anzeigen</a>]]></description>
					<styleUrl>#dhv_landeplatz</styleUrl>
					<Point>
						<coordinates>8.395786,46.928667</coordinates>
					</Point>
				</Placemark>
			</Folder>
			<Folder>
				<name>Chulm</name>
				<description><![CDATA[Hanggelände für Gleitschirme<br/>Max. Höhendifferenz 1050m.<br/><a href="https://service.dhv.de/db2/details.php?qi=glp_details&amp;popup=1&amp;item=1679">Details anzeigen</a>]]></description>
				<styleUrl>#dhv_gelaende</styleUrl>
				<open>0</open>
				<Placemark>
					<name>Chulm Startplatz</name>
					<description><![CDATA[Startplatz, Startrichtung W<br/>Gemeinde Emmetten, Höhe NN 1838m<br/><a href="https://service.dhv.de/db2/details.php?qi=glp_details&amp;popup=1&amp;item=1679" target="_blank">Details anzeigen</a>]]></description>
					<styleUrl>#dhv_startplatz</styleUrl>
					<Point>
						<coordinates>8.550864,46.945661</coordinates>
					</Point>
				</Placemark>
				<Placemark>
					<name>Niederbauen Landeplatz 1</name>
					<description><![CDATA[Landeplatz<br/>Gemeinde Emmetten, Höhe NN 788m<br/><a href="https://service.dhv.de/db2/details.php?qi=glp_details&amp;popup=1&amp;item=1679" target="_blank">Details anzeigen</a>]]></description>
					<styleUrl>#dhv_landeplatz</styleUrl>
					<Point>
						<coordinates>8.516378,46.957849</coordinates>
					</Point>
				</Placemark>
			</Folder>
			<Folder>
				<name>Haldigrat</name>
				<description><![CDATA[Hanggelände für Gleitschirme und Hängegleiter<br/>Max. Höhendifferenz 1466m.<br/><a href="https://service.dhv.de/db2/details.php?qi=glp_details&amp;popup=1&amp;item=1403">Details anzeigen</a>]]></description>
				<styleUrl>#dhv_gelaende</styleUrl>
				<open>0</open>
				<Placemark>
					<name>Haldigrat Startplatz 1</name>
					<description><![CDATA[Startplatz, Startrichtung S-SW, N<br/>Gemeinde Wolfenschießen, Höhe NN 1968m<br/><a href="https://service.dhv.de/db2/details.php?qi=glp_details&amp;popup=1&amp;item=1403" target="_blank">Details anzeigen</a>]]></description>
					<styleUrl>#dhv_startplatz</styleUrl>
					<Point>
						<coordinates>8.440633,46.902398</coordinates>
					</Point>
				</Placemark>
				<Placemark>
					<name>Haldigrat Startplatz 2</name>
					<description><![CDATA[Startplatz, Startrichtung S-SW<br/>Gemeinde Wolfenschießen, Höhe NN 1932m<br/><a href="https://service.dhv.de/db2/details.php?qi=glp_details&amp;popup=1&amp;item=1403" target="_blank">Details anzeigen</a>]]></description>
					<styleUrl>#dhv_startplatz</styleUrl>
					<Point>
						<coordinates>8.439839,46.902739</coordinates>
					</Point>
				</Placemark>
				<Placemark>
					<name>Brändlen Landeplatz</name>
					<description><![CDATA[Landeplatz<br/>Gemeinde Wolfenschießen, Höhe NN 514m<br/><a href="https://service.dhv.de/db2/details.php?qi=glp_details&amp;popup=1&amp;item=1403" target="_blank">Details anzeigen</a>]]></description>
					<styleUrl>#dhv_landeplatz</styleUrl>
					<Point>
						<coordinates>8.397986,46.905062</coordinates>
					</Point>
				</Placemark>
				<Placemark>
					<name>Wirzweli Landeplatz 2</name>
					<description><![CDATA[Landeplatz<br/>Gemeinde Dallenwil, Höhe NN 502m<br/><a href="https://service.dhv.de/db2/details.php?qi=glp_details&amp;popup=1&amp;item=1403" target="_blank">Details anzeigen</a>]]></description>
					<styleUrl>#dhv_landeplatz</styleUrl>
					<Point>
						<coordinates>8.395379,46.918013</coordinates>
					</Point>
				</Placemark>
			</Folder>
			<Folder>
				<name>Musenalp</name>
				<description><![CDATA[Hanggelände für Gleitschirme<br/>Max. Höhendifferenz 1252m.<br/><a href="https://service.dhv.de/db2/details.php?qi=glp_details&amp;popup=1&amp;item=1402">Details anzeigen</a>]]></description>
				<styleUrl>#dhv_gelaende</styleUrl>
				<open>0</open>
				<Placemark>
					<name>Musenalp Startplatz</name>
					<description><![CDATA[Startplatz, Startrichtung NW<br/>Gemeinde Dallenwil, Höhe NN 1751m<br/><a href="https://service.dhv.de/db2/details.php?qi=glp_details&amp;popup=1&amp;item=1402" target="_blank">Details anzeigen</a>]]></description>
					<styleUrl>#dhv_startplatz</styleUrl>
					<Point>
						<coordinates>8.442561,46.929044</coordinates>
					</Point>
				</Placemark>
				<Placemark>
					<name>Musenalp Landeplatz</name>
					<description><![CDATA[Landeplatz<br/>Gemeinde Dallenwil, Höhe NN 499m<br/><a href="https://service.dhv.de/db2/details.php?qi=glp_details&amp;popup=1&amp;item=1402" target="_blank">Details anzeigen</a>]]></description>
					<styleUrl>#dhv_landeplatz</styleUrl>
					<Point>
						<coordinates>8.395786,46.928667</coordinates>
					</Point>
				</Placemark>
			</Folder>
			<Folder>
				<name>Niederbauen - Emmetten</name>
				<description><![CDATA[Hanggelände für Gleitschirme<br/>Max. Höhendifferenz 830m.<br/><a href="https://service.dhv.de/db2/details.php?qi=glp_details&amp;popup=1&amp;item=1284">Details anzeigen</a>]]></description>
				<styleUrl>#dhv_gelaende</styleUrl>
				<open>0</open>
				<Placemark>
					<name>Niederbauen Startplatz</name>
					<description><![CDATA[Startplatz, Startrichtung NW<br/>Gemeinde Emmetten, Höhe NN 1590m<br/><a href="https://service.dhv.de/db2/details.php?qi=glp_details&amp;popup=1&amp;item=1284" target="_blank">Details anzeigen</a>]]></description>
					<styleUrl>#dhv_startplatz</styleUrl>
					<Point>
						<coordinates>8.536444,46.946778</coordinates>
					</Point>
				</Placemark>
				<Placemark>
					<name>Niederbauen Landeplatz 1</name>
					<description><![CDATA[Landeplatz<br/>Gemeinde Emmetten, Höhe NN 788m<br/><a href="https://service.dhv.de/db2/details.php?qi=glp_details&amp;popup=1&amp;item=1284" target="_blank">Details anzeigen</a>]]></description>
					<styleUrl>#dhv_landeplatz</styleUrl>
					<Point>
						<coordinates>8.516378,46.957849</coordinates>
					</Point>
				</Placemark>
				<Placemark>
					<name>Niederbauen Landeplatz 2</name>
					<description><![CDATA[Landeplatz<br/>Gemeinde Emmetten, Höhe NN 760m<br/><a href="https://service.dhv.de/db2/details.php?qi=glp_details&amp;popup=1&amp;item=1284" target="_blank">Details anzeigen</a>]]></description>
					<styleUrl>#dhv_landeplatz</styleUrl>
					<Point>
						<coordinates>8.520284,46.955521</coordinates>
					</Point>
				</Placemark>
			</Folder>
			<Folder>
				<name>Stanserhorn</name>
				<description><![CDATA[Hanggelände für Gleitschirme und Hängegleiter<br/>Max. Höhendifferenz 1347m.<br/><a href="https://service.dhv.de/db2/details.php?qi=glp_details&amp;popup=1&amp;item=1401">Details anzeigen</a>]]></description>
				<styleUrl>#dhv_gelaende</styleUrl>
				<open>0</open>
				<Placemark>
					<name>Stanserhorn Startplatz 1</name>
					<description><![CDATA[Startplatz, Startrichtung N<br/>Gemeinde Stans, Höhe NN 1818m<br/><a href="https://service.dhv.de/db2/details.php?qi=glp_details&amp;popup=1&amp;item=1401" target="_blank">Details anzeigen</a>]]></description>
					<styleUrl>#dhv_startplatz</styleUrl>
					<Point>
						<coordinates>8.341176,46.929788</coordinates>
					</Point>
				</Placemark>
				<Placemark>
					<name>Stanserhorn Startplatz 2</name>
					<description><![CDATA[Startplatz, Startrichtung S<br/>Gemeinde Stans, Höhe NN 1818m<br/><a href="https://service.dhv.de/db2/details.php?qi=glp_details&amp;popup=1&amp;item=1401" target="_blank">Details anzeigen</a>]]></description>
					<styleUrl>#dhv_startplatz</styleUrl>
					<Point>
						<coordinates>8.343902,46.931026</coordinates>
					</Point>
				</Placemark>
				<Placemark>
					<name>Stanserhorn Landeplatz 2</name>
					<description><![CDATA[Landeplatz<br/>Gemeinde Stans, Höhe NN 508m<br/><a href="https://service.dhv.de/db2/details.php?qi=glp_details&amp;popup=1&amp;item=1401" target="_blank">Details anzeigen</a>]]></description>
					<styleUrl>#dhv_landeplatz</styleUrl>
					<Point>
						<coordinates>8.327464,46.949128</coordinates>
					</Point>
				</Placemark>
				<Placemark>
					<name>Stanserhorn Landeplatz 1</name>
					<description><![CDATA[Landeplatz<br/>Gemeinde Stans, Höhe NN 471m<br/><a href="https://service.dhv.de/db2/details.php?qi=glp_details&amp;popup=1&amp;item=1401" target="_blank">Details anzeigen</a>]]></description>
					<styleUrl>#dhv_landeplatz</styleUrl>
					<Point>
						<coordinates>8.355092,46.958456</coordinates>
					</Point>
				</Placemark>
			</Folder>
			<Folder>
				<name>Wirzweli</name>
				<description><![CDATA[Hanggelände für Gleitschirme und Hängegleiter<br/>Max. Höhendifferenz 1099m.<br/><a href="https://service.dhv.de/db2/details.php?qi=glp_details&amp;popup=1&amp;item=1287">Details anzeigen</a>]]></description>
				<styleUrl>#dhv_gelaende</styleUrl>
				<open>0</open>
				<Placemark>
					<name>Wirzweli Startplatz 4</name>
					<description><![CDATA[Startplatz, Startrichtung SO-S<br/>Gemeinde Dallenwil, Höhe NN 1599m<br/><a href="https://service.dhv.de/db2/details.php?qi=glp_details&amp;popup=1&amp;item=1287" target="_blank">Details anzeigen</a>]]></description>
					<styleUrl>#dhv_startplatz</styleUrl>
					<Point>
						<coordinates>8.365445,46.902431</coordinates>
					</Point>
				</Placemark>
				<Placemark>
					<name>Wirzweli Startplatz 3</name>
					<description><![CDATA[Startplatz, Startrichtung N-NO<br/>Gemeinde Dallenwil, Höhe NN 1567m<br/><a href="https://service.dhv.de/db2/details.php?qi=glp_details&amp;popup=1&amp;item=1287" target="_blank">Details anzeigen</a>]]></description>
					<styleUrl>#dhv_startplatz</styleUrl>
					<Point>
						<coordinates>8.361715,46.901659</coordinates>
					</Point>
				</Placemark>
				<Placemark>
					<name>Wirzweli Startplatz 2</name>
					<description><![CDATA[Startplatz, Startrichtung W-NW<br/>Gemeinde Dallenwil, Höhe NN 1474m<br/><a href="https://service.dhv.de/db2/details.php?qi=glp_details&amp;popup=1&amp;item=1287" target="_blank">Details anzeigen</a>]]></description>
					<styleUrl>#dhv_startplatz</styleUrl>
					<Point>
						<coordinates>8.375272,46.909170</coordinates>
					</Point>
				</Placemark>
				<Placemark>
					<name>Wirzweli Startplatz 1</name>
					<description><![CDATA[Startplatz, Startrichtung NO<br/>Gemeinde Dallenwil, Höhe NN 1228m<br/><a href="https://service.dhv.de/db2/details.php?qi=glp_details&amp;popup=1&amp;item=1287" target="_blank">Details anzeigen</a>]]></description>
					<styleUrl>#dhv_startplatz</styleUrl>
					<Point>
						<coordinates>8.366917,46.913972</coordinates>
					</Point>
				</Placemark>
				<Placemark>
					<name>Wirzweli Landeplatz 1</name>
					<description><![CDATA[Landeplatz<br/>Gemeinde Dallenwil, Höhe NN 630m<br/><a href="https://service.dhv.de/db2/details.php?qi=glp_details&amp;popup=1&amp;item=1287" target="_blank">Details anzeigen</a>]]></description>
					<styleUrl>#dhv_landeplatz</styleUrl>
					<Point>
						<coordinates>8.383877,46.926909</coordinates>
					</Point>
				</Placemark>
				<Placemark>
					<name>Wirzweli Landeplatz 2</name>
					<description><![CDATA[Landeplatz<br/>Gemeinde Dallenwil, Höhe NN 502m<br/><a href="https://service.dhv.de/db2/details.php?qi=glp_details&amp;popup=1&amp;item=1287" target="_blank">Details anzeigen</a>]]></description>
					<styleUrl>#dhv_landeplatz</styleUrl>
					<Point>
						<coordinates>8.395379,46.918013</coordinates>
					</Point>
				</Placemark>
				<Placemark>
					<name>Wirzweli Landeplatz 3</name>
					<description><![CDATA[Landeplatz<br/>Gemeinde Dallenwil, Höhe NN 500m<br/><a href="https://service.dhv.de/db2/details.php?qi=glp_details&amp;popup=1&amp;item=1287" target="_blank">Details anzeigen</a>]]></description>
					<styleUrl>#dhv_landeplatz</styleUrl>
					<Point>
						<coordinates>8.397964,46.920167</coordinates>
					</Point>
				</Placemark>
			</Folder>
		</Folder>
		<Folder>
			<name>Obwalden</name>
			<open>0</open>
			<Folder>
				<name>Arvialp</name>
				<description><![CDATA[Hanggelände für Gleitschirme<br/>Max. Höhendifferenz 1321m.<br/><a href="https://service.dhv.de/db2/details.php?qi=glp_details&amp;popup=1&amp;item=1400">Details anzeigen</a>]]></description>
				<styleUrl>#dhv_gelaende</styleUrl>
				<open>0</open>
				<Placemark>
					<name>Arvialp Startplatz</name>
					<description><![CDATA[Startplatz, Startrichtung NW<br/>Gemeinde Kerns, Höhe NN 1794m<br/><a href="https://service.dhv.de/db2/details.php?qi=glp_details&amp;popup=1&amp;item=1400" target="_blank">Details anzeigen</a>]]></description>
					<styleUrl>#dhv_startplatz</styleUrl>
					<Point>
						<coordinates>8.330175,46.892069</coordinates>
					</Point>
				</Placemark>
				<Placemark>
					<name>Arvialp Landeplatz 1</name>
					<description><![CDATA[Landeplatz<br/>Gemeinde Kerns, Höhe NN 561m<br/><a href="https://service.dhv.de/db2/details.php?qi=glp_details&amp;popup=1&amp;item=1400" target="_blank">Details anzeigen</a>]]></description>
					<styleUrl>#dhv_landeplatz</styleUrl>
					<Point>
						<coordinates>8.271353,46.898428</coordinates>
					</Point>
				</Placemark>
				<Placemark>
					<name>Linderenalp Landeplatz 1</name>
					<description><![CDATA[Landeplatz<br/>Gemeinde Sarnen, Höhe NN 473m<br/><a href="https://service.dhv.de/db2/details.php?qi=glp_details&amp;popup=1&amp;item=1400" target="_blank">Details anzeigen</a>]]></description>
					<styleUrl>#dhv_landeplatz</styleUrl>
					<Point>
						<coordinates>8.244982,46.886301</coordinates>
					</Point>
				</Placemark>
			</Folder>
			<Folder>
				<name>Bonistock</name>
				<description><![CDATA[Hanggelände für Gleitschirme<br/>Max. Höhendifferenz 1102m.<br/><a href="https://service.dhv.de/db2/details.php?qi=glp_details&amp;popup=1&amp;item=1397">Details anzeigen</a>]]></description>
				<styleUrl>#dhv_gelaende</styleUrl>
				<open>0</open>
				<Placemark>
					<name>Bonistock Startplatz</name>
					<description><![CDATA[Startplatz, Startrichtung N-NO<br/>Gemeinde Melchsee-Frutt, Höhe NN 2158m<br/><a href="https://service.dhv.de/db2/details.php?qi=glp_details&amp;popup=1&amp;item=1397" target="_blank">Details anzeigen</a>]]></description>
					<styleUrl>#dhv_startplatz</styleUrl>
					<Point>
						<coordinates>8.290389,46.778092</coordinates>
					</Point>
				</Placemark>
				<Placemark>
					<name>Melchsee-Frutt Landeplatz</name>
					<description><![CDATA[Landeplatz<br/>Gemeinde Melchtal, Höhe NN 1056m<br/><a href="https://service.dhv.de/db2/details.php?qi=glp_details&amp;popup=1&amp;item=1397" target="_blank">Details anzeigen</a>]]></description>
					<styleUrl>#dhv_landeplatz</styleUrl>
					<Point>
						<coordinates>8.280129,46.804348</coordinates>
					</Point>
				</Placemark>
			</Folder>
			<Folder>
				<name>Bruniswald</name>
				<description><![CDATA[Hanggelände für Gleitschirme<br/>Max. Höhendifferenz 989m.<br/><a href="https://service.dhv.de/db2/details.php?qi=glp_details&amp;popup=1&amp;item=1673">Details anzeigen</a>]]></description>
				<styleUrl>#dhv_gelaende</styleUrl>
				<open>0</open>
				<Placemark>
					<name>Bruniswald Startplatz</name>
					<description><![CDATA[Startplatz, Startrichtung W-NW<br/>Gemeinde Grafenort, Höhe NN 1562m<br/><a href="https://service.dhv.de/db2/details.php?qi=glp_details&amp;popup=1&amp;item=1673" target="_blank">Details anzeigen</a>]]></description>
					<styleUrl>#dhv_startplatz</styleUrl>
					<Point>
						<coordinates>8.396514,46.864328</coordinates>
					</Point>
				</Placemark>
				<Placemark>
					<name>Bruniswald Landeplatz</name>
					<description><![CDATA[Landeplatz<br/>Gemeinde Grafenort, Höhe NN 573m<br/><a href="https://service.dhv.de/db2/details.php?qi=glp_details&amp;popup=1&amp;item=1673" target="_blank">Details anzeigen</a>]]></description>
					<styleUrl>#dhv_landeplatz</styleUrl>
					<Point>
						<coordinates>8.374914,46.868150</coordinates>
					</Point>
				</Placemark>
			</Folder>
			<Folder>
				<name>Brunni</name>
				<description><![CDATA[Hanggelände für Gleitschirme<br/>Max. Höhendifferenz 960m.<br/><a href="https://service.dhv.de/db2/details.php?qi=glp_details&amp;popup=1&amp;item=1281">Details anzeigen</a>]]></description>
				<styleUrl>#dhv_gelaende</styleUrl>
				<open>0</open>
				<Placemark>
					<name>Brunni Startplatz 3</name>
					<description><![CDATA[Startplatz, Startrichtung S<br/>Gemeinde Engelberg, Höhe NN 1979m<br/><a href="https://service.dhv.de/db2/details.php?qi=glp_details&amp;popup=1&amp;item=1281" target="_blank">Details anzeigen</a>]]></description>
					<styleUrl>#dhv_startplatz</styleUrl>
					<Point>
						<coordinates>8.414972,46.841028</coordinates>
					</Point>
				</Placemark>
				<Placemark>
					<name>Brunni Startplatz 1</name>
					<description><![CDATA[Startplatz, Startrichtung SW-W<br/>Gemeinde Engelberg, Höhe NN 1857m<br/><a href="https://service.dhv.de/db2/details.php?qi=glp_details&amp;popup=1&amp;item=1281" target="_blank">Details anzeigen</a>]]></description>
					<styleUrl>#dhv_startplatz</styleUrl>
					<Point>
						<coordinates>8.410141,46.842662</coordinates>
					</Point>
				</Placemark>
				<Placemark>
					<name>Brunni Startplatz 2</name>
					<description><![CDATA[Startplatz, Startrichtung SW<br/>Gemeinde Engelberg, Höhe NN 1800m<br/><a href="https://service.dhv.de/db2/details.php?qi=glp_details&amp;popup=1&amp;item=1281" target="_blank">Details anzeigen</a>]]></description>
					<styleUrl>#dhv_startplatz</styleUrl>
					<Point>
						<coordinates>8.412330,46.837987</coordinates>
					</Point>
				</Placemark>
				<Placemark>
					<name>Brunni Landeplatz 2</name>
					<description><![CDATA[Landeplatz<br/>Gemeinde Engelberg, Höhe NN 1032m<br/><a href="https://service.dhv.de/db2/details.php?qi=glp_details&amp;popup=1&amp;item=1281" target="_blank">Details anzeigen</a>]]></description>
					<styleUrl>#dhv_landeplatz</styleUrl>
					<Point>
						<coordinates>8.426417,46.810252</coordinates>
					</Point>
				</Placemark>
				<Placemark>
					<name>Brunni Landeplatz 1</name>
					<description><![CDATA[Landeplatz<br/>Gemeinde Engelberg, Höhe NN 1019m<br/><a href="https://service.dhv.de/db2/details.php?qi=glp_details&amp;popup=1&amp;item=1281" target="_blank">Details anzeigen</a>]]></description>
					<styleUrl>#dhv_landeplatz</styleUrl>
					<Point>
						<coordinates>8.408199,46.817301</coordinates>
					</Point>
				</Placemark>
			</Folder>
			<Folder>
				<name>Büelen</name>
				<description><![CDATA[Hanggelände für Gleitschirme<br/>Max. Höhendifferenz 551m.<br/><a href="https://service.dhv.de/db2/details.php?qi=glp_details&amp;popup=1&amp;item=1288">Details anzeigen</a>]]></description>
				<styleUrl>#dhv_gelaende</styleUrl>
				<open>0</open>
				<Placemark>
					<name>Büelen Startplatz</name>
					<description><![CDATA[Startplatz, Startrichtung O-SO<br/>Gemeinde Grafenort, Höhe NN 1095m<br/><a href="https://service.dhv.de/db2/details.php?qi=glp_details&amp;popup=1&amp;item=1288" target="_blank">Details anzeigen</a>]]></description>
					<styleUrl>#dhv_startplatz</styleUrl>
					<Point>
						<coordinates>8.365563,46.880959</coordinates>
					</Point>
				</Placemark>
				<Placemark>
					<name>Büelen Landeplatz</name>
					<description><![CDATA[Landeplatz<br/>Gemeinde Grafenort, Höhe NN 544m<br/><a href="https://service.dhv.de/db2/details.php?qi=glp_details&amp;popup=1&amp;item=1288" target="_blank">Details anzeigen</a>]]></description>
					<styleUrl>#dhv_landeplatz</styleUrl>
					<Point>
						<coordinates>8.376914,46.882922</coordinates>
					</Point>
				</Placemark>
			</Folder>
			<Folder>
				<name>Fürenalp</name>
				<description><![CDATA[Hanggelände für Gleitschirme<br/>Max. Höhendifferenz 824m.<br/><a href="https://service.dhv.de/db2/details.php?qi=glp_details&amp;popup=1&amp;item=1283">Details anzeigen</a>]]></description>
				<styleUrl>#dhv_gelaende</styleUrl>
				<open>0</open>
				<Placemark>
					<name>Fürenalp Startplatz</name>
					<description><![CDATA[Startplatz, Startrichtung SW<br/>Gemeinde Engelberg, Höhe NN 1923m<br/><a href="https://service.dhv.de/db2/details.php?qi=glp_details&amp;popup=1&amp;item=1283" target="_blank">Details anzeigen</a>]]></description>
					<styleUrl>#dhv_startplatz</styleUrl>
					<Point>
						<coordinates>8.465694,46.805667</coordinates>
					</Point>
				</Placemark>
				<Placemark>
					<name>Fürenalp Landeplatz</name>
					<description><![CDATA[Landeplatz<br/>Gemeinde Engelberg, Höhe NN 1099m<br/><a href="https://service.dhv.de/db2/details.php?qi=glp_details&amp;popup=1&amp;item=1283" target="_blank">Details anzeigen</a>]]></description>
					<styleUrl>#dhv_landeplatz</styleUrl>
					<Point>
						<coordinates>8.454559,46.799817</coordinates>
					</Point>
				</Placemark>
			</Folder>
			<Folder>
				<name>Hüttstett</name>
				<description><![CDATA[Hanggelände für Gleitschirme<br/>Max. Höhendifferenz 968m.<br/><a href="https://service.dhv.de/db2/details.php?qi=glp_details&amp;popup=1&amp;item=1395">Details anzeigen</a>]]></description>
				<styleUrl>#dhv_gelaende</styleUrl>
				<open>0</open>
				<Placemark>
					<name>Schönbüel Landeplatz 1</name>
					<description><![CDATA[Landeplatz<br/>Gemeinde Lungern, Höhe NN 694m<br/><a href="https://service.dhv.de/db2/details.php?qi=glp_details&amp;popup=1&amp;item=1395" target="_blank">Details anzeigen</a>]]></description>
					<styleUrl>#dhv_landeplatz</styleUrl>
					<Point>
						<coordinates>8.150654,46.786456</coordinates>
					</Point>
				</Placemark>
			</Folder>
			<Folder>
				<name>Linderenalp</name>
				<description><![CDATA[Hanggelände für Gleitschirme<br/>Max. Höhendifferenz 1068m.<br/><a href="https://service.dhv.de/db2/details.php?qi=glp_details&amp;popup=1&amp;item=1398">Details anzeigen</a>]]></description>
				<styleUrl>#dhv_gelaende</styleUrl>
				<open>0</open>
				<Placemark>
					<name>Linderenalp Startplatz</name>
					<description><![CDATA[Startplatz, Startrichtung NW-N, S<br/>Gemeinde Sarnen, Höhe NN 1541m<br/><a href="https://service.dhv.de/db2/details.php?qi=glp_details&amp;popup=1&amp;item=1398" target="_blank">Details anzeigen</a>]]></description>
					<styleUrl>#dhv_startplatz</styleUrl>
					<Point>
						<coordinates>8.297142,46.870528</coordinates>
					</Point>
				</Placemark>
				<Placemark>
					<name>Linderenalp Landeplatz 2</name>
					<description><![CDATA[Landeplatz<br/>Gemeinde Sarnen, Höhe NN 561m<br/><a href="https://service.dhv.de/db2/details.php?qi=glp_details&amp;popup=1&amp;item=1398" target="_blank">Details anzeigen</a>]]></description>
					<styleUrl>#dhv_landeplatz</styleUrl>
					<Point>
						<coordinates>8.271353,46.898428</coordinates>
					</Point>
				</Placemark>
				<Placemark>
					<name>Ruedlen Landeplatz 2</name>
					<description><![CDATA[Landeplatz<br/>Gemeinde Sarnen, Höhe NN 561m<br/><a href="https://service.dhv.de/db2/details.php?qi=glp_details&amp;popup=1&amp;item=1398" target="_blank">Details anzeigen</a>]]></description>
					<styleUrl>#dhv_landeplatz</styleUrl>
					<Point>
						<coordinates>8.271353,46.898428</coordinates>
					</Point>
				</Placemark>
				<Placemark>
					<name>Linderenalp Landeplatz 1</name>
					<description><![CDATA[Landeplatz<br/>Gemeinde Sarnen, Höhe NN 473m<br/><a href="https://service.dhv.de/db2/details.php?qi=glp_details&amp;popup=1&amp;item=1398" target="_blank">Details anzeigen</a>]]></description>
					<styleUrl>#dhv_landeplatz</styleUrl>
					<Point>
						<coordinates>8.244982,46.886301</coordinates>
					</Point>
				</Placemark>
			</Folder>
			<Folder>
				<name>Lutersee</name>
				<description><![CDATA[Hanggelände für Gleitschirme<br/>Max. Höhendifferenz 780m.<br/><a href="https://service.dhv.de/db2/details.php?qi=glp_details&amp;popup=1&amp;item=2655">Details anzeigen</a>]]></description>
				<styleUrl>#dhv_gelaende</styleUrl>
				<open>0</open>
				<Placemark>
					<name>Lutersee Startplatz</name>
					<description><![CDATA[Startplatz, Startrichtung O<br/>Gemeinde Wolfenschießen, Höhe NN 1382m<br/><a href="https://service.dhv.de/db2/details.php?qi=glp_details&amp;popup=1&amp;item=2655" target="_blank">Details anzeigen</a>]]></description>
					<styleUrl>#dhv_startplatz</styleUrl>
					<Point>
						<coordinates>8.344067,46.855978</coordinates>
					</Point>
				</Placemark>
				<Placemark>
					<name>Lutersee Landeplatz</name>
					<description><![CDATA[Landeplatz<br/>Gemeinde Wolfenschießen, Höhe NN 602m<br/><a href="https://service.dhv.de/db2/details.php?qi=glp_details&amp;popup=1&amp;item=2655" target="_blank">Details anzeigen</a>]]></description>
					<styleUrl>#dhv_landeplatz</styleUrl>
					<Point>
						<coordinates>8.367983,46.855228</coordinates>
					</Point>
				</Placemark>
			</Folder>
			<Folder>
				<name>Melchsee-Frutt</name>
				<description><![CDATA[Hanggelände für Gleitschirme<br/>Max. Höhendifferenz 844m.<br/><a href="https://service.dhv.de/db2/details.php?qi=glp_details&amp;popup=1&amp;item=1396">Details anzeigen</a>]]></description>
				<styleUrl>#dhv_gelaende</styleUrl>
				<open>0</open>
				<Placemark>
					<name>Melchsee-Frutt Startplatz</name>
					<description><![CDATA[Startplatz, Startrichtung N-NO<br/>Gemeinde Melchsee-Frutt, Höhe NN 1900m<br/><a href="https://service.dhv.de/db2/details.php?qi=glp_details&amp;popup=1&amp;item=1396" target="_blank">Details anzeigen</a>]]></description>
					<styleUrl>#dhv_startplatz</styleUrl>
					<Point>
						<coordinates>8.268794,46.778553</coordinates>
					</Point>
				</Placemark>
				<Placemark>
					<name>Melchsee-Frutt Landeplatz</name>
					<description><![CDATA[Landeplatz<br/>Gemeinde Melchtal, Höhe NN 1056m<br/><a href="https://service.dhv.de/db2/details.php?qi=glp_details&amp;popup=1&amp;item=1396" target="_blank">Details anzeigen</a>]]></description>
					<styleUrl>#dhv_landeplatz</styleUrl>
					<Point>
						<coordinates>8.280129,46.804348</coordinates>
					</Point>
				</Placemark>
			</Folder>
			<Folder>
				<name>Ober Büelen</name>
				<description><![CDATA[Hanggelände für Gleitschirme<br/>Max. Höhendifferenz 1030m.<br/><a href="https://service.dhv.de/db2/details.php?qi=glp_details&amp;popup=1&amp;item=2116">Details anzeigen</a>]]></description>
				<styleUrl>#dhv_gelaende</styleUrl>
				<open>0</open>
				<Placemark>
					<name>Ober Büelen Startplatz</name>
					<description><![CDATA[Startplatz, Startrichtung NW<br/>Gemeinde Sachseln, Höhe NN 1524m<br/><a href="https://service.dhv.de/db2/details.php?qi=glp_details&amp;popup=1&amp;item=2116" target="_blank">Details anzeigen</a>]]></description>
					<styleUrl>#dhv_startplatz</styleUrl>
					<Point>
						<coordinates>8.270425,46.854142</coordinates>
					</Point>
				</Placemark>
				<Placemark>
					<name>Ober Büelen Landeplatz</name>
					<description><![CDATA[Landeplatz<br/>Gemeinde Sachseln, Höhe NN 494m<br/><a href="https://service.dhv.de/db2/details.php?qi=glp_details&amp;popup=1&amp;item=2116" target="_blank">Details anzeigen</a>]]></description>
					<styleUrl>#dhv_landeplatz</styleUrl>
					<Point>
						<coordinates>8.234103,46.864214</coordinates>
					</Point>
				</Placemark>
			</Folder>
			<Folder>
				<name>Pilatus</name>
				<description><![CDATA[Hanggelände für Gleitschirme und Hängegleiter<br/>Max. Höhendifferenz 1605m.<br/><a href="https://service.dhv.de/db2/details.php?qi=glp_details&amp;popup=1&amp;item=1293">Details anzeigen</a>]]></description>
				<styleUrl>#dhv_gelaende</styleUrl>
				<open>0</open>
				<Placemark>
					<name>Pilatus Startplatz 1</name>
					<description><![CDATA[Startplatz, Startrichtung SW<br/>Gemeinde Alpnach, Höhe NN 2059m<br/><a href="https://service.dhv.de/db2/details.php?qi=glp_details&amp;popup=1&amp;item=1293" target="_blank">Details anzeigen</a>]]></description>
					<styleUrl>#dhv_startplatz</styleUrl>
					<Point>
						<coordinates>8.255174,46.979385</coordinates>
					</Point>
				</Placemark>
				<Placemark>
					<name>Pilatus Startplatz 2</name>
					<description><![CDATA[Startplatz, Startrichtung W<br/>Gemeinde Alpnach, Höhe NN 1864m<br/><a href="https://service.dhv.de/db2/details.php?qi=glp_details&amp;popup=1&amp;item=1293" target="_blank">Details anzeigen</a>]]></description>
					<styleUrl>#dhv_startplatz</styleUrl>
					<Point>
						<coordinates>8.250706,46.982188</coordinates>
					</Point>
				</Placemark>
				<Placemark>
					<name>Pilatus Landeplatz 2</name>
					<description><![CDATA[Landeplatz<br/>Gemeinde Alpnachstad, Höhe NN 510m<br/><a href="https://service.dhv.de/db2/details.php?qi=glp_details&amp;popup=1&amp;item=1293" target="_blank">Details anzeigen</a>]]></description>
					<styleUrl>#dhv_landeplatz</styleUrl>
					<Point>
						<coordinates>8.273864,46.950819</coordinates>
					</Point>
				</Placemark>
			</Folder>
			<Folder>
				<name>Ruedlen</name>
				<description><![CDATA[Hanggelände für Gleitschirme und Hängegleiter<br/>Max. Höhendifferenz 716m.<br/><a href="https://service.dhv.de/db2/details.php?qi=glp_details&amp;popup=1&amp;item=1399">Details anzeigen</a>]]></description>
				<styleUrl>#dhv_gelaende</styleUrl>
				<open>0</open>
				<Placemark>
					<name>Ruedlen Startplatz</name>
					<description><![CDATA[Startplatz, Startrichtung SW<br/>Gemeinde Kerns, Höhe NN 1277m<br/><a href="https://service.dhv.de/db2/details.php?qi=glp_details&amp;popup=1&amp;item=1399" target="_blank">Details anzeigen</a>]]></description>
					<styleUrl>#dhv_startplatz</styleUrl>
					<Point>
						<coordinates>8.317283,46.898367</coordinates>
					</Point>
				</Placemark>
				<Placemark>
					<name>Ruedlen Landeplatz 1</name>
					<description><![CDATA[Landeplatz<br/>Gemeinde Kerns-Sand, Höhe NN 562m<br/><a href="https://service.dhv.de/db2/details.php?qi=glp_details&amp;popup=1&amp;item=1399" target="_blank">Details anzeigen</a>]]></description>
					<styleUrl>#dhv_landeplatz</styleUrl>
					<Point>
						<coordinates>8.286695,46.907752</coordinates>
					</Point>
				</Placemark>
				<Placemark>
					<name>Arvialp Landeplatz 1</name>
					<description><![CDATA[Landeplatz<br/>Gemeinde Kerns, Höhe NN 561m<br/><a href="https://service.dhv.de/db2/details.php?qi=glp_details&amp;popup=1&amp;item=1399" target="_blank">Details anzeigen</a>]]></description>
					<styleUrl>#dhv_landeplatz</styleUrl>
					<Point>
						<coordinates>8.271353,46.898428</coordinates>
					</Point>
				</Placemark>
				<Placemark>
					<name>Ruedlen Landeplatz 2</name>
					<description><![CDATA[Landeplatz<br/>Gemeinde Sarnen, Höhe NN 561m<br/><a href="https://service.dhv.de/db2/details.php?qi=glp_details&amp;popup=1&amp;item=1399" target="_blank">Details anzeigen</a>]]></description>
					<styleUrl>#dhv_landeplatz</styleUrl>
					<Point>
						<coordinates>8.271353,46.898428</coordinates>
					</Point>
				</Placemark>
			</Folder>
			<Folder>
				<name>Ruelen</name>
				<description><![CDATA[Hanggelände für Gleitschirme<br/>Max. Höhendifferenz 796m.<br/><a href="https://service.dhv.de/db2/details.php?qi=glp_details&amp;popup=1&amp;item=1768">Details anzeigen</a>]]></description>
				<styleUrl>#dhv_gelaende</styleUrl>
				<open>0</open>
				<Placemark>
					<name>Ruelen Startplatz</name>
					<description><![CDATA[Startplatz, Startrichtung W<br/>Gemeinde Sarnen, Höhe NN 1269m<br/><a href="https://service.dhv.de/db2/details.php?qi=glp_details&amp;popup=1&amp;item=1768" target="_blank">Details anzeigen</a>]]></description>
					<styleUrl>#dhv_startplatz</styleUrl>
					<Point>
						<coordinates>8.317425,46.898364</coordinates>
					</Point>
				</Placemark>
				<Placemark>
					<name>Linderenalp Landeplatz 2</name>
					<description><![CDATA[Landeplatz<br/>Gemeinde Sarnen, Höhe NN 561m<br/><a href="https://service.dhv.de/db2/details.php?qi=glp_details&amp;popup=1&amp;item=1768" target="_blank">Details anzeigen</a>]]></description>
					<styleUrl>#dhv_landeplatz</styleUrl>
					<Point>
						<coordinates>8.271353,46.898428</coordinates>
					</Point>
				</Placemark>
				<Placemark>
					<name>Linderenalp Landeplatz 1</name>
					<description><![CDATA[Landeplatz<br/>Gemeinde Sarnen, Höhe NN 473m<br/><a href="https://service.dhv.de/db2/details.php?qi=glp_details&amp;popup=1&amp;item=1768" target="_blank">Details anzeigen</a>]]></description>
					<styleUrl>#dhv_landeplatz</styleUrl>
					<Point>
						<coordinates>8.244982,46.886301</coordinates>
					</Point>
				</Placemark>
			</Folder>
			<Folder>
				<name>Schönbüel</name>
				<description><![CDATA[Hanggelände für Gleitschirme<br/>Max. Höhendifferenz 1317m.<br/><a href="https://service.dhv.de/db2/details.php?qi=glp_details&amp;popup=1&amp;item=1394">Details anzeigen</a>]]></description>
				<styleUrl>#dhv_gelaende</styleUrl>
				<open>0</open>
				<Placemark>
					<name>Schönbüel Startplatz</name>
					<description><![CDATA[Startplatz, Startrichtung S, NO<br/>Gemeinde Lungern, Höhe NN 2011m<br/><a href="https://service.dhv.de/db2/details.php?qi=glp_details&amp;popup=1&amp;item=1394" target="_blank">Details anzeigen</a>]]></description>
					<styleUrl>#dhv_startplatz</styleUrl>
					<Point>
						<coordinates>8.098933,46.787344</coordinates>
					</Point>
				</Placemark>
				<Placemark>
					<name>Schönbüel Landeplatz 1</name>
					<description><![CDATA[Landeplatz<br/>Gemeinde Lungern, Höhe NN 694m<br/><a href="https://service.dhv.de/db2/details.php?qi=glp_details&amp;popup=1&amp;item=1394" target="_blank">Details anzeigen</a>]]></description>
					<styleUrl>#dhv_landeplatz</styleUrl>
					<Point>
						<coordinates>8.150654,46.786456</coordinates>
					</Point>
				</Placemark>
				<Placemark>
					<name>Schönbüel Landeplatz 2</name>
					<description><![CDATA[Landeplatz<br/>Gemeinde Lungern, Höhe NN 694m<br/><a href="https://service.dhv.de/db2/details.php?qi=glp_details&amp;popup=1&amp;item=1394" target="_blank">Details anzeigen</a>]]></description>
					<styleUrl>#dhv_landeplatz</styleUrl>
					<Point>
						<coordinates>8.149431,46.784105</coordinates>
					</Point>
				</Placemark>
			</Folder>
			<Folder>
				<name>Titlis</name>
				<description><![CDATA[Hanggelände für Gleitschirme<br/>Max. Höhendifferenz 2144m.<br/><a href="https://service.dhv.de/db2/details.php?qi=glp_details&amp;popup=1&amp;item=1571">Details anzeigen</a>]]></description>
				<styleUrl>#dhv_gelaende</styleUrl>
				<open>0</open>
				<Placemark>
					<name>Titlis Startplatz</name>
					<description><![CDATA[Startplatz, Startrichtung NW<br/>Gemeinde Engelberg, Höhe NN 3163m<br/><a href="https://service.dhv.de/db2/details.php?qi=glp_details&amp;popup=1&amp;item=1571" target="_blank">Details anzeigen</a>]]></description>
					<styleUrl>#dhv_startplatz</styleUrl>
					<Point>
						<coordinates>8.434219,46.773444</coordinates>
					</Point>
				</Placemark>
				<Placemark>
					<name>Brunni Landeplatz 1</name>
					<description><![CDATA[Landeplatz<br/>Gemeinde Engelberg, Höhe NN 1019m<br/><a href="https://service.dhv.de/db2/details.php?qi=glp_details&amp;popup=1&amp;item=1571" target="_blank">Details anzeigen</a>]]></description>
					<styleUrl>#dhv_landeplatz</styleUrl>
					<Point>
						<coordinates>8.408199,46.817301</coordinates>
					</Point>
				</Placemark>
			</Folder>
		</Folder>
		<Folder>
			<name>Schaffhausen</name>
			<open>0</open>
			<Folder>
				<name>Hamenberg - Rudolfingen</name>
				<description><![CDATA[Hanggelände für Gleitschirme<br/>Max. Höhendifferenz 65m.<br/><a href="https://service.dhv.de/db2/details.php?qi=glp_details&amp;popup=1&amp;item=1749">Details anzeigen</a>]]></description>
				<styleUrl>#dhv_gelaende</styleUrl>
				<open>0</open>
				<Placemark>
					<name>Hamenberg - Rudolfingen Startplatz</name>
					<description><![CDATA[Startplatz, Startrichtung SW<br/>Gemeinde Rudolfingen, Höhe NN 485m<br/><a href="https://service.dhv.de/db2/details.php?qi=glp_details&amp;popup=1&amp;item=1749" target="_blank">Details anzeigen</a>]]></description>
					<styleUrl>#dhv_startplatz</styleUrl>
					<Point>
						<coordinates>8.670981,47.643628</coordinates>
					</Point>
				</Placemark>
				<Placemark>
					<name>Hamenberg - Rudolfingen Landeplatz</name>
					<description><![CDATA[Landeplatz<br/>Gemeinde Rudolfingen, Höhe NN 420m<br/><a href="https://service.dhv.de/db2/details.php?qi=glp_details&amp;popup=1&amp;item=1749" target="_blank">Details anzeigen</a>]]></description>
					<styleUrl>#dhv_landeplatz</styleUrl>
					<Point>
						<coordinates>8.667054,47.642448</coordinates>
					</Point>
				</Placemark>
			</Folder>
			<Folder>
				<name>Ob Lucken</name>
				<description><![CDATA[Hanggelände für Gleitschirme und Hängegleiter<br/>Max. Höhendifferenz 294m.<br/><a href="https://service.dhv.de/db2/details.php?qi=glp_details&amp;popup=1&amp;item=1747">Details anzeigen</a>]]></description>
				<styleUrl>#dhv_gelaende</styleUrl>
				<open>0</open>
				<Placemark>
					<name>Ob Lucken Startplatz</name>
					<description><![CDATA[Startplatz, Startrichtung SW-NW<br/>Gemeinde Beggingen, Höhe NN 888m<br/><a href="https://service.dhv.de/db2/details.php?qi=glp_details&amp;popup=1&amp;item=1747" target="_blank">Details anzeigen</a>]]></description>
					<styleUrl>#dhv_startplatz</styleUrl>
					<Point>
						<coordinates>8.555758,47.763025</coordinates>
					</Point>
				</Placemark>
				<Placemark>
					<name>Ob Lucken Landeplatz</name>
					<description><![CDATA[Landeplatz<br/>Gemeinde Beggingen, Höhe NN 594m<br/><a href="https://service.dhv.de/db2/details.php?qi=glp_details&amp;popup=1&amp;item=1747" target="_blank">Details anzeigen</a>]]></description>
					<styleUrl>#dhv_landeplatz</styleUrl>
					<Point>
						<coordinates>8.544514,47.766217</coordinates>
					</Point>
				</Placemark>
			</Folder>
			<Folder>
				<name>Opfertshofen</name>
				<description><![CDATA[Hanggelände für Gleitschirme<br/>Max. Höhendifferenz 42m.<br/><a href="https://service.dhv.de/db2/details.php?qi=glp_details&amp;popup=1&amp;item=1748">Details anzeigen</a>]]></description>
				<styleUrl>#dhv_gelaende</styleUrl>
				<open>0</open>
				<Placemark>
					<name>Opfertshofen Startplatz</name>
					<description><![CDATA[Startplatz, Startrichtung NO<br/>Gemeinde Opfertshofen, Höhe NN 651m<br/><a href="https://service.dhv.de/db2/details.php?qi=glp_details&amp;popup=1&amp;item=1748" target="_blank">Details anzeigen</a>]]></description>
					<styleUrl>#dhv_startplatz</styleUrl>
					<Point>
						<coordinates>8.655058,47.773128</coordinates>
					</Point>
				</Placemark>
				<Placemark>
					<name>Opfertshofen Landeplatz</name>
					<description><![CDATA[Landeplatz<br/>Gemeinde Opfertshofen, Höhe NN 609m<br/><a href="https://service.dhv.de/db2/details.php?qi=glp_details&amp;popup=1&amp;item=1748" target="_blank">Details anzeigen</a>]]></description>
					<styleUrl>#dhv_landeplatz</styleUrl>
					<Point>
						<coordinates>8.656500,47.774053</coordinates>
					</Point>
				</Placemark>
			</Folder>
		</Folder>
		<Folder>
			<name>Schwyz</name>
			<open>0</open>
			<Folder>
				<name>Chli Amsel</name>
				<description><![CDATA[Hanggelände für Gleitschirme<br/>Max. Höhendifferenz 494m.<br/><a href="https://service.dhv.de/db2/details.php?qi=glp_details&amp;popup=1&amp;item=2087">Details anzeigen</a>]]></description>
				<styleUrl>#dhv_gelaende</styleUrl>
				<open>0</open>
				<Placemark>
					<name>Chli Amsel Startplatz</name>
					<description><![CDATA[Startplatz, Startrichtung W-NW<br/>Gemeinde Einsideln, Höhe NN 1397m<br/><a href="https://service.dhv.de/db2/details.php?qi=glp_details&amp;popup=1&amp;item=2087" target="_blank">Details anzeigen</a>]]></description>
					<styleUrl>#dhv_startplatz</styleUrl>
					<Point>
						<coordinates>8.743033,47.097372</coordinates>
					</Point>
				</Placemark>
				<Placemark>
					<name>Ufem Tritt Landeplatz</name>
					<description><![CDATA[Landeplatz<br/>Gemeinde Einsideln, Höhe NN 903m<br/><a href="https://service.dhv.de/db2/details.php?qi=glp_details&amp;popup=1&amp;item=2087" target="_blank">Details anzeigen</a>]]></description>
					<styleUrl>#dhv_landeplatz</styleUrl>
					<Point>
						<coordinates>8.738561,47.115947</coordinates>
					</Point>
				</Placemark>
			</Folder>
			<Folder>
				<name>Chli Aubrig</name>
				<description><![CDATA[Hanggelände für Gleitschirme<br/>Max. Höhendifferenz 693m.<br/><a href="https://service.dhv.de/db2/details.php?qi=glp_details&amp;popup=1&amp;item=5503">Details anzeigen</a>]]></description>
				<styleUrl>#dhv_gelaende</styleUrl>
				<open>0</open>
				<Placemark>
					<name>Chli Aubrig Startplatz</name>
					<description><![CDATA[Startplatz, Startrichtung SW<br/>Gemeinde Euthal, Höhe NN 1588m<br/><a href="https://service.dhv.de/db2/details.php?qi=glp_details&amp;popup=1&amp;item=5503" target="_blank">Details anzeigen</a>]]></description>
					<styleUrl>#dhv_startplatz</styleUrl>
					<Point>
						<coordinates>8.860481,47.107097</coordinates>
					</Point>
				</Placemark>
				<Placemark>
					<name>Einsiedeln Landeplatz</name>
					<description><![CDATA[Landeplatz<br/>Gemeinde Euthal, Höhe NN 895m<br/><a href="https://service.dhv.de/db2/details.php?qi=glp_details&amp;popup=1&amp;item=5503" target="_blank">Details anzeigen</a>]]></description>
					<styleUrl>#dhv_landeplatz</styleUrl>
					<Point>
						<coordinates>8.818517,47.092719</coordinates>
					</Point>
				</Placemark>
			</Folder>
			<Folder>
				<name>Dossen</name>
				<description><![CDATA[Hanggelände für Gleitschirme<br/>Max. Höhendifferenz 1206m.<br/><a href="https://service.dhv.de/db2/details.php?qi=glp_details&amp;popup=1&amp;item=5506">Details anzeigen</a>]]></description>
				<styleUrl>#dhv_gelaende</styleUrl>
				<open>0</open>
				<Placemark>
					<name>Rigi-Scheidegg Landeplatz 1</name>
					<description><![CDATA[Landeplatz<br/>Gemeinde Goldau, Höhe NN 752m<br/><a href="https://service.dhv.de/db2/details.php?qi=glp_details&amp;popup=1&amp;item=5506" target="_blank">Details anzeigen</a>]]></description>
					<styleUrl>#dhv_landeplatz</styleUrl>
					<Point>
						<coordinates>8.536328,47.038506</coordinates>
					</Point>
				</Placemark>
			</Folder>
			<Folder>
				<name>Egelstock</name>
				<description><![CDATA[Hanggelände für Gleitschirme und Hängegleiter<br/>Max. Höhendifferenz 847m.<br/><a href="https://service.dhv.de/db2/details.php?qi=glp_details&amp;popup=1&amp;item=1410">Details anzeigen</a>]]></description>
				<styleUrl>#dhv_gelaende</styleUrl>
				<open>0</open>
				<Placemark>
					<name>Egelstock Startplatz</name>
					<description><![CDATA[Startplatz, Startrichtung S-SW<br/>Gemeinde Seewen, Höhe NN 1297m<br/><a href="https://service.dhv.de/db2/details.php?qi=glp_details&amp;popup=1&amp;item=1410" target="_blank">Details anzeigen</a>]]></description>
					<styleUrl>#dhv_startplatz</styleUrl>
					<Point>
						<coordinates>8.645133,47.057592</coordinates>
					</Point>
				</Placemark>
				<Placemark>
					<name>Landeplatz Mostelegg</name>
					<description><![CDATA[Landeplatz<br/>Gemeinde Seewen, Höhe NN 450m<br/><a href="https://service.dhv.de/db2/details.php?qi=glp_details&amp;popup=1&amp;item=1410" target="_blank">Details anzeigen</a>]]></description>
					<styleUrl>#dhv_landeplatz</styleUrl>
					<Point>
						<coordinates>8.623647,47.033597</coordinates>
					</Point>
				</Placemark>
			</Folder>
			<Folder>
				<name>Einsiedeln</name>
				<description><![CDATA[Hanggelände für Gleitschirme<br/>Max. Höhendifferenz 82m.<br/><a href="https://service.dhv.de/db2/details.php?qi=glp_details&amp;popup=1&amp;item=2081">Details anzeigen</a>]]></description>
				<styleUrl>#dhv_gelaende</styleUrl>
				<open>0</open>
				<Placemark>
					<name>Einsiedeln Startplatz</name>
					<description><![CDATA[Startplatz, Startrichtung W<br/>Gemeinde Euthal, Höhe NN 977m<br/><a href="https://service.dhv.de/db2/details.php?qi=glp_details&amp;popup=1&amp;item=2081" target="_blank">Details anzeigen</a>]]></description>
					<styleUrl>#dhv_startplatz</styleUrl>
					<Point>
						<coordinates>8.823022,47.093569</coordinates>
					</Point>
				</Placemark>
				<Placemark>
					<name>Einsiedeln Landeplatz</name>
					<description><![CDATA[Landeplatz<br/>Gemeinde Euthal, Höhe NN 895m<br/><a href="https://service.dhv.de/db2/details.php?qi=glp_details&amp;popup=1&amp;item=2081" target="_blank">Details anzeigen</a>]]></description>
					<styleUrl>#dhv_landeplatz</styleUrl>
					<Point>
						<coordinates>8.818517,47.092719</coordinates>
					</Point>
				</Placemark>
			</Folder>
			<Folder>
				<name>Forstberg</name>
				<description><![CDATA[Hanggelände für Gleitschirme<br/>Max. Höhendifferenz 1133m.<br/><a href="https://service.dhv.de/db2/details.php?qi=glp_details&amp;popup=1&amp;item=5707">Details anzeigen</a>]]></description>
				<styleUrl>#dhv_gelaende</styleUrl>
				<open>0</open>
				<Placemark>
					<name>Forstberg Startplatz</name>
					<description><![CDATA[Startplatz, Startrichtung SW<br/>Gemeinde Hoch-Ybrig, Höhe NN 2168m<br/><a href="https://service.dhv.de/db2/details.php?qi=glp_details&amp;popup=1&amp;item=5707" target="_blank">Details anzeigen</a>]]></description>
					<styleUrl>#dhv_startplatz</styleUrl>
					<Point>
						<coordinates>8.822403,47.001639</coordinates>
					</Point>
				</Placemark>
				<Placemark>
					<name>Hoch-Ybrig Landeplatz</name>
					<description><![CDATA[Landeplatz<br/>Gemeinde Hoch-Ybrig, Höhe NN 1035m<br/><a href="https://service.dhv.de/db2/details.php?qi=glp_details&amp;popup=1&amp;item=5707" target="_blank">Details anzeigen</a>]]></description>
					<styleUrl>#dhv_landeplatz</styleUrl>
					<Point>
						<coordinates>8.810327,47.020189</coordinates>
					</Point>
				</Placemark>
			</Folder>
			<Folder>
				<name>Fronalpstock</name>
				<description><![CDATA[Hanggelände für Gleitschirme<br/>Max. Höhendifferenz 1471m.<br/><a href="https://service.dhv.de/db2/details.php?qi=glp_details&amp;popup=1&amp;item=1406">Details anzeigen</a>]]></description>
				<styleUrl>#dhv_gelaende</styleUrl>
				<open>0</open>
				<Placemark>
					<name>Fronalpstock Startplatz 1</name>
					<description><![CDATA[Startplatz, Startrichtung NO-O<br/>Gemeinde Brunnen, Höhe NN 1907m<br/><a href="https://service.dhv.de/db2/details.php?qi=glp_details&amp;popup=1&amp;item=1406" target="_blank">Details anzeigen</a>]]></description>
					<styleUrl>#dhv_startplatz</styleUrl>
					<Point>
						<coordinates>8.637519,46.968883</coordinates>
					</Point>
				</Placemark>
				<Placemark>
					<name>Fronalpstock Startplatz 2</name>
					<description><![CDATA[Startplatz, Startrichtung SO<br/>Gemeinde Brunnen, Höhe NN 1907m<br/><a href="https://service.dhv.de/db2/details.php?qi=glp_details&amp;popup=1&amp;item=1406" target="_blank">Details anzeigen</a>]]></description>
					<styleUrl>#dhv_startplatz</styleUrl>
					<Point>
						<coordinates>8.639610,46.964864</coordinates>
					</Point>
				</Placemark>
				<Placemark>
					<name>Fronalpstock Startplatz 3</name>
					<description><![CDATA[Startplatz, Startrichtung W-N<br/>Gemeinde Brunnen, Höhe NN 1907m<br/><a href="https://service.dhv.de/db2/details.php?qi=glp_details&amp;popup=1&amp;item=1406" target="_blank">Details anzeigen</a>]]></description>
					<styleUrl>#dhv_startplatz</styleUrl>
					<Point>
						<coordinates>8.637003,46.972782</coordinates>
					</Point>
				</Placemark>
				<Placemark>
					<name>Urmiberg Landeplatz 1</name>
					<description><![CDATA[Landeplatz<br/>Gemeinde Brunnen, Höhe NN 436m<br/><a href="https://service.dhv.de/db2/details.php?qi=glp_details&amp;popup=1&amp;item=1406" target="_blank">Details anzeigen</a>]]></description>
					<styleUrl>#dhv_landeplatz</styleUrl>
					<Point>
						<coordinates>8.595428,46.998753</coordinates>
					</Point>
				</Placemark>
			</Folder>
			<Folder>
				<name>Gotterli</name>
				<description><![CDATA[Hanggelände für Gleitschirme<br/>Max. Höhendifferenz 879m.<br/><a href="https://service.dhv.de/db2/details.php?qi=glp_details&amp;popup=1&amp;item=1703">Details anzeigen</a>]]></description>
				<styleUrl>#dhv_gelaende</styleUrl>
				<open>0</open>
				<Placemark>
					<name>Rigi-Scheidegg Landeplatz 2</name>
					<description><![CDATA[Landeplatz<br/>Gemeinde Lauerz, Höhe NN 482m<br/><a href="https://service.dhv.de/db2/details.php?qi=glp_details&amp;popup=1&amp;item=1703" target="_blank">Details anzeigen</a>]]></description>
					<styleUrl>#dhv_landeplatz</styleUrl>
					<Point>
						<coordinates>8.572189,47.037906</coordinates>
					</Point>
				</Placemark>
			</Folder>
			<Folder>
				<name>Gschwänd</name>
				<description><![CDATA[Hanggelände für Gleitschirme und Hängegleiter<br/>Max. Höhendifferenz 632m.<br/><a href="https://service.dhv.de/db2/details.php?qi=glp_details&amp;popup=1&amp;item=1473">Details anzeigen</a>]]></description>
				<styleUrl>#dhv_gelaende</styleUrl>
				<open>0</open>
				<Placemark>
					<name>Gschwänd Startplatz</name>
					<description><![CDATA[Startplatz, Startrichtung N-NO<br/>Gemeinde Galgenen, Höhe NN 1064m<br/><a href="https://service.dhv.de/db2/details.php?qi=glp_details&amp;popup=1&amp;item=1473" target="_blank">Details anzeigen</a>]]></description>
					<styleUrl>#dhv_startplatz</styleUrl>
					<Point>
						<coordinates>8.871764,47.155808</coordinates>
					</Point>
				</Placemark>
				<Placemark>
					<name>Gschwänd Landeplatz</name>
					<description><![CDATA[Landeplatz<br/>Gemeinde Galgenen, Höhe NN 432m<br/><a href="https://service.dhv.de/db2/details.php?qi=glp_details&amp;popup=1&amp;item=1473" target="_blank">Details anzeigen</a>]]></description>
					<styleUrl>#dhv_landeplatz</styleUrl>
					<Point>
						<coordinates>8.881206,47.176359</coordinates>
					</Point>
				</Placemark>
			</Folder>
			<Folder>
				<name>Haggenegg</name>
				<description><![CDATA[Hanggelände für Gleitschirme und Hängegleiter<br/>Max. Höhendifferenz 1029m.<br/><a href="https://service.dhv.de/db2/details.php?qi=glp_details&amp;popup=1&amp;item=1409">Details anzeigen</a>]]></description>
				<styleUrl>#dhv_gelaende</styleUrl>
				<open>0</open>
				<Placemark>
					<name>Haggenegg Startplatz</name>
					<description><![CDATA[Startplatz, Startrichtung SW<br/>Gemeinde Seewen, Höhe NN 1479m<br/><a href="https://service.dhv.de/db2/details.php?qi=glp_details&amp;popup=1&amp;item=1409" target="_blank">Details anzeigen</a>]]></description>
					<styleUrl>#dhv_startplatz</styleUrl>
					<Point>
						<coordinates>8.682306,47.054678</coordinates>
					</Point>
				</Placemark>
				<Placemark>
					<name>Landeplatz Mostelegg</name>
					<description><![CDATA[Landeplatz<br/>Gemeinde Seewen, Höhe NN 450m<br/><a href="https://service.dhv.de/db2/details.php?qi=glp_details&amp;popup=1&amp;item=1409" target="_blank">Details anzeigen</a>]]></description>
					<styleUrl>#dhv_landeplatz</styleUrl>
					<Point>
						<coordinates>8.623647,47.033597</coordinates>
					</Point>
				</Placemark>
			</Folder>
			<Folder>
				<name>Halsegg</name>
				<description><![CDATA[Hanggelände für Gleitschirme<br/>Max. Höhendifferenz 549m.<br/><a href="https://service.dhv.de/db2/details.php?qi=glp_details&amp;popup=1&amp;item=2084">Details anzeigen</a>]]></description>
				<styleUrl>#dhv_gelaende</styleUrl>
				<open>0</open>
				<Placemark>
					<name>Halsegg Startplatz</name>
					<description><![CDATA[Startplatz, Startrichtung SO<br/>Gemeinde Sattel, Höhe NN 1332m<br/><a href="https://service.dhv.de/db2/details.php?qi=glp_details&amp;popup=1&amp;item=2084" target="_blank">Details anzeigen</a>]]></description>
					<styleUrl>#dhv_startplatz</styleUrl>
					<Point>
						<coordinates>8.607064,47.091247</coordinates>
					</Point>
				</Placemark>
				<Placemark>
					<name>Halsegg Landeplatz</name>
					<description><![CDATA[Landeplatz<br/>Gemeinde Sattel, Höhe NN 783m<br/><a href="https://service.dhv.de/db2/details.php?qi=glp_details&amp;popup=1&amp;item=2084" target="_blank">Details anzeigen</a>]]></description>
					<styleUrl>#dhv_landeplatz</styleUrl>
					<Point>
						<coordinates>8.629328,47.082858</coordinates>
					</Point>
				</Placemark>
			</Folder>
			<Folder>
				<name>Hoch-Ybrig</name>
				<description><![CDATA[Hanggelände für Gleitschirme<br/>Max. Höhendifferenz 829m.<br/><a href="https://service.dhv.de/db2/details.php?qi=glp_details&amp;popup=1&amp;item=1560">Details anzeigen</a>]]></description>
				<styleUrl>#dhv_gelaende</styleUrl>
				<open>0</open>
				<Placemark>
					<name>Hoch-Ybrig Startplatz</name>
					<description><![CDATA[Startplatz, Startrichtung NW-N<br/>Gemeinde Hoch-Ybrig, Höhe NN 1864m<br/><a href="https://service.dhv.de/db2/details.php?qi=glp_details&amp;popup=1&amp;item=1560" target="_blank">Details anzeigen</a>]]></description>
					<styleUrl>#dhv_startplatz</styleUrl>
					<Point>
						<coordinates>8.801092,46.999550</coordinates>
					</Point>
				</Placemark>
				<Placemark>
					<name>Hoch-Ybrig Landeplatz</name>
					<description><![CDATA[Landeplatz<br/>Gemeinde Hoch-Ybrig, Höhe NN 1035m<br/><a href="https://service.dhv.de/db2/details.php?qi=glp_details&amp;popup=1&amp;item=1560" target="_blank">Details anzeigen</a>]]></description>
					<styleUrl>#dhv_landeplatz</styleUrl>
					<Point>
						<coordinates>8.810327,47.020189</coordinates>
					</Point>
				</Placemark>
			</Folder>
			<Folder>
				<name>Hochflue</name>
				<description><![CDATA[Hanggelände für Gleitschirme<br/>Max. Höhendifferenz 1059m.<br/><a href="https://service.dhv.de/db2/details.php?qi=glp_details&amp;popup=1&amp;item=5509">Details anzeigen</a>]]></description>
				<styleUrl>#dhv_gelaende</styleUrl>
				<open>0</open>
				<Placemark>
					<name>Rigi-Scheidegg Landeplatz 2</name>
					<description><![CDATA[Landeplatz<br/>Gemeinde Lauerz, Höhe NN 482m<br/><a href="https://service.dhv.de/db2/details.php?qi=glp_details&amp;popup=1&amp;item=5509" target="_blank">Details anzeigen</a>]]></description>
					<styleUrl>#dhv_landeplatz</styleUrl>
					<Point>
						<coordinates>8.572189,47.037906</coordinates>
					</Point>
				</Placemark>
			</Folder>
			<Folder>
				<name>Hochstuckli</name>
				<description><![CDATA[Hanggelände für Gleitschirme und Hängegleiter<br/>Max. Höhendifferenz 1106m.<br/><a href="https://service.dhv.de/db2/details.php?qi=glp_details&amp;popup=1&amp;item=1408">Details anzeigen</a>]]></description>
				<styleUrl>#dhv_gelaende</styleUrl>
				<open>0</open>
				<Placemark>
					<name>Hochstuckli Startplatz</name>
					<description><![CDATA[Startplatz, Startrichtung NW, S<br/>Gemeinde Seewen, Höhe NN 1556m<br/><a href="https://service.dhv.de/db2/details.php?qi=glp_details&amp;popup=1&amp;item=1408" target="_blank">Details anzeigen</a>]]></description>
					<styleUrl>#dhv_startplatz</styleUrl>
					<Point>
						<coordinates>8.669736,47.057586</coordinates>
					</Point>
				</Placemark>
				<Placemark>
					<name>Landeplatz Mostelegg</name>
					<description><![CDATA[Landeplatz<br/>Gemeinde Seewen, Höhe NN 450m<br/><a href="https://service.dhv.de/db2/details.php?qi=glp_details&amp;popup=1&amp;item=1408" target="_blank">Details anzeigen</a>]]></description>
					<styleUrl>#dhv_landeplatz</styleUrl>
					<Point>
						<coordinates>8.623647,47.033597</coordinates>
					</Point>
				</Placemark>
			</Folder>
			<Folder>
				<name>Hummel</name>
				<description><![CDATA[Hanggelände für Gleitschirme<br/>Max. Höhendifferenz 443m.<br/><a href="https://service.dhv.de/db2/details.php?qi=glp_details&amp;popup=1&amp;item=2082">Details anzeigen</a>]]></description>
				<styleUrl>#dhv_gelaende</styleUrl>
				<open>0</open>
				<Placemark>
					<name>Hummel Startplatz 1</name>
					<description><![CDATA[Startplatz, Startrichtung N<br/>Gemeinde Gross, Höhe NN 1333m<br/><a href="https://service.dhv.de/db2/details.php?qi=glp_details&amp;popup=1&amp;item=2082" target="_blank">Details anzeigen</a>]]></description>
					<styleUrl>#dhv_startplatz</styleUrl>
					<Point>
						<coordinates>8.772389,47.098256</coordinates>
					</Point>
				</Placemark>
				<Placemark>
					<name>Hummel Startplatz 2</name>
					<description><![CDATA[Startplatz, Startrichtung N-NO<br/>Gemeinde Gross, Höhe NN 1012m<br/><a href="https://service.dhv.de/db2/details.php?qi=glp_details&amp;popup=1&amp;item=2082" target="_blank">Details anzeigen</a>]]></description>
					<styleUrl>#dhv_startplatz</styleUrl>
					<Point>
						<coordinates>8.774806,47.103972</coordinates>
					</Point>
				</Placemark>
				<Placemark>
					<name>Hummel Landeplatz</name>
					<description><![CDATA[Landeplatz<br/>Gemeinde Gross, Höhe NN 890m<br/><a href="https://service.dhv.de/db2/details.php?qi=glp_details&amp;popup=1&amp;item=2082" target="_blank">Details anzeigen</a>]]></description>
					<styleUrl>#dhv_landeplatz</styleUrl>
					<Point>
						<coordinates>8.780606,47.109036</coordinates>
					</Point>
				</Placemark>
			</Folder>
			<Folder>
				<name>Kistleralp</name>
				<description><![CDATA[Hanggelände für Gleitschirme und Hängegleiter<br/>Max. Höhendifferenz 662m.<br/><a href="https://service.dhv.de/db2/details.php?qi=glp_details&amp;popup=1&amp;item=5198">Details anzeigen</a>]]></description>
				<styleUrl>#dhv_gelaende</styleUrl>
				<open>0</open>
				<Placemark>
					<name>Kistleralp Startplatz</name>
					<description><![CDATA[Startplatz, Startrichtung NW<br/>Gemeinde Buttikon, Höhe NN 1075m<br/><a href="https://service.dhv.de/db2/details.php?qi=glp_details&amp;popup=1&amp;item=5198" target="_blank">Details anzeigen</a>]]></description>
					<styleUrl>#dhv_startplatz</styleUrl>
					<Point>
						<coordinates>8.958906,47.155425</coordinates>
					</Point>
				</Placemark>
				<Placemark>
					<name>Kistleralp Landeplatz</name>
					<description><![CDATA[Landeplatz<br/>Gemeinde Buttikon, Höhe NN 413m<br/><a href="https://service.dhv.de/db2/details.php?qi=glp_details&amp;popup=1&amp;item=5198" target="_blank">Details anzeigen</a>]]></description>
					<styleUrl>#dhv_landeplatz</styleUrl>
					<Point>
						<coordinates>8.963619,47.173689</coordinates>
					</Point>
				</Placemark>
			</Folder>
			<Folder>
				<name>Klein Sternen</name>
				<description><![CDATA[Hanggelände für Gleitschirme<br/>Max. Höhendifferenz 791m.<br/><a href="https://service.dhv.de/db2/details.php?qi=glp_details&amp;popup=1&amp;item=1721">Details anzeigen</a>]]></description>
				<styleUrl>#dhv_gelaende</styleUrl>
				<open>0</open>
				<Placemark>
					<name>Klein Sternen Startplatz</name>
					<description><![CDATA[Startplatz, Startrichtung NW-N<br/>Gemeinde Unteriberg, Höhe NN 1826m<br/><a href="https://service.dhv.de/db2/details.php?qi=glp_details&amp;popup=1&amp;item=1721" target="_blank">Details anzeigen</a>]]></description>
					<styleUrl>#dhv_startplatz</styleUrl>
					<Point>
						<coordinates>8.796933,46.998878</coordinates>
					</Point>
				</Placemark>
				<Placemark>
					<name>Klein Sternen Landeplatz</name>
					<description><![CDATA[Landeplatz<br/>Gemeinde Hoch-Ybrig, Höhe NN 1035m<br/><a href="https://service.dhv.de/db2/details.php?qi=glp_details&amp;popup=1&amp;item=1721" target="_blank">Details anzeigen</a>]]></description>
					<styleUrl>#dhv_landeplatz</styleUrl>
					<Point>
						<coordinates>8.810292,47.020186</coordinates>
					</Point>
				</Placemark>
			</Folder>
			<Folder>
				<name>Klingenstock</name>
				<description><![CDATA[Hanggelände für Gleitschirme<br/>Max. Höhendifferenz 1124m.<br/><a href="https://service.dhv.de/db2/details.php?qi=glp_details&amp;popup=1&amp;item=2083">Details anzeigen</a>]]></description>
				<styleUrl>#dhv_gelaende</styleUrl>
				<open>0</open>
				<Placemark>
					<name>Klingenstock Startplatz</name>
					<description><![CDATA[Startplatz, Startrichtung N<br/>Gemeinde Stoos, Höhe NN 1918m<br/><a href="https://service.dhv.de/db2/details.php?qi=glp_details&amp;popup=1&amp;item=2083" target="_blank">Details anzeigen</a>]]></description>
					<styleUrl>#dhv_startplatz</styleUrl>
					<Point>
						<coordinates>8.676489,46.957075</coordinates>
					</Point>
				</Placemark>
				<Placemark>
					<name>Klingenstock Landeplatz 1</name>
					<description><![CDATA[Landeplatz<br/>Gemeinde Stoos, Höhe NN 1301m<br/><a href="https://service.dhv.de/db2/details.php?qi=glp_details&amp;popup=1&amp;item=2083" target="_blank">Details anzeigen</a>]]></description>
					<styleUrl>#dhv_landeplatz</styleUrl>
					<Point>
						<coordinates>8.665989,46.979581</coordinates>
					</Point>
				</Placemark>
				<Placemark>
					<name>Klingenstock Landeplatz 2</name>
					<description><![CDATA[Landeplatz<br/>Gemeinde Stoos, Höhe NN 794m<br/><a href="https://service.dhv.de/db2/details.php?qi=glp_details&amp;popup=1&amp;item=2083" target="_blank">Details anzeigen</a>]]></description>
					<styleUrl>#dhv_landeplatz</styleUrl>
					<Point>
						<coordinates>8.636144,46.989272</coordinates>
					</Point>
				</Placemark>
			</Folder>
			<Folder>
				<name>Mostelegg</name>
				<description><![CDATA[Hanggelände für Gleitschirme und Hängegleiter<br/>Max. Höhendifferenz 816m.<br/><a href="https://service.dhv.de/db2/details.php?qi=glp_details&amp;popup=1&amp;item=1407">Details anzeigen</a>]]></description>
				<styleUrl>#dhv_gelaende</styleUrl>
				<open>0</open>
				<Placemark>
					<name>Startplatz Mostelegg</name>
					<description><![CDATA[Startplatz, Startrichtung S<br/>Gemeinde Seewen, Höhe NN 1266m<br/><a href="https://service.dhv.de/db2/details.php?qi=glp_details&amp;popup=1&amp;item=1407" target="_blank">Details anzeigen</a>]]></description>
					<styleUrl>#dhv_startplatz</styleUrl>
					<Point>
						<coordinates>8.659040,47.055512</coordinates>
					</Point>
				</Placemark>
				<Placemark>
					<name>Landeplatz Mostelegg</name>
					<description><![CDATA[Landeplatz<br/>Gemeinde Seewen, Höhe NN 450m<br/><a href="https://service.dhv.de/db2/details.php?qi=glp_details&amp;popup=1&amp;item=1407" target="_blank">Details anzeigen</a>]]></description>
					<styleUrl>#dhv_landeplatz</styleUrl>
					<Point>
						<coordinates>8.623647,47.033597</coordinates>
					</Point>
				</Placemark>
			</Folder>
			<Folder>
				<name>Ober Schrot</name>
				<description><![CDATA[Hanggelände für Gleitschirme<br/>Max. Höhendifferenz 495m.<br/><a href="https://service.dhv.de/db2/details.php?qi=glp_details&amp;popup=1&amp;item=2085">Details anzeigen</a>]]></description>
				<styleUrl>#dhv_gelaende</styleUrl>
				<open>0</open>
				<Placemark>
					<name>Ober Schrot Startplatz</name>
					<description><![CDATA[Startplatz, Startrichtung N<br/>Gemeinde Studen, Höhe NN 1393m<br/><a href="https://service.dhv.de/db2/details.php?qi=glp_details&amp;popup=1&amp;item=2085" target="_blank">Details anzeigen</a>]]></description>
					<styleUrl>#dhv_startplatz</styleUrl>
					<Point>
						<coordinates>8.840928,47.059758</coordinates>
					</Point>
				</Placemark>
				<Placemark>
					<name>Ober Schrot Landeplatz</name>
					<description><![CDATA[Landeplatz<br/>Gemeinde Studen, Höhe NN 898m<br/><a href="https://service.dhv.de/db2/details.php?qi=glp_details&amp;popup=1&amp;item=2085" target="_blank">Details anzeigen</a>]]></description>
					<styleUrl>#dhv_landeplatz</styleUrl>
					<Point>
						<coordinates>8.838736,47.069661</coordinates>
					</Point>
				</Placemark>
			</Folder>
			<Folder>
				<name>Pfaff</name>
				<description><![CDATA[Hanggelände für Gleitschirme<br/>Max. Höhendifferenz 961m.<br/><a href="https://service.dhv.de/db2/details.php?qi=glp_details&amp;popup=1&amp;item=1755">Details anzeigen</a>]]></description>
				<styleUrl>#dhv_gelaende</styleUrl>
				<open>0</open>
				<Placemark>
					<name>Pfaff Startplatz</name>
					<description><![CDATA[Startplatz, Startrichtung N, S, W<br/>Gemeinde Bisisthal, Höhe NN 2098m<br/><a href="https://service.dhv.de/db2/details.php?qi=glp_details&amp;popup=1&amp;item=1755" target="_blank">Details anzeigen</a>]]></description>
					<styleUrl>#dhv_startplatz</styleUrl>
					<Point>
						<coordinates>8.867731,46.923417</coordinates>
					</Point>
				</Placemark>
				<Placemark>
					<name>Pfaff Landeplatz</name>
					<description><![CDATA[Landeplatz<br/>Gemeinde Bisisthal, Höhe NN 1137m<br/><a href="https://service.dhv.de/db2/details.php?qi=glp_details&amp;popup=1&amp;item=1755" target="_blank">Details anzeigen</a>]]></description>
					<styleUrl>#dhv_landeplatz</styleUrl>
					<Point>
						<coordinates>8.844267,46.916775</coordinates>
					</Point>
				</Placemark>
			</Folder>
			<Folder>
				<name>Rigi Kulm</name>
				<description><![CDATA[Hanggelände für Gleitschirme<br/>Max. Höhendifferenz 1311m.<br/><a href="https://service.dhv.de/db2/details.php?qi=glp_details&amp;popup=1&amp;item=5207">Details anzeigen</a>]]></description>
				<styleUrl>#dhv_gelaende</styleUrl>
				<open>0</open>
				<Placemark>
					<name>Rigi Kulm Startplatz 1</name>
					<description><![CDATA[Startplatz, Startrichtung O-SO<br/>Gemeinde Goldau, Höhe NN 1772m<br/><a href="https://service.dhv.de/db2/details.php?qi=glp_details&amp;popup=1&amp;item=5207" target="_blank">Details anzeigen</a>]]></description>
					<styleUrl>#dhv_startplatz</styleUrl>
					<Point>
						<coordinates>8.486431,47.055725</coordinates>
					</Point>
				</Placemark>
				<Placemark>
					<name>Rigi Kulm Startplatz 2</name>
					<description><![CDATA[Startplatz, Startrichtung S<br/>Gemeinde Goldau, Höhe NN 1750m<br/><a href="https://service.dhv.de/db2/details.php?qi=glp_details&amp;popup=1&amp;item=5207" target="_blank">Details anzeigen</a>]]></description>
					<styleUrl>#dhv_startplatz</styleUrl>
					<Point>
						<coordinates>8.486169,47.054806</coordinates>
					</Point>
				</Placemark>
				<Placemark>
					<name>Rigi Kulm Startplatz 3</name>
					<description><![CDATA[Startplatz, Startrichtung NO<br/>Gemeinde Goldau, Höhe NN 1652m<br/><a href="https://service.dhv.de/db2/details.php?qi=glp_details&amp;popup=1&amp;item=5207" target="_blank">Details anzeigen</a>]]></description>
					<styleUrl>#dhv_startplatz</styleUrl>
					<Point>
						<coordinates>8.491330,47.053095</coordinates>
					</Point>
				</Placemark>
				<Placemark>
					<name>Rigi-Scheidegg Landeplatz 1</name>
					<description><![CDATA[Landeplatz<br/>Gemeinde Goldau, Höhe NN 752m<br/><a href="https://service.dhv.de/db2/details.php?qi=glp_details&amp;popup=1&amp;item=5207" target="_blank">Details anzeigen</a>]]></description>
					<styleUrl>#dhv_landeplatz</styleUrl>
					<Point>
						<coordinates>8.536328,47.038506</coordinates>
					</Point>
				</Placemark>
				<Placemark>
					<name>Rigi-Scheidegg Landeplatz 2</name>
					<description><![CDATA[Landeplatz<br/>Gemeinde Lauerz, Höhe NN 482m<br/><a href="https://service.dhv.de/db2/details.php?qi=glp_details&amp;popup=1&amp;item=5207" target="_blank">Details anzeigen</a>]]></description>
					<styleUrl>#dhv_landeplatz</styleUrl>
					<Point>
						<coordinates>8.572189,47.037906</coordinates>
					</Point>
				</Placemark>
				<Placemark>
					<name>Rigi Kulm Landeplatz</name>
					<description><![CDATA[Landeplatz<br/>Gemeinde Goldau, Höhe NN 480m<br/><a href="https://service.dhv.de/db2/details.php?qi=glp_details&amp;popup=1&amp;item=5207" target="_blank">Details anzeigen</a>]]></description>
					<styleUrl>#dhv_landeplatz</styleUrl>
					<Point>
						<coordinates>8.543906,47.051672</coordinates>
					</Point>
				</Placemark>
				<Placemark>
					<name>Rigi-Staffelhöhe Landeplatz 2</name>
					<description><![CDATA[Landeplatz<br/>Gemeinde Küssnacht, Höhe NN 461m<br/><a href="https://service.dhv.de/db2/details.php?qi=glp_details&amp;popup=1&amp;item=5207" target="_blank">Details anzeigen</a>]]></description>
					<styleUrl>#dhv_landeplatz</styleUrl>
					<Point>
						<coordinates>8.435056,47.067061</coordinates>
					</Point>
				</Placemark>
			</Folder>
			<Folder>
				<name>Rigi-Scheidegg</name>
				<description><![CDATA[Hanggelände für Gleitschirme<br/>Max. Höhendifferenz 1172m.<br/><a href="https://service.dhv.de/db2/details.php?qi=glp_details&amp;popup=1&amp;item=1411">Details anzeigen</a>]]></description>
				<styleUrl>#dhv_gelaende</styleUrl>
				<open>0</open>
				<Placemark>
					<name>Rigi-Scheidegg Startplatz 1</name>
					<description><![CDATA[Startplatz, Startrichtung NO<br/>Gemeinde Goldau, Höhe NN 1652m<br/><a href="https://service.dhv.de/db2/details.php?qi=glp_details&amp;popup=1&amp;item=1411" target="_blank">Details anzeigen</a>]]></description>
					<styleUrl>#dhv_startplatz</styleUrl>
					<Point>
						<coordinates>8.519945,47.027875</coordinates>
					</Point>
				</Placemark>
				<Placemark>
					<name>Rigi-Scheidegg Startplatz 2</name>
					<description><![CDATA[Startplatz, Startrichtung SO<br/>Gemeinde Goldau, Höhe NN 1652m<br/><a href="https://service.dhv.de/db2/details.php?qi=glp_details&amp;popup=1&amp;item=1411" target="_blank">Details anzeigen</a>]]></description>
					<styleUrl>#dhv_startplatz</styleUrl>
					<Point>
						<coordinates>8.520556,47.026836</coordinates>
					</Point>
				</Placemark>
				<Placemark>
					<name>Rigi-Scheidegg Landeplatz 1</name>
					<description><![CDATA[Landeplatz<br/>Gemeinde Goldau, Höhe NN 752m<br/><a href="https://service.dhv.de/db2/details.php?qi=glp_details&amp;popup=1&amp;item=1411" target="_blank">Details anzeigen</a>]]></description>
					<styleUrl>#dhv_landeplatz</styleUrl>
					<Point>
						<coordinates>8.536328,47.038506</coordinates>
					</Point>
				</Placemark>
				<Placemark>
					<name>Rigi-Scheidegg Landeplatz 2</name>
					<description><![CDATA[Landeplatz<br/>Gemeinde Lauerz, Höhe NN 482m<br/><a href="https://service.dhv.de/db2/details.php?qi=glp_details&amp;popup=1&amp;item=1411" target="_blank">Details anzeigen</a>]]></description>
					<styleUrl>#dhv_landeplatz</styleUrl>
					<Point>
						<coordinates>8.572189,47.037906</coordinates>
					</Point>
				</Placemark>
				<Placemark>
					<name>Rigi Kulm Landeplatz</name>
					<description><![CDATA[Landeplatz<br/>Gemeinde Goldau, Höhe NN 480m<br/><a href="https://service.dhv.de/db2/details.php?qi=glp_details&amp;popup=1&amp;item=1411" target="_blank">Details anzeigen</a>]]></description>
					<styleUrl>#dhv_landeplatz</styleUrl>
					<Point>
						<coordinates>8.543906,47.051672</coordinates>
					</Point>
				</Placemark>
			</Folder>
			<Folder>
				<name>Rigi-Seebodenalp</name>
				<description><![CDATA[Hanggelände für Gleitschirme<br/>Max. Höhendifferenz 571m.<br/><a href="https://service.dhv.de/db2/details.php?qi=glp_details&amp;popup=1&amp;item=1761">Details anzeigen</a>]]></description>
				<styleUrl>#dhv_gelaende</styleUrl>
				<open>0</open>
				<Placemark>
					<name>Rigi-Seebodenalp Startplatz</name>
					<description><![CDATA[Startplatz, Startrichtung NW<br/>Gemeinde Küssnacht, Höhe NN 1032m<br/><a href="https://service.dhv.de/db2/details.php?qi=glp_details&amp;popup=1&amp;item=1761" target="_blank">Details anzeigen</a>]]></description>
					<styleUrl>#dhv_startplatz</styleUrl>
					<Point>
						<coordinates>8.458508,47.063364</coordinates>
					</Point>
				</Placemark>
				<Placemark>
					<name>Rigi-Staffelhöhe Landeplatz 2</name>
					<description><![CDATA[Landeplatz<br/>Gemeinde Küssnacht, Höhe NN 461m<br/><a href="https://service.dhv.de/db2/details.php?qi=glp_details&amp;popup=1&amp;item=1761" target="_blank">Details anzeigen</a>]]></description>
					<styleUrl>#dhv_landeplatz</styleUrl>
					<Point>
						<coordinates>8.435056,47.067061</coordinates>
					</Point>
				</Placemark>
			</Folder>
			<Folder>
				<name>Rigi-Staffelhöhe</name>
				<description><![CDATA[Hanggelände für Gleitschirme<br/>Max. Höhendifferenz 1106m.<br/><a href="https://service.dhv.de/db2/details.php?qi=glp_details&amp;popup=1&amp;item=1689">Details anzeigen</a>]]></description>
				<styleUrl>#dhv_gelaende</styleUrl>
				<open>0</open>
				<Placemark>
					<name>Rigi-Staffelhöhe Landeplatz 2</name>
					<description><![CDATA[Landeplatz<br/>Gemeinde Küssnacht, Höhe NN 461m<br/><a href="https://service.dhv.de/db2/details.php?qi=glp_details&amp;popup=1&amp;item=1689" target="_blank">Details anzeigen</a>]]></description>
					<styleUrl>#dhv_landeplatz</styleUrl>
					<Point>
						<coordinates>8.435056,47.067061</coordinates>
					</Point>
				</Placemark>
			</Folder>
			<Folder>
				<name>Rotenfluh</name>
				<description><![CDATA[Hanggelände für Gleitschirme und Hängegleiter<br/>Max. Höhendifferenz 1107m.<br/><a href="https://service.dhv.de/db2/details.php?qi=glp_details&amp;popup=1&amp;item=1413">Details anzeigen</a>]]></description>
				<styleUrl>#dhv_gelaende</styleUrl>
				<open>0</open>
				<Placemark>
					<name>Rotenfluh Startplatz 2</name>
					<description><![CDATA[Startplatz, Startrichtung W<br/>Gemeinde Rickenbach, Höhe NN 1557m<br/><a href="https://service.dhv.de/db2/details.php?qi=glp_details&amp;popup=1&amp;item=1413" target="_blank">Details anzeigen</a>]]></description>
					<styleUrl>#dhv_startplatz</styleUrl>
					<Point>
						<coordinates>8.701742,47.018908</coordinates>
					</Point>
				</Placemark>
				<Placemark>
					<name>Rotenfluh Startplatz 3</name>
					<description><![CDATA[Startplatz, Startrichtung SO-SW<br/>Gemeinde Rickenbach, Höhe NN 1551m<br/><a href="https://service.dhv.de/db2/details.php?qi=glp_details&amp;popup=1&amp;item=1413" target="_blank">Details anzeigen</a>]]></description>
					<styleUrl>#dhv_startplatz</styleUrl>
					<Point>
						<coordinates>8.701733,47.018242</coordinates>
					</Point>
				</Placemark>
				<Placemark>
					<name>Rotenfluh Startplatz 4</name>
					<description><![CDATA[Startplatz, Startrichtung NW-N<br/>Gemeinde Rickenbach, Höhe NN 1550m<br/><a href="https://service.dhv.de/db2/details.php?qi=glp_details&amp;popup=1&amp;item=1413" target="_blank">Details anzeigen</a>]]></description>
					<styleUrl>#dhv_startplatz</styleUrl>
					<Point>
						<coordinates>8.704378,47.021558</coordinates>
					</Point>
				</Placemark>
				<Placemark>
					<name>Rotenfluh Startplatz 1</name>
					<description><![CDATA[Startplatz, Startrichtung SO-SW<br/>Gemeinde Rickenbach, Höhe NN 1519m<br/><a href="https://service.dhv.de/db2/details.php?qi=glp_details&amp;popup=1&amp;item=1413" target="_blank">Details anzeigen</a>]]></description>
					<styleUrl>#dhv_startplatz</styleUrl>
					<Point>
						<coordinates>8.700672,47.017647</coordinates>
					</Point>
				</Placemark>
				<Placemark>
					<name>Rotenfluh Landeplatz 1</name>
					<description><![CDATA[Landeplatz<br/>Gemeinde Rickenbach, Höhe NN 582m<br/><a href="https://service.dhv.de/db2/details.php?qi=glp_details&amp;popup=1&amp;item=1413" target="_blank">Details anzeigen</a>]]></description>
					<styleUrl>#dhv_landeplatz</styleUrl>
					<Point>
						<coordinates>8.670092,47.012150</coordinates>
					</Point>
				</Placemark>
				<Placemark>
					<name>Rotenfluh Landeplatz 2</name>
					<description><![CDATA[Landeplatz<br/>Gemeinde Steinen, Höhe NN 450m<br/><a href="https://service.dhv.de/db2/details.php?qi=glp_details&amp;popup=1&amp;item=1413" target="_blank">Details anzeigen</a>]]></description>
					<styleUrl>#dhv_landeplatz</styleUrl>
					<Point>
						<coordinates>8.606028,47.039192</coordinates>
					</Point>
				</Placemark>
			</Folder>
			<Folder>
				<name>Sattelhöpfli</name>
				<description><![CDATA[Hanggelände für Gleitschirme<br/>Max. Höhendifferenz 403m.<br/><a href="https://service.dhv.de/db2/details.php?qi=glp_details&amp;popup=1&amp;item=5504">Details anzeigen</a>]]></description>
				<styleUrl>#dhv_gelaende</styleUrl>
				<open>0</open>
				<Placemark>
					<name>Sattelhöpfli Startplatz</name>
					<description><![CDATA[Startplatz, Startrichtung SO<br/>Gemeinde Euthal, Höhe NN 1298m<br/><a href="https://service.dhv.de/db2/details.php?qi=glp_details&amp;popup=1&amp;item=5504" target="_blank">Details anzeigen</a>]]></description>
					<styleUrl>#dhv_startplatz</styleUrl>
					<Point>
						<coordinates>8.811800,47.107603</coordinates>
					</Point>
				</Placemark>
				<Placemark>
					<name>Einsiedeln Landeplatz</name>
					<description><![CDATA[Landeplatz<br/>Gemeinde Euthal, Höhe NN 895m<br/><a href="https://service.dhv.de/db2/details.php?qi=glp_details&amp;popup=1&amp;item=5504" target="_blank">Details anzeigen</a>]]></description>
					<styleUrl>#dhv_landeplatz</styleUrl>
					<Point>
						<coordinates>8.818517,47.092719</coordinates>
					</Point>
				</Placemark>
			</Folder>
			<Folder>
				<name>Schrähöchi</name>
				<description><![CDATA[Hanggelände für Gleitschirme<br/><a href="https://service.dhv.de/db2/details.php?qi=glp_details&amp;popup=1&amp;item=5505">Details anzeigen</a>]]></description>
				<styleUrl>#dhv_gelaende</styleUrl>
				<open>0</open>
				<Placemark>
					<name>Schrähöchi Startplatz</name>
					<description><![CDATA[Startplatz, Startrichtung NO<br/>Gemeinde Euthal, Höhe NN 1474m<br/><a href="https://service.dhv.de/db2/details.php?qi=glp_details&amp;popup=1&amp;item=5505" target="_blank">Details anzeigen</a>]]></description>
					<styleUrl>#dhv_startplatz</styleUrl>
					<Point>
						<coordinates>8.787919,47.081689</coordinates>
					</Point>
				</Placemark>
				<Placemark>
					<name>Einsiedeln Landeplatz</name>
					<description><![CDATA[Landeplatz<br/>Gemeinde Euthal, Höhe NN 895m<br/><a href="https://service.dhv.de/db2/details.php?qi=glp_details&amp;popup=1&amp;item=5505" target="_blank">Details anzeigen</a>]]></description>
					<styleUrl>#dhv_landeplatz</styleUrl>
					<Point>
						<coordinates>8.818517,47.092719</coordinates>
					</Point>
				</Placemark>
			</Folder>
			<Folder>
				<name>Spirstock</name>
				<description><![CDATA[Hanggelände für Gleitschirme<br/>Max. Höhendifferenz 726m.<br/><a href="https://service.dhv.de/db2/details.php?qi=glp_details&amp;popup=1&amp;item=1774">Details anzeigen</a>]]></description>
				<styleUrl>#dhv_gelaende</styleUrl>
				<open>0</open>
				<Placemark>
					<name>Spirstock Startplatz</name>
					<description><![CDATA[Startplatz, Startrichtung S<br/>Gemeinde Hoch-Ybrig, Höhe NN 1761m<br/><a href="https://service.dhv.de/db2/details.php?qi=glp_details&amp;popup=1&amp;item=1774" target="_blank">Details anzeigen</a>]]></description>
					<styleUrl>#dhv_startplatz</styleUrl>
					<Point>
						<coordinates>8.771933,47.000975</coordinates>
					</Point>
				</Placemark>
				<Placemark>
					<name>Klein Sternen Landeplatz</name>
					<description><![CDATA[Landeplatz<br/>Gemeinde Hoch-Ybrig, Höhe NN 1035m<br/><a href="https://service.dhv.de/db2/details.php?qi=glp_details&amp;popup=1&amp;item=1774" target="_blank">Details anzeigen</a>]]></description>
					<styleUrl>#dhv_landeplatz</styleUrl>
					<Point>
						<coordinates>8.810292,47.020186</coordinates>
					</Point>
				</Placemark>
			</Folder>
			<Folder>
				<name>Ufem Tritt</name>
				<description><![CDATA[Hanggelände für Gleitschirme<br/>Max. Höhendifferenz 406m.<br/><a href="https://service.dhv.de/db2/details.php?qi=glp_details&amp;popup=1&amp;item=2086">Details anzeigen</a>]]></description>
				<styleUrl>#dhv_gelaende</styleUrl>
				<open>0</open>
				<Placemark>
					<name>Ufem Tritt Startplatz</name>
					<description><![CDATA[Startplatz, Startrichtung NW<br/>Gemeinde Einsideln, Höhe NN 1309m<br/><a href="https://service.dhv.de/db2/details.php?qi=glp_details&amp;popup=1&amp;item=2086" target="_blank">Details anzeigen</a>]]></description>
					<styleUrl>#dhv_startplatz</styleUrl>
					<Point>
						<coordinates>8.741794,47.101650</coordinates>
					</Point>
				</Placemark>
				<Placemark>
					<name>Ufem Tritt Landeplatz</name>
					<description><![CDATA[Landeplatz<br/>Gemeinde Einsideln, Höhe NN 903m<br/><a href="https://service.dhv.de/db2/details.php?qi=glp_details&amp;popup=1&amp;item=2086" target="_blank">Details anzeigen</a>]]></description>
					<styleUrl>#dhv_landeplatz</styleUrl>
					<Point>
						<coordinates>8.738561,47.115947</coordinates>
					</Point>
				</Placemark>
			</Folder>
			<Folder>
				<name>Urmiberg</name>
				<description><![CDATA[Hanggelände für Gleitschirme<br/>Max. Höhendifferenz 680m.<br/><a href="https://service.dhv.de/db2/details.php?qi=glp_details&amp;popup=1&amp;item=1289">Details anzeigen</a>]]></description>
				<styleUrl>#dhv_gelaende</styleUrl>
				<open>0</open>
				<Placemark>
					<name>Urmiberg Startplatz</name>
					<description><![CDATA[Startplatz, Startrichtung S<br/>Gemeinde Brunnen, Höhe NN 1116m<br/><a href="https://service.dhv.de/db2/details.php?qi=glp_details&amp;popup=1&amp;item=1289" target="_blank">Details anzeigen</a>]]></description>
					<styleUrl>#dhv_startplatz</styleUrl>
					<Point>
						<coordinates>8.590053,47.011908</coordinates>
					</Point>
				</Placemark>
				<Placemark>
					<name>Urmiberg Landeplatz 1</name>
					<description><![CDATA[Landeplatz<br/>Gemeinde Brunnen, Höhe NN 436m<br/><a href="https://service.dhv.de/db2/details.php?qi=glp_details&amp;popup=1&amp;item=1289" target="_blank">Details anzeigen</a>]]></description>
					<styleUrl>#dhv_landeplatz</styleUrl>
					<Point>
						<coordinates>8.595428,46.998753</coordinates>
					</Point>
				</Placemark>
			</Folder>
			<Folder>
				<name>Wildspitz</name>
				<description><![CDATA[Hanggelände für Gleitschirme und Hängegleiter<br/>Max. Höhendifferenz 1100m.<br/><a href="https://service.dhv.de/db2/details.php?qi=glp_details&amp;popup=1&amp;item=2088">Details anzeigen</a>]]></description>
				<styleUrl>#dhv_gelaende</styleUrl>
				<open>0</open>
				<Placemark>
					<name>Wildspitz Startplatz</name>
					<description><![CDATA[Startplatz, Startrichtung SO<br/>Gemeinde Steinenberg, Höhe NN 1550m<br/><a href="https://service.dhv.de/db2/details.php?qi=glp_details&amp;popup=1&amp;item=2088" target="_blank">Details anzeigen</a>]]></description>
					<styleUrl>#dhv_startplatz</styleUrl>
					<Point>
						<coordinates>8.577719,47.083697</coordinates>
					</Point>
				</Placemark>
				<Placemark>
					<name>Landeplatz Mostelegg</name>
					<description><![CDATA[Landeplatz<br/>Gemeinde Seewen, Höhe NN 450m<br/><a href="https://service.dhv.de/db2/details.php?qi=glp_details&amp;popup=1&amp;item=2088" target="_blank">Details anzeigen</a>]]></description>
					<styleUrl>#dhv_landeplatz</styleUrl>
					<Point>
						<coordinates>8.623647,47.033597</coordinates>
					</Point>
				</Placemark>
			</Folder>
		</Folder>
		<Folder>
			<name>Solothurn</name>
			<open>0</open>
			<Folder>
				<name>Bölchen</name>
				<description><![CDATA[Hanggelände für Hängegleiter<br/>Max. Höhendifferenz 456m.<br/><a href="https://service.dhv.de/db2/details.php?qi=glp_details&amp;popup=1&amp;item=1614">Details anzeigen</a>]]></description>
				<styleUrl>#dhv_gelaende</styleUrl>
				<open>0</open>
				<Placemark>
					<name>Bölchen Startplatz</name>
					<description><![CDATA[Startplatz, Startrichtung NO-O<br/>Gemeinde Eptingen, Höhe NN 989m<br/><a href="https://service.dhv.de/db2/details.php?qi=glp_details&amp;popup=1&amp;item=1614" target="_blank">Details anzeigen</a>]]></description>
					<styleUrl>#dhv_startplatz</styleUrl>
					<Point>
						<coordinates>7.802286,47.365758</coordinates>
					</Point>
				</Placemark>
				<Placemark>
					<name>Bölchen Landeplatz 2</name>
					<description><![CDATA[Landeplatz<br/>Gemeinde Dietgen, Höhe NN 533m<br/><a href="https://service.dhv.de/db2/details.php?qi=glp_details&amp;popup=1&amp;item=1614" target="_blank">Details anzeigen</a>]]></description>
					<styleUrl>#dhv_landeplatz</styleUrl>
					<Point>
						<coordinates>7.799789,47.409686</coordinates>
					</Point>
				</Placemark>
			</Folder>
			<Folder>
				<name>Brandberg</name>
				<description><![CDATA[Hanggelände für Gleitschirme und Hängegleiter<br/>Max. Höhendifferenz 482m.<br/><a href="https://service.dhv.de/db2/details.php?qi=glp_details&amp;popup=1&amp;item=5194">Details anzeigen</a>]]></description>
				<styleUrl>#dhv_gelaende</styleUrl>
				<open>0</open>
				<Placemark>
					<name>Brandberg Startplatz</name>
					<description><![CDATA[Startplatz, Startrichtung O-SO<br/>Gemeinde Herbetswil, Höhe NN 1018m<br/><a href="https://service.dhv.de/db2/details.php?qi=glp_details&amp;popup=1&amp;item=5194" target="_blank">Details anzeigen</a>]]></description>
					<styleUrl>#dhv_startplatz</styleUrl>
					<Point>
						<coordinates>7.568433,47.298169</coordinates>
					</Point>
				</Placemark>
				<Placemark>
					<name>Tannmatt Landeplatz</name>
					<description><![CDATA[Landeplatz<br/>Gemeinde Herbertswil, Höhe NN 536m<br/><a href="https://service.dhv.de/db2/details.php?qi=glp_details&amp;popup=1&amp;item=5194" target="_blank">Details anzeigen</a>]]></description>
					<styleUrl>#dhv_landeplatz</styleUrl>
					<Point>
						<coordinates>7.579569,47.290950</coordinates>
					</Point>
				</Placemark>
			</Folder>
			<Folder>
				<name>Chutz</name>
				<description><![CDATA[Hanggelände für Gleitschirme<br/>Max. Höhendifferenz 635m.<br/><a href="https://service.dhv.de/db2/details.php?qi=glp_details&amp;popup=1&amp;item=1750">Details anzeigen</a>]]></description>
				<styleUrl>#dhv_gelaende</styleUrl>
				<open>0</open>
				<Placemark>
					<name>Chutz Startplatz</name>
					<description><![CDATA[Startplatz, Startrichtung SW<br/>Gemeinde Niederbipp, Höhe NN 1106m<br/><a href="https://service.dhv.de/db2/details.php?qi=glp_details&amp;popup=1&amp;item=1750" target="_blank">Details anzeigen</a>]]></description>
					<styleUrl>#dhv_startplatz</styleUrl>
					<Point>
						<coordinates>7.671097,47.287703</coordinates>
					</Point>
				</Placemark>
				<Placemark>
					<name>Chutz Landeplatz</name>
					<description><![CDATA[Landeplatz<br/>Gemeinde Niederbipp, Höhe NN 471m<br/><a href="https://service.dhv.de/db2/details.php?qi=glp_details&amp;popup=1&amp;item=1750" target="_blank">Details anzeigen</a>]]></description>
					<styleUrl>#dhv_landeplatz</styleUrl>
					<Point>
						<coordinates>7.694094,47.275264</coordinates>
					</Point>
				</Placemark>
			</Folder>
			<Folder>
				<name>Grenchenberg Bützen</name>
				<description><![CDATA[Hanggelände für Gleitschirme und Hängegleiter<br/>Max. Höhendifferenz 638m.<br/><a href="https://service.dhv.de/db2/details.php?qi=glp_details&amp;popup=1&amp;item=1633">Details anzeigen</a>]]></description>
				<styleUrl>#dhv_gelaende</styleUrl>
				<open>0</open>
				<Placemark>
					<name>Grenchenberg Bützen Startplatz</name>
					<description><![CDATA[Startplatz, Startrichtung SO<br/>Gemeinde Bettlach, Höhe NN 1260m<br/><a href="https://service.dhv.de/db2/details.php?qi=glp_details&amp;popup=1&amp;item=1633" target="_blank">Details anzeigen</a>]]></description>
					<styleUrl>#dhv_startplatz</styleUrl>
					<Point>
						<coordinates>7.391692,47.222556</coordinates>
					</Point>
				</Placemark>
				<Placemark>
					<name>Grenchenberg Bützen Landeplatz</name>
					<description><![CDATA[Landeplatz<br/>Gemeinde Bettlach, Höhe NN 622m<br/><a href="https://service.dhv.de/db2/details.php?qi=glp_details&amp;popup=1&amp;item=1633" target="_blank">Details anzeigen</a>]]></description>
					<styleUrl>#dhv_landeplatz</styleUrl>
					<Point>
						<coordinates>7.408097,47.208425</coordinates>
					</Point>
				</Placemark>
			</Folder>
			<Folder>
				<name>Hasenmatt Startplatz</name>
				<description><![CDATA[Hanggelände für Gleitschirme und Hängegleiter<br/>Max. Höhendifferenz 815m.<br/><a href="https://service.dhv.de/db2/details.php?qi=glp_details&amp;popup=1&amp;item=1635">Details anzeigen</a>]]></description>
				<styleUrl>#dhv_gelaende</styleUrl>
				<open>0</open>
				<Placemark>
					<name>Hasenmatt Startplatz</name>
					<description><![CDATA[Startplatz, Startrichtung SO<br/>Gemeinde Oberdorf, Höhe NN 1434m<br/><a href="https://service.dhv.de/db2/details.php?qi=glp_details&amp;popup=1&amp;item=1635" target="_blank">Details anzeigen</a>]]></description>
					<styleUrl>#dhv_startplatz</styleUrl>
					<Point>
						<coordinates>7.451494,47.242078</coordinates>
					</Point>
				</Placemark>
				<Placemark>
					<name>Weissenstein Landeplatz</name>
					<description><![CDATA[Landeplatz<br/>Gemeinde Oberdorf, Höhe NN 619m<br/><a href="https://service.dhv.de/db2/details.php?qi=glp_details&amp;popup=1&amp;item=1635" target="_blank">Details anzeigen</a>]]></description>
					<styleUrl>#dhv_landeplatz</styleUrl>
					<Point>
						<coordinates>7.495069,47.233292</coordinates>
					</Point>
				</Placemark>
			</Folder>
			<Folder>
				<name>Laupersdörfer Stierenberg</name>
				<description><![CDATA[Hanggelände für Gleitschirme und Hängegleiter<br/>Max. Höhendifferenz 564m.<br/><a href="https://service.dhv.de/db2/details.php?qi=glp_details&amp;popup=1&amp;item=2367">Details anzeigen</a>]]></description>
				<styleUrl>#dhv_gelaende</styleUrl>
				<open>0</open>
				<Placemark>
					<name>Laupersdörfer Stierenberg Startplatz</name>
					<description><![CDATA[Startplatz, Startrichtung SO<br/>Gemeinde Laupersdorf, Höhe NN 1051m<br/><a href="https://service.dhv.de/db2/details.php?qi=glp_details&amp;popup=1&amp;item=2367" target="_blank">Details anzeigen</a>]]></description>
					<styleUrl>#dhv_startplatz</styleUrl>
					<Point>
						<coordinates>7.644931,47.331953</coordinates>
					</Point>
				</Placemark>
				<Placemark>
					<name>Obere Wengi Landeplatz</name>
					<description><![CDATA[Landeplatz<br/>Gemeinde Matzendorf, Höhe NN 495m<br/><a href="https://service.dhv.de/db2/details.php?qi=glp_details&amp;popup=1&amp;item=2367" target="_blank">Details anzeigen</a>]]></description>
					<styleUrl>#dhv_landeplatz</styleUrl>
					<Point>
						<coordinates>7.633469,47.305681</coordinates>
					</Point>
				</Placemark>
				<Placemark>
					<name>Schwengimatt Landeplatz</name>
					<description><![CDATA[Landeplatz<br/>Gemeinde Laupersdorf, Höhe NN 487m<br/><a href="https://service.dhv.de/db2/details.php?qi=glp_details&amp;popup=1&amp;item=2367" target="_blank">Details anzeigen</a>]]></description>
					<styleUrl>#dhv_landeplatz</styleUrl>
					<Point>
						<coordinates>7.668619,47.309403</coordinates>
					</Point>
				</Placemark>
			</Folder>
			<Folder>
				<name>Obere Wengi</name>
				<description><![CDATA[Hanggelände für Gleitschirme und Hängegleiter<br/>Max. Höhendifferenz 456m.<br/><a href="https://service.dhv.de/db2/details.php?qi=glp_details&amp;popup=1&amp;item=1751">Details anzeigen</a>]]></description>
				<styleUrl>#dhv_gelaende</styleUrl>
				<open>0</open>
				<Placemark>
					<name>Obere Wengi Startplatz</name>
					<description><![CDATA[Startplatz, Startrichtung S<br/>Gemeinde Matzendorf, Höhe NN 951m<br/><a href="https://service.dhv.de/db2/details.php?qi=glp_details&amp;popup=1&amp;item=1751" target="_blank">Details anzeigen</a>]]></description>
					<styleUrl>#dhv_startplatz</styleUrl>
					<Point>
						<coordinates>7.627300,47.325903</coordinates>
					</Point>
				</Placemark>
				<Placemark>
					<name>Obere Wengi Landeplatz</name>
					<description><![CDATA[Landeplatz<br/>Gemeinde Matzendorf, Höhe NN 495m<br/><a href="https://service.dhv.de/db2/details.php?qi=glp_details&amp;popup=1&amp;item=1751" target="_blank">Details anzeigen</a>]]></description>
					<styleUrl>#dhv_landeplatz</styleUrl>
					<Point>
						<coordinates>7.633469,47.305681</coordinates>
					</Point>
				</Placemark>
			</Folder>
			<Folder>
				<name>Schwengimatt</name>
				<description><![CDATA[Hanggelände für Gleitschirme und Hängegleiter<br/>Max. Höhendifferenz 570m.<br/><a href="https://service.dhv.de/db2/details.php?qi=glp_details&amp;popup=1&amp;item=1752">Details anzeigen</a>]]></description>
				<styleUrl>#dhv_gelaende</styleUrl>
				<open>0</open>
				<Placemark>
					<name>Schwengimatt Startplatz</name>
					<description><![CDATA[Startplatz, Startrichtung N<br/>Gemeinde Laupersdorf, Höhe NN 1057m<br/><a href="https://service.dhv.de/db2/details.php?qi=glp_details&amp;popup=1&amp;item=1752" target="_blank">Details anzeigen</a>]]></description>
					<styleUrl>#dhv_startplatz</styleUrl>
					<Point>
						<coordinates>7.677393,47.290965</coordinates>
					</Point>
				</Placemark>
				<Placemark>
					<name>Obere Wengi Landeplatz</name>
					<description><![CDATA[Landeplatz<br/>Gemeinde Matzendorf, Höhe NN 495m<br/><a href="https://service.dhv.de/db2/details.php?qi=glp_details&amp;popup=1&amp;item=1752" target="_blank">Details anzeigen</a>]]></description>
					<styleUrl>#dhv_landeplatz</styleUrl>
					<Point>
						<coordinates>7.633469,47.305681</coordinates>
					</Point>
				</Placemark>
				<Placemark>
					<name>Schwengimatt Landeplatz</name>
					<description><![CDATA[Landeplatz<br/>Gemeinde Laupersdorf, Höhe NN 487m<br/><a href="https://service.dhv.de/db2/details.php?qi=glp_details&amp;popup=1&amp;item=1752" target="_blank">Details anzeigen</a>]]></description>
					<styleUrl>#dhv_landeplatz</styleUrl>
					<Point>
						<coordinates>7.668619,47.309403</coordinates>
					</Point>
				</Placemark>
			</Folder>
			<Folder>
				<name>Stierenberg</name>
				<description><![CDATA[Hanggelände für Gleitschirme<br/>Max. Höhendifferenz 481m.<br/><a href="https://service.dhv.de/db2/details.php?qi=glp_details&amp;popup=1&amp;item=1746">Details anzeigen</a>]]></description>
				<styleUrl>#dhv_gelaende</styleUrl>
				<open>0</open>
				<Placemark>
					<name>Stierenberg Startplatz</name>
					<description><![CDATA[Startplatz, Startrichtung SO<br/>Gemeinde Günsberg, Höhe NN 1173m<br/><a href="https://service.dhv.de/db2/details.php?qi=glp_details&amp;popup=1&amp;item=1746" target="_blank">Details anzeigen</a>]]></description>
					<styleUrl>#dhv_startplatz</styleUrl>
					<Point>
						<coordinates>7.560906,47.270342</coordinates>
					</Point>
				</Placemark>
				<Placemark>
					<name>Stierenberg Landeplatz</name>
					<description><![CDATA[Landeplatz<br/>Gemeinde Günsberg, Höhe NN 692m<br/><a href="https://service.dhv.de/db2/details.php?qi=glp_details&amp;popup=1&amp;item=1746" target="_blank">Details anzeigen</a>]]></description>
					<styleUrl>#dhv_landeplatz</styleUrl>
					<Point>
						<coordinates>7.571719,47.261442</coordinates>
					</Point>
				</Placemark>
			</Folder>
			<Folder>
				<name>Tannmatt</name>
				<description><![CDATA[Hanggelände für Gleitschirme<br/>Max. Höhendifferenz 590m.<br/><a href="https://service.dhv.de/db2/details.php?qi=glp_details&amp;popup=1&amp;item=1753">Details anzeigen</a>]]></description>
				<styleUrl>#dhv_gelaende</styleUrl>
				<open>0</open>
				<Placemark>
					<name>Tannmatt Startplatz</name>
					<description><![CDATA[Startplatz, Startrichtung O-SW<br/>Gemeinde Herbertswil, Höhe NN 1126m<br/><a href="https://service.dhv.de/db2/details.php?qi=glp_details&amp;popup=1&amp;item=1753" target="_blank">Details anzeigen</a>]]></description>
					<styleUrl>#dhv_startplatz</styleUrl>
					<Point>
						<coordinates>7.564569,47.307747</coordinates>
					</Point>
				</Placemark>
				<Placemark>
					<name>Tannmatt Landeplatz</name>
					<description><![CDATA[Landeplatz<br/>Gemeinde Herbertswil, Höhe NN 536m<br/><a href="https://service.dhv.de/db2/details.php?qi=glp_details&amp;popup=1&amp;item=1753" target="_blank">Details anzeigen</a>]]></description>
					<styleUrl>#dhv_landeplatz</styleUrl>
					<Point>
						<coordinates>7.579569,47.290950</coordinates>
					</Point>
				</Placemark>
			</Folder>
			<Folder>
				<name>Weissenstein</name>
				<description><![CDATA[Hanggelände für Gleitschirme und Hängegleiter<br/>Max. Höhendifferenz 622m.<br/><a href="https://service.dhv.de/db2/details.php?qi=glp_details&amp;popup=1&amp;item=1636">Details anzeigen</a>]]></description>
				<styleUrl>#dhv_gelaende</styleUrl>
				<open>0</open>
				<Placemark>
					<name>Weissenstein Startplatz</name>
					<description><![CDATA[Startplatz, Startrichtung SO<br/>Gemeinde Oberdorf, Höhe NN 1241m<br/><a href="https://service.dhv.de/db2/details.php?qi=glp_details&amp;popup=1&amp;item=1636" target="_blank">Details anzeigen</a>]]></description>
					<styleUrl>#dhv_startplatz</styleUrl>
					<Point>
						<coordinates>7.510144,47.250714</coordinates>
					</Point>
				</Placemark>
				<Placemark>
					<name>Weissenstein Landeplatz</name>
					<description><![CDATA[Landeplatz<br/>Gemeinde Oberdorf, Höhe NN 619m<br/><a href="https://service.dhv.de/db2/details.php?qi=glp_details&amp;popup=1&amp;item=1636" target="_blank">Details anzeigen</a>]]></description>
					<styleUrl>#dhv_landeplatz</styleUrl>
					<Point>
						<coordinates>7.495069,47.233292</coordinates>
					</Point>
				</Placemark>
			</Folder>
		</Folder>
		<Folder>
			<name>St. Gallen</name>
			<open>0</open>
			<Folder>
				<name>Altwisstock</name>
				<description><![CDATA[Hanggelände für Gleitschirme<br/>Max. Höhendifferenz 625m.<br/><a href="https://service.dhv.de/db2/details.php?qi=glp_details&amp;popup=1&amp;item=2089">Details anzeigen</a>]]></description>
				<styleUrl>#dhv_gelaende</styleUrl>
				<open>0</open>
				<Placemark>
					<name>Altwisstock Startplatz</name>
					<description><![CDATA[Startplatz, Startrichtung SW<br/>Gemeinde Schänis, Höhe NN 1055m<br/><a href="https://service.dhv.de/db2/details.php?qi=glp_details&amp;popup=1&amp;item=2089" target="_blank">Details anzeigen</a>]]></description>
					<styleUrl>#dhv_startplatz</styleUrl>
					<Point>
						<coordinates>9.068350,47.210761</coordinates>
					</Point>
				</Placemark>
				<Placemark>
					<name>Altwisstock Landeplatz</name>
					<description><![CDATA[Landeplatz<br/>Gemeinde Schänis, Höhe NN 446m<br/><a href="https://service.dhv.de/db2/details.php?qi=glp_details&amp;popup=1&amp;item=2089" target="_blank">Details anzeigen</a>]]></description>
					<styleUrl>#dhv_landeplatz</styleUrl>
					<Point>
						<coordinates>9.043608,47.203242</coordinates>
					</Point>
				</Placemark>
				<Placemark>
					<name>Hüsliberg Landeplatz 1</name>
					<description><![CDATA[Landeplatz<br/>Gemeinde Schänis, Höhe NN 430m<br/><a href="https://service.dhv.de/db2/details.php?qi=glp_details&amp;popup=1&amp;item=2089" target="_blank">Details anzeigen</a>]]></description>
					<styleUrl>#dhv_landeplatz</styleUrl>
					<Point>
						<coordinates>9.047561,47.183650</coordinates>
					</Point>
				</Placemark>
			</Folder>
			<Folder>
				<name>Burst</name>
				<description><![CDATA[Hanggelände für Gleitschirme und Hängegleiter<br/>Max. Höhendifferenz 329m.<br/><a href="https://service.dhv.de/db2/details.php?qi=glp_details&amp;popup=1&amp;item=1469">Details anzeigen</a>]]></description>
				<styleUrl>#dhv_gelaende</styleUrl>
				<open>0</open>
				<Placemark>
					<name>Burst Startplatz</name>
					<description><![CDATA[Startplatz, Startrichtung N<br/>Gemeinde Unterwasser, Höhe NN 1235m<br/><a href="https://service.dhv.de/db2/details.php?qi=glp_details&amp;popup=1&amp;item=1469" target="_blank">Details anzeigen</a>]]></description>
					<styleUrl>#dhv_startplatz</styleUrl>
					<Point>
						<coordinates>9.302100,47.208675</coordinates>
					</Point>
				</Placemark>
				<Placemark>
					<name>Säntis Landeplatz</name>
					<description><![CDATA[Landeplatz<br/>Gemeinde Unterwasser, Höhe NN 906m<br/><a href="https://service.dhv.de/db2/details.php?qi=glp_details&amp;popup=1&amp;item=1469" target="_blank">Details anzeigen</a>]]></description>
					<styleUrl>#dhv_landeplatz</styleUrl>
					<Point>
						<coordinates>9.306128,47.195195</coordinates>
					</Point>
				</Placemark>
			</Folder>
			<Folder>
				<name>Chäserugg</name>
				<description><![CDATA[Hanggelände für Gleitschirme und Hängegleiter<br/>Max. Höhendifferenz 1398m.<br/><a href="https://service.dhv.de/db2/details.php?qi=glp_details&amp;popup=1&amp;item=1468">Details anzeigen</a>]]></description>
				<styleUrl>#dhv_gelaende</styleUrl>
				<open>0</open>
				<Placemark>
					<name>Chäserugg Startplatz 3</name>
					<description><![CDATA[Startplatz, Startrichtung W, S<br/>Gemeinde Unterwasser, Höhe NN 2304m<br/><a href="https://service.dhv.de/db2/details.php?qi=glp_details&amp;popup=1&amp;item=1468" target="_blank">Details anzeigen</a>]]></description>
					<styleUrl>#dhv_startplatz</styleUrl>
					<Point>
						<coordinates>9.304675,47.153500</coordinates>
					</Point>
				</Placemark>
				<Placemark>
					<name>Chäserugg Startplatz 2</name>
					<description><![CDATA[Startplatz, Startrichtung NO<br/>Gemeinde Unterwasser, Höhe NN 2255m<br/><a href="https://service.dhv.de/db2/details.php?qi=glp_details&amp;popup=1&amp;item=1468" target="_blank">Details anzeigen</a>]]></description>
					<styleUrl>#dhv_startplatz</styleUrl>
					<Point>
						<coordinates>9.313642,47.154972</coordinates>
					</Point>
				</Placemark>
				<Placemark>
					<name>Chäserugg Startplatz 1</name>
					<description><![CDATA[Startplatz, Startrichtung O<br/>Gemeinde Unterwasser, Höhe NN 2193m<br/><a href="https://service.dhv.de/db2/details.php?qi=glp_details&amp;popup=1&amp;item=1468" target="_blank">Details anzeigen</a>]]></description>
					<styleUrl>#dhv_startplatz</styleUrl>
					<Point>
						<coordinates>9.323731,47.146778</coordinates>
					</Point>
				</Placemark>
				<Placemark>
					<name>Säntis Landeplatz</name>
					<description><![CDATA[Landeplatz<br/>Gemeinde Unterwasser, Höhe NN 906m<br/><a href="https://service.dhv.de/db2/details.php?qi=glp_details&amp;popup=1&amp;item=1468" target="_blank">Details anzeigen</a>]]></description>
					<styleUrl>#dhv_landeplatz</styleUrl>
					<Point>
						<coordinates>9.306128,47.195195</coordinates>
					</Point>
				</Placemark>
			</Folder>
			<Folder>
				<name>Durschlegi</name>
				<description><![CDATA[Hanggelände für Gleitschirme und Hängegleiter<br/>Max. Höhendifferenz 693m.<br/><a href="https://service.dhv.de/db2/details.php?qi=glp_details&amp;popup=1&amp;item=2090">Details anzeigen</a>]]></description>
				<styleUrl>#dhv_gelaende</styleUrl>
				<open>0</open>
				<Placemark>
					<name>Durschlegi Startplatz</name>
					<description><![CDATA[Startplatz, Startrichtung SO<br/>Gemeinde Amden, Höhe NN 1118m<br/><a href="https://service.dhv.de/db2/details.php?qi=glp_details&amp;popup=1&amp;item=2090" target="_blank">Details anzeigen</a>]]></description>
					<styleUrl>#dhv_startplatz</styleUrl>
					<Point>
						<coordinates>9.119219,47.146128</coordinates>
					</Point>
				</Placemark>
			</Folder>
			<Folder>
				<name>Garmil</name>
				<description><![CDATA[Hanggelände für Gleitschirme<br/>Max. Höhendifferenz 1367m.<br/><a href="https://service.dhv.de/db2/details.php?qi=glp_details&amp;popup=1&amp;item=1701">Details anzeigen</a>]]></description>
				<styleUrl>#dhv_gelaende</styleUrl>
				<open>0</open>
				<Placemark>
					<name>Garmil Startplatz</name>
					<description><![CDATA[Startplatz, Startrichtung NO-O<br/>Gemeinde Wangs, Höhe NN 1857m<br/><a href="https://service.dhv.de/db2/details.php?qi=glp_details&amp;popup=1&amp;item=1701" target="_blank">Details anzeigen</a>]]></description>
					<styleUrl>#dhv_startplatz</styleUrl>
					<Point>
						<coordinates>9.400681,47.007881</coordinates>
					</Point>
				</Placemark>
				<Placemark>
					<name>Pizol Landeplatz</name>
					<description><![CDATA[Landeplatz<br/>Gemeinde Wangs, Höhe NN 490m<br/><a href="https://service.dhv.de/db2/details.php?qi=glp_details&amp;popup=1&amp;item=1701" target="_blank">Details anzeigen</a>]]></description>
					<styleUrl>#dhv_landeplatz</styleUrl>
					<Point>
						<coordinates>9.431001,47.039115</coordinates>
					</Point>
				</Placemark>
			</Folder>
			<Folder>
				<name>Hüsli Berneck</name>
				<description><![CDATA[Hanggelände für Gleitschirme<br/>Max. Höhendifferenz 310m.<br/><a href="https://service.dhv.de/db2/details.php?qi=glp_details&amp;popup=1&amp;item=1471">Details anzeigen</a>]]></description>
				<styleUrl>#dhv_gelaende</styleUrl>
				<open>0</open>
				<Placemark>
					<name>Hüsli Berneck Landeplatz</name>
					<description><![CDATA[Landeplatz<br/>Gemeinde Berneck, Höhe NN 439m<br/><a href="https://service.dhv.de/db2/details.php?qi=glp_details&amp;popup=1&amp;item=1471" target="_blank">Details anzeigen</a>]]></description>
					<styleUrl>#dhv_landeplatz</styleUrl>
					<Point>
						<coordinates>9.606592,47.426047</coordinates>
					</Point>
				</Placemark>
			</Folder>
			<Folder>
				<name>Hüsliberg</name>
				<description><![CDATA[Hanggelände für Gleitschirme und Hängegleiter<br/>Max. Höhendifferenz 575m.<br/><a href="https://service.dhv.de/db2/details.php?qi=glp_details&amp;popup=1&amp;item=1474">Details anzeigen</a>]]></description>
				<styleUrl>#dhv_gelaende</styleUrl>
				<open>0</open>
				<Placemark>
					<name>Hüsliberg Startplatz</name>
					<description><![CDATA[Startplatz, Startrichtung W<br/>Gemeinde Schänis, Höhe NN 1005m<br/><a href="https://service.dhv.de/db2/details.php?qi=glp_details&amp;popup=1&amp;item=1474" target="_blank">Details anzeigen</a>]]></description>
					<styleUrl>#dhv_startplatz</styleUrl>
					<Point>
						<coordinates>9.074622,47.189689</coordinates>
					</Point>
				</Placemark>
				<Placemark>
					<name>Hüsliberg Landeplatz 1</name>
					<description><![CDATA[Landeplatz<br/>Gemeinde Schänis, Höhe NN 430m<br/><a href="https://service.dhv.de/db2/details.php?qi=glp_details&amp;popup=1&amp;item=1474" target="_blank">Details anzeigen</a>]]></description>
					<styleUrl>#dhv_landeplatz</styleUrl>
					<Point>
						<coordinates>9.047561,47.183650</coordinates>
					</Point>
				</Placemark>
				<Placemark>
					<name>Hüsliberg Landeplatz 2</name>
					<description><![CDATA[Landeplatz<br/>Gemeinde Schänis, Höhe NN 430m<br/><a href="https://service.dhv.de/db2/details.php?qi=glp_details&amp;popup=1&amp;item=1474" target="_blank">Details anzeigen</a>]]></description>
					<styleUrl>#dhv_landeplatz</styleUrl>
					<Point>
						<coordinates>9.047742,47.187311</coordinates>
					</Point>
				</Placemark>
			</Folder>
			<Folder>
				<name>Maschgenkamm</name>
				<description><![CDATA[Hanggelände für Gleitschirme und Hängegleiter<br/>Max. Höhendifferenz 1542m.<br/><a href="https://service.dhv.de/db2/details.php?qi=glp_details&amp;popup=1&amp;item=1562">Details anzeigen</a>]]></description>
				<styleUrl>#dhv_gelaende</styleUrl>
				<open>0</open>
				<Placemark>
					<name>Maschgenkamm Startplatz</name>
					<description><![CDATA[Startplatz, Startrichtung O, W<br/>Gemeinde Flums, Höhe NN 1991m<br/><a href="https://service.dhv.de/db2/details.php?qi=glp_details&amp;popup=1&amp;item=1562" target="_blank">Details anzeigen</a>]]></description>
					<styleUrl>#dhv_startplatz</styleUrl>
					<Point>
						<coordinates>9.252078,47.069533</coordinates>
					</Point>
				</Placemark>
				<Placemark>
					<name>Schönhalden Landeplatz</name>
					<description><![CDATA[Landeplatz<br/>Gemeinde Flums, Höhe NN 449m<br/><a href="https://service.dhv.de/db2/details.php?qi=glp_details&amp;popup=1&amp;item=1562" target="_blank">Details anzeigen</a>]]></description>
					<styleUrl>#dhv_landeplatz</styleUrl>
					<Point>
						<coordinates>9.352798,47.088709</coordinates>
					</Point>
				</Placemark>
			</Folder>
			<Folder>
				<name>Motlinger Schwamm</name>
				<description><![CDATA[Hanggelände für Gleitschirme und Hängegleiter<br/>Max. Höhendifferenz 711m.<br/><a href="https://service.dhv.de/db2/details.php?qi=glp_details&amp;popup=1&amp;item=1472">Details anzeigen</a>]]></description>
				<styleUrl>#dhv_gelaende</styleUrl>
				<open>0</open>
				<Placemark>
					<name>Motlinger Schwamm Startplatz</name>
					<description><![CDATA[Startplatz, Startrichtung N-NO<br/>Gemeinde Oberriet, Höhe NN 1131m<br/><a href="https://service.dhv.de/db2/details.php?qi=glp_details&amp;popup=1&amp;item=1472" target="_blank">Details anzeigen</a>]]></description>
					<styleUrl>#dhv_startplatz</styleUrl>
					<Point>
						<coordinates>9.510061,47.311008</coordinates>
					</Point>
				</Placemark>
				<Placemark>
					<name>Motlinger Schwamm Landeplatz</name>
					<description><![CDATA[Landeplatz<br/>Gemeinde Oberriet, Höhe NN 420m<br/><a href="https://service.dhv.de/db2/details.php?qi=glp_details&amp;popup=1&amp;item=1472" target="_blank">Details anzeigen</a>]]></description>
					<styleUrl>#dhv_landeplatz</styleUrl>
					<Point>
						<coordinates>9.558877,47.311500</coordinates>
					</Point>
				</Placemark>
			</Folder>
			<Folder>
				<name>Palfries</name>
				<description><![CDATA[Hanggelände für Gleitschirme und Hängegleiter<br/>Max. Höhendifferenz 113m.<br/><a href="https://service.dhv.de/db2/details.php?qi=glp_details&amp;popup=1&amp;item=1466">Details anzeigen</a>]]></description>
				<styleUrl>#dhv_gelaende</styleUrl>
				<open>0</open>
				<Placemark>
					<name>Palfries Startplatz 2</name>
					<description><![CDATA[Startplatz, Startrichtung S-SW<br/>Gemeinde Sarganz, Höhe NN 1858m<br/><a href="https://service.dhv.de/db2/details.php?qi=glp_details&amp;popup=1&amp;item=1466" target="_blank">Details anzeigen</a>]]></description>
					<styleUrl>#dhv_startplatz</styleUrl>
					<Point>
						<coordinates>9.421972,47.074672</coordinates>
					</Point>
				</Placemark>
				<Placemark>
					<name>Palfries Startplatz 1</name>
					<description><![CDATA[Startplatz, Startrichtung SW-NW<br/>Gemeinde Sarganz, Höhe NN 1745m<br/><a href="https://service.dhv.de/db2/details.php?qi=glp_details&amp;popup=1&amp;item=1466" target="_blank">Details anzeigen</a>]]></description>
					<styleUrl>#dhv_startplatz</styleUrl>
					<Point>
						<coordinates>9.421997,47.088619</coordinates>
					</Point>
				</Placemark>
			</Folder>
			<Folder>
				<name>Pizol</name>
				<description><![CDATA[Hanggelände für Gleitschirme<br/>Max. Höhendifferenz 1734m.<br/><a href="https://service.dhv.de/db2/details.php?qi=glp_details&amp;popup=1&amp;item=1297">Details anzeigen</a>]]></description>
				<styleUrl>#dhv_gelaende</styleUrl>
				<open>0</open>
				<Placemark>
					<name>Pizol Startplatz 1</name>
					<description><![CDATA[Startplatz, Startrichtung O-SO<br/>Gemeinde Wangs, Höhe NN 2224m<br/><a href="https://service.dhv.de/db2/details.php?qi=glp_details&amp;popup=1&amp;item=1297" target="_blank">Details anzeigen</a>]]></description>
					<styleUrl>#dhv_startplatz</styleUrl>
					<Point>
						<coordinates>9.436822,46.979822</coordinates>
					</Point>
				</Placemark>
				<Placemark>
					<name>Pizol Startplatz 2</name>
					<description><![CDATA[Startplatz, Startrichtung N-NO<br/>Gemeinde Wangs, Höhe NN 2223m<br/><a href="https://service.dhv.de/db2/details.php?qi=glp_details&amp;popup=1&amp;item=1297" target="_blank">Details anzeigen</a>]]></description>
					<styleUrl>#dhv_startplatz</styleUrl>
					<Point>
						<coordinates>9.417464,46.979319</coordinates>
					</Point>
				</Placemark>
				<Placemark>
					<name>Pizol Startplatz 3</name>
					<description><![CDATA[Startplatz, Startrichtung NO<br/>Gemeinde Wangs, Höhe NN 1473m<br/><a href="https://service.dhv.de/db2/details.php?qi=glp_details&amp;popup=1&amp;item=1297" target="_blank">Details anzeigen</a>]]></description>
					<styleUrl>#dhv_startplatz</styleUrl>
					<Point>
						<coordinates>9.422092,47.005197</coordinates>
					</Point>
				</Placemark>
				<Placemark>
					<name>Pizol Landeplatz</name>
					<description><![CDATA[Landeplatz<br/>Gemeinde Wangs, Höhe NN 490m<br/><a href="https://service.dhv.de/db2/details.php?qi=glp_details&amp;popup=1&amp;item=1297" target="_blank">Details anzeigen</a>]]></description>
					<styleUrl>#dhv_landeplatz</styleUrl>
					<Point>
						<coordinates>9.431001,47.039115</coordinates>
					</Point>
				</Placemark>
			</Folder>
			<Folder>
				<name>Prodkamm</name>
				<description><![CDATA[Hanggelände für Gleitschirme und Hängegleiter<br/>Max. Höhendifferenz 1471m.<br/><a href="https://service.dhv.de/db2/details.php?qi=glp_details&amp;popup=1&amp;item=1757">Details anzeigen</a>]]></description>
				<styleUrl>#dhv_gelaende</styleUrl>
				<open>0</open>
				<Placemark>
					<name>Prodkamm Startplatz</name>
					<description><![CDATA[Startplatz, Startrichtung NW<br/>Gemeinde Flums, Höhe NN 1920m<br/><a href="https://service.dhv.de/db2/details.php?qi=glp_details&amp;popup=1&amp;item=1757" target="_blank">Details anzeigen</a>]]></description>
					<styleUrl>#dhv_startplatz</styleUrl>
					<Point>
						<coordinates>9.268389,47.074350</coordinates>
					</Point>
				</Placemark>
				<Placemark>
					<name>Schönhalden Landeplatz</name>
					<description><![CDATA[Landeplatz<br/>Gemeinde Flums, Höhe NN 449m<br/><a href="https://service.dhv.de/db2/details.php?qi=glp_details&amp;popup=1&amp;item=1757" target="_blank">Details anzeigen</a>]]></description>
					<styleUrl>#dhv_landeplatz</styleUrl>
					<Point>
						<coordinates>9.352798,47.088709</coordinates>
					</Point>
				</Placemark>
				<Placemark>
					<name>Schrina Landeplatz</name>
					<description><![CDATA[Landeplatz<br/>Gemeinde Walenstadt, Höhe NN 423m<br/><a href="https://service.dhv.de/db2/details.php?qi=glp_details&amp;popup=1&amp;item=1757" target="_blank">Details anzeigen</a>]]></description>
					<styleUrl>#dhv_landeplatz</styleUrl>
					<Point>
						<coordinates>9.307888,47.123483</coordinates>
					</Point>
				</Placemark>
			</Folder>
			<Folder>
				<name>Rorschacherberg</name>
				<description><![CDATA[Hanggelände für Gleitschirme<br/>Max. Höhendifferenz 538m.<br/><a href="https://service.dhv.de/db2/details.php?qi=glp_details&amp;popup=1&amp;item=2091">Details anzeigen</a>]]></description>
				<styleUrl>#dhv_gelaende</styleUrl>
				<open>0</open>
				<Placemark>
					<name>Rorschacherberg Startplatz</name>
					<description><![CDATA[Startplatz, Startrichtung NW<br/>Gemeinde Rorschach, Höhe NN 937m<br/><a href="https://service.dhv.de/db2/details.php?qi=glp_details&amp;popup=1&amp;item=2091" target="_blank">Details anzeigen</a>]]></description>
					<styleUrl>#dhv_startplatz</styleUrl>
					<Point>
						<coordinates>9.500661,47.453553</coordinates>
					</Point>
				</Placemark>
			</Folder>
			<Folder>
				<name>Säntis</name>
				<description><![CDATA[Hanggelände für Gleitschirme und Hängegleiter<br/>Max. Höhendifferenz 1469m.<br/><a href="https://service.dhv.de/db2/details.php?qi=glp_details&amp;popup=1&amp;item=1245">Details anzeigen</a>]]></description>
				<styleUrl>#dhv_gelaende</styleUrl>
				<open>0</open>
				<Placemark>
					<name>Säntis Startplatz</name>
					<description><![CDATA[Startplatz, Startrichtung SW-W<br/>Gemeinde Unterwasser, Höhe NN 2375m<br/><a href="https://service.dhv.de/db2/details.php?qi=glp_details&amp;popup=1&amp;item=1245" target="_blank">Details anzeigen</a>]]></description>
					<styleUrl>#dhv_startplatz</styleUrl>
					<Point>
						<coordinates>9.347563,47.245918</coordinates>
					</Point>
				</Placemark>
				<Placemark>
					<name>Säntis Landeplatz</name>
					<description><![CDATA[Landeplatz<br/>Gemeinde Unterwasser, Höhe NN 906m<br/><a href="https://service.dhv.de/db2/details.php?qi=glp_details&amp;popup=1&amp;item=1245" target="_blank">Details anzeigen</a>]]></description>
					<styleUrl>#dhv_landeplatz</styleUrl>
					<Point>
						<coordinates>9.306128,47.195195</coordinates>
					</Point>
				</Placemark>
			</Folder>
			<Folder>
				<name>Schönhalden</name>
				<description><![CDATA[Hanggelände für Gleitschirme und Hängegleiter<br/>Max. Höhendifferenz 1060m.<br/><a href="https://service.dhv.de/db2/details.php?qi=glp_details&amp;popup=1&amp;item=1291">Details anzeigen</a>]]></description>
				<styleUrl>#dhv_gelaende</styleUrl>
				<open>0</open>
				<Placemark>
					<name>Schönhalden Startplatz</name>
					<description><![CDATA[Startplatz, Startrichtung NO<br/>Gemeinde Flums, Höhe NN 1509m<br/><a href="https://service.dhv.de/db2/details.php?qi=glp_details&amp;popup=1&amp;item=1291" target="_blank">Details anzeigen</a>]]></description>
					<styleUrl>#dhv_startplatz</styleUrl>
					<Point>
						<coordinates>9.334614,47.060497</coordinates>
					</Point>
				</Placemark>
				<Placemark>
					<name>Schönhalden Landeplatz</name>
					<description><![CDATA[Landeplatz<br/>Gemeinde Flums, Höhe NN 449m<br/><a href="https://service.dhv.de/db2/details.php?qi=glp_details&amp;popup=1&amp;item=1291" target="_blank">Details anzeigen</a>]]></description>
					<styleUrl>#dhv_landeplatz</styleUrl>
					<Point>
						<coordinates>9.352798,47.088709</coordinates>
					</Point>
				</Placemark>
			</Folder>
			<Folder>
				<name>Schrina</name>
				<description><![CDATA[Hanggelände für Gleitschirme und Hängegleiter<br/><a href="https://service.dhv.de/db2/details.php?qi=glp_details&amp;popup=1&amp;item=1285">Details anzeigen</a>]]></description>
				<styleUrl>#dhv_gelaende</styleUrl>
				<open>0</open>
				<Placemark>
					<name>Schrina Landeplatz</name>
					<description><![CDATA[Landeplatz<br/>Gemeinde Walenstadt, Höhe NN 423m<br/><a href="https://service.dhv.de/db2/details.php?qi=glp_details&amp;popup=1&amp;item=1285" target="_blank">Details anzeigen</a>]]></description>
					<styleUrl>#dhv_landeplatz</styleUrl>
					<Point>
						<coordinates>9.307888,47.123483</coordinates>
					</Point>
				</Placemark>
			</Folder>
			<Folder>
				<name>Stockberg</name>
				<description><![CDATA[Hanggelände für Gleitschirme und Hängegleiter<br/>Max. Höhendifferenz 763m.<br/><a href="https://service.dhv.de/db2/details.php?qi=glp_details&amp;popup=1&amp;item=1470">Details anzeigen</a>]]></description>
				<styleUrl>#dhv_gelaende</styleUrl>
				<open>0</open>
				<Placemark>
					<name>Stockberg Startplatz</name>
					<description><![CDATA[Startplatz, Startrichtung S-W<br/>Gemeinde Nesslau, Höhe NN 1517m<br/><a href="https://service.dhv.de/db2/details.php?qi=glp_details&amp;popup=1&amp;item=1470" target="_blank">Details anzeigen</a>]]></description>
					<styleUrl>#dhv_startplatz</styleUrl>
					<Point>
						<coordinates>9.237728,47.224150</coordinates>
					</Point>
				</Placemark>
				<Placemark>
					<name>Stockberg Landeplatz</name>
					<description><![CDATA[Landeplatz<br/>Gemeinde Nesslau, Höhe NN 754m<br/><a href="https://service.dhv.de/db2/details.php?qi=glp_details&amp;popup=1&amp;item=1470" target="_blank">Details anzeigen</a>]]></description>
					<styleUrl>#dhv_landeplatz</styleUrl>
					<Point>
						<coordinates>9.199514,47.222992</coordinates>
					</Point>
				</Placemark>
			</Folder>
			<Folder>
				<name>Studnerberg</name>
				<description><![CDATA[Hanggelände für Gleitschirme und Hängegleiter<br/>Max. Höhendifferenz 626m.<br/><a href="https://service.dhv.de/db2/details.php?qi=glp_details&amp;popup=1&amp;item=1467">Details anzeigen</a>]]></description>
				<styleUrl>#dhv_gelaende</styleUrl>
				<open>0</open>
				<Placemark>
					<name>Studnerberg Startplatz</name>
					<description><![CDATA[Startplatz, Startrichtung N-O<br/>Gemeinde Grabs, Höhe NN 1076m<br/><a href="https://service.dhv.de/db2/details.php?qi=glp_details&amp;popup=1&amp;item=1467" target="_blank">Details anzeigen</a>]]></description>
					<styleUrl>#dhv_startplatz</styleUrl>
					<Point>
						<coordinates>9.424647,47.165769</coordinates>
					</Point>
				</Placemark>
				<Placemark>
					<name>Studnerberg Landeplatz</name>
					<description><![CDATA[Landeplatz<br/>Gemeinde Grabs, Höhe NN 450m<br/><a href="https://service.dhv.de/db2/details.php?qi=glp_details&amp;popup=1&amp;item=1467" target="_blank">Details anzeigen</a>]]></description>
					<styleUrl>#dhv_landeplatz</styleUrl>
					<Point>
						<coordinates>9.456739,47.175537</coordinates>
					</Point>
				</Placemark>
			</Folder>
		</Folder>
		<Folder>
			<name>Tessin</name>
			<open>0</open>
			<Folder>
				<name>Alpe del Caviano</name>
				<description><![CDATA[Hanggelände für Gleitschirme<br/>Max. Höhendifferenz 671m.<br/><a href="https://service.dhv.de/db2/details.php?qi=glp_details&amp;popup=1&amp;item=1622">Details anzeigen</a>]]></description>
				<styleUrl>#dhv_gelaende</styleUrl>
				<open>0</open>
				<Placemark>
					<name>Alpe del Caviano Startplatz</name>
					<description><![CDATA[Startplatz, Startrichtung SW<br/>Gemeinde Mendrisio, Höhe NN 972m<br/><a href="https://service.dhv.de/db2/details.php?qi=glp_details&amp;popup=1&amp;item=1622" target="_blank">Details anzeigen</a>]]></description>
					<styleUrl>#dhv_startplatz</styleUrl>
					<Point>
						<coordinates>9.007944,45.877803</coordinates>
					</Point>
				</Placemark>
				<Placemark>
					<name>Alpe del Caviano Landeplatz 1</name>
					<description><![CDATA[Landeplatz<br/>Gemeinde Mendrisio, Höhe NN 301m<br/><a href="https://service.dhv.de/db2/details.php?qi=glp_details&amp;popup=1&amp;item=1622" target="_blank">Details anzeigen</a>]]></description>
					<styleUrl>#dhv_landeplatz</styleUrl>
					<Point>
						<coordinates>8.981206,45.879552</coordinates>
					</Point>
				</Placemark>
				<Placemark>
					<name>Alpe del Caviano Landeplatz 2</name>
					<description><![CDATA[Landeplatz<br/>Gemeinde Mendrisio, Höhe NN 301m<br/><a href="https://service.dhv.de/db2/details.php?qi=glp_details&amp;popup=1&amp;item=1622" target="_blank">Details anzeigen</a>]]></description>
					<styleUrl>#dhv_landeplatz</styleUrl>
					<Point>
						<coordinates>9.001935,45.866495</coordinates>
					</Point>
				</Placemark>
			</Folder>
			<Folder>
				<name>Bassa di Nara</name>
				<description><![CDATA[Hanggelände für Gleitschirme<br/>Max. Höhendifferenz 1516m.<br/><a href="https://service.dhv.de/db2/details.php?qi=glp_details&amp;popup=1&amp;item=2154">Details anzeigen</a>]]></description>
				<styleUrl>#dhv_gelaende</styleUrl>
				<open>0</open>
				<Placemark>
					<name>Bassa di Nara Startplatz</name>
					<description><![CDATA[Startplatz, Startrichtung O-SO<br/>Gemeinde Leontica, Höhe NN 2107m<br/><a href="https://service.dhv.de/db2/details.php?qi=glp_details&amp;popup=1&amp;item=2154" target="_blank">Details anzeigen</a>]]></description>
					<styleUrl>#dhv_startplatz</styleUrl>
					<Point>
						<coordinates>8.868908,46.475081</coordinates>
					</Point>
				</Placemark>
				<Placemark>
					<name>Bassa di Nara Landeplatz 2</name>
					<description><![CDATA[Landeplatz<br/>Gemeinde Aquila, Höhe NN 753m<br/><a href="https://service.dhv.de/db2/details.php?qi=glp_details&amp;popup=1&amp;item=2154" target="_blank">Details anzeigen</a>]]></description>
					<styleUrl>#dhv_landeplatz</styleUrl>
					<Point>
						<coordinates>8.950683,46.498322</coordinates>
					</Point>
				</Placemark>
				<Placemark>
					<name>Bassa di Nara Landeplatz 1</name>
					<description><![CDATA[Landeplatz<br/>Gemeinde Leontica, Höhe NN 591m<br/><a href="https://service.dhv.de/db2/details.php?qi=glp_details&amp;popup=1&amp;item=2154" target="_blank">Details anzeigen</a>]]></description>
					<styleUrl>#dhv_landeplatz</styleUrl>
					<Point>
						<coordinates>8.931300,46.468383</coordinates>
					</Point>
				</Placemark>
			</Folder>
			<Folder>
				<name>Bedöll</name>
				<description><![CDATA[Hanggelände für Gleitschirme<br/>Max. Höhendifferenz 876m.<br/><a href="https://service.dhv.de/db2/details.php?qi=glp_details&amp;popup=1&amp;item=5379">Details anzeigen</a>]]></description>
				<styleUrl>#dhv_gelaende</styleUrl>
				<open>0</open>
				<Placemark>
					<name>Bedöll Startplatz</name>
					<description><![CDATA[Startplatz, Startrichtung SW<br/>Gemeinde Capolago, Höhe NN 1148m<br/><a href="https://service.dhv.de/db2/details.php?qi=glp_details&amp;popup=1&amp;item=5379" target="_blank">Details anzeigen</a>]]></description>
					<styleUrl>#dhv_startplatz</styleUrl>
					<Point>
						<coordinates>9.004350,45.906736</coordinates>
					</Point>
				</Placemark>
				<Placemark>
					<name>Monte Generoso Landeplatz</name>
					<description><![CDATA[Landeplatz<br/>Gemeinde Capolago, Höhe NN 272m<br/><a href="https://service.dhv.de/db2/details.php?qi=glp_details&amp;popup=1&amp;item=5379" target="_blank">Details anzeigen</a>]]></description>
					<styleUrl>#dhv_landeplatz</styleUrl>
					<Point>
						<coordinates>8.975392,45.903139</coordinates>
					</Point>
				</Placemark>
			</Folder>
			<Folder>
				<name>Cari</name>
				<description><![CDATA[Hanggelände für Gleitschirme<br/>Max. Höhendifferenz 1420m.<br/><a href="https://service.dhv.de/db2/details.php?qi=glp_details&amp;popup=1&amp;item=2156">Details anzeigen</a>]]></description>
				<styleUrl>#dhv_gelaende</styleUrl>
				<open>0</open>
				<Placemark>
					<name>Cari Startplatz 3</name>
					<description><![CDATA[Startplatz, Startrichtung S<br/>Gemeinde Faido, Höhe NN 2145m<br/><a href="https://service.dhv.de/db2/details.php?qi=glp_details&amp;popup=1&amp;item=2156" target="_blank">Details anzeigen</a>]]></description>
					<styleUrl>#dhv_startplatz</styleUrl>
					<Point>
						<coordinates>8.817567,46.509117</coordinates>
					</Point>
				</Placemark>
				<Placemark>
					<name>Cari Startplatz 2</name>
					<description><![CDATA[Startplatz, Startrichtung S<br/>Gemeinde Faido, Höhe NN 2052m<br/><a href="https://service.dhv.de/db2/details.php?qi=glp_details&amp;popup=1&amp;item=2156" target="_blank">Details anzeigen</a>]]></description>
					<styleUrl>#dhv_startplatz</styleUrl>
					<Point>
						<coordinates>8.818389,46.505958</coordinates>
					</Point>
				</Placemark>
				<Placemark>
					<name>Cari Startplatz 1</name>
					<description><![CDATA[Startplatz, Startrichtung S<br/>Gemeinde Faido, Höhe NN 1649m<br/><a href="https://service.dhv.de/db2/details.php?qi=glp_details&amp;popup=1&amp;item=2156" target="_blank">Details anzeigen</a>]]></description>
					<styleUrl>#dhv_startplatz</styleUrl>
					<Point>
						<coordinates>8.823514,46.494856</coordinates>
					</Point>
				</Placemark>
				<Placemark>
					<name>Cari Landeplatz</name>
					<description><![CDATA[Landeplatz<br/>Gemeinde Faido, Höhe NN 725m<br/><a href="https://service.dhv.de/db2/details.php?qi=glp_details&amp;popup=1&amp;item=2156" target="_blank">Details anzeigen</a>]]></description>
					<styleUrl>#dhv_landeplatz</styleUrl>
					<Point>
						<coordinates>8.809461,46.473717</coordinates>
					</Point>
				</Placemark>
			</Folder>
			<Folder>
				<name>Cima di Medeglia</name>
				<description><![CDATA[Hanggelände für Gleitschirme<br/>Max. Höhendifferenz 395m.<br/><a href="https://service.dhv.de/db2/details.php?qi=glp_details&amp;popup=1&amp;item=1742">Details anzeigen</a>]]></description>
				<styleUrl>#dhv_gelaende</styleUrl>
				<open>0</open>
				<Placemark>
					<name>Cima di Medeglia Startplatz</name>
					<description><![CDATA[Startplatz, Startrichtung SW-W<br/>Gemeinde Rivera, Höhe NN 841m<br/><a href="https://service.dhv.de/db2/details.php?qi=glp_details&amp;popup=1&amp;item=1742" target="_blank">Details anzeigen</a>]]></description>
					<styleUrl>#dhv_startplatz</styleUrl>
					<Point>
						<coordinates>8.944361,46.116597</coordinates>
					</Point>
				</Placemark>
				<Placemark>
					<name>Monte Tamaro Landeplatz 2</name>
					<description><![CDATA[Landeplatz<br/>Gemeinde Rivera, Höhe NN 446m<br/><a href="https://service.dhv.de/db2/details.php?qi=glp_details&amp;popup=1&amp;item=1742" target="_blank">Details anzeigen</a>]]></description>
					<styleUrl>#dhv_landeplatz</styleUrl>
					<Point>
						<coordinates>8.930972,46.112081</coordinates>
					</Point>
				</Placemark>
			</Folder>
			<Folder>
				<name>Cimetta</name>
				<description><![CDATA[Hanggelände für Gleitschirme<br/>Max. Höhendifferenz 1423m.<br/><a href="https://service.dhv.de/db2/details.php?qi=glp_details&amp;popup=1&amp;item=1680">Details anzeigen</a>]]></description>
				<styleUrl>#dhv_gelaende</styleUrl>
				<open>0</open>
				<Placemark>
					<name>Cimetta Startplatz</name>
					<description><![CDATA[Startplatz, Startrichtung S-SW<br/>Gemeinde Locarno, Höhe NN 1616m<br/><a href="https://service.dhv.de/db2/details.php?qi=glp_details&amp;popup=1&amp;item=1680" target="_blank">Details anzeigen</a>]]></description>
					<styleUrl>#dhv_startplatz</styleUrl>
					<Point>
						<coordinates>8.787942,46.199819</coordinates>
					</Point>
				</Placemark>
				<Placemark>
					<name>Cimetta Landeplatz 1</name>
					<description><![CDATA[Landeplatz<br/>Gemeinde Locarno, Höhe NN 199m<br/><a href="https://service.dhv.de/db2/details.php?qi=glp_details&amp;popup=1&amp;item=1680" target="_blank">Details anzeigen</a>]]></description>
					<styleUrl>#dhv_landeplatz</styleUrl>
					<Point>
						<coordinates>8.731044,46.231939</coordinates>
					</Point>
				</Placemark>
				<Placemark>
					<name>Cimetta Landeplatz 3</name>
					<description><![CDATA[Landeplatz<br/>Gemeinde Ascona, Höhe NN 199m<br/><a href="https://service.dhv.de/db2/details.php?qi=glp_details&amp;popup=1&amp;item=1680" target="_blank">Details anzeigen</a>]]></description>
					<styleUrl>#dhv_landeplatz</styleUrl>
					<Point>
						<coordinates>8.782833,46.154278</coordinates>
					</Point>
				</Placemark>
				<Placemark>
					<name>Cimetta Landeplatz 2</name>
					<description><![CDATA[Landeplatz<br/>Gemeinde Locarno, Höhe NN 193m<br/><a href="https://service.dhv.de/db2/details.php?qi=glp_details&amp;popup=1&amp;item=1680" target="_blank">Details anzeigen</a>]]></description>
					<styleUrl>#dhv_landeplatz</styleUrl>
					<Point>
						<coordinates>8.803375,46.153512</coordinates>
					</Point>
				</Placemark>
			</Folder>
			<Folder>
				<name>Gorda</name>
				<description><![CDATA[Hanggelände für Gleitschirme<br/>Max. Höhendifferenz 1046m.<br/><a href="https://service.dhv.de/db2/details.php?qi=glp_details&amp;popup=1&amp;item=2155">Details anzeigen</a>]]></description>
				<styleUrl>#dhv_gelaende</styleUrl>
				<open>0</open>
				<Placemark>
					<name>Gorda Startplatz</name>
					<description><![CDATA[Startplatz, Startrichtung SO<br/>Gemeinde Dangio-Torre, Höhe NN 1799m<br/><a href="https://service.dhv.de/db2/details.php?qi=glp_details&amp;popup=1&amp;item=2155" target="_blank">Details anzeigen</a>]]></description>
					<styleUrl>#dhv_startplatz</styleUrl>
					<Point>
						<coordinates>8.910897,46.497714</coordinates>
					</Point>
				</Placemark>
				<Placemark>
					<name>Bassa di Nara Landeplatz 2</name>
					<description><![CDATA[Landeplatz<br/>Gemeinde Aquila, Höhe NN 753m<br/><a href="https://service.dhv.de/db2/details.php?qi=glp_details&amp;popup=1&amp;item=2155" target="_blank">Details anzeigen</a>]]></description>
					<styleUrl>#dhv_landeplatz</styleUrl>
					<Point>
						<coordinates>8.950683,46.498322</coordinates>
					</Point>
				</Placemark>
			</Folder>
			<Folder>
				<name>Malvaglia</name>
				<description><![CDATA[Hanggelände für Gleitschirme<br/>Max. Höhendifferenz 1142m.<br/><a href="https://service.dhv.de/db2/details.php?qi=glp_details&amp;popup=1&amp;item=5347">Details anzeigen</a>]]></description>
				<styleUrl>#dhv_gelaende</styleUrl>
				<open>0</open>
				<Placemark>
					<name>Malvaglia Startplatz</name>
					<description><![CDATA[Startplatz, Startrichtung SW<br/>Gemeinde Malvaglia, Höhe NN 1519m<br/><a href="https://service.dhv.de/db2/details.php?qi=glp_details&amp;popup=1&amp;item=5347" target="_blank">Details anzeigen</a>]]></description>
					<styleUrl>#dhv_startplatz</styleUrl>
					<Point>
						<coordinates>8.996936,46.425817</coordinates>
					</Point>
				</Placemark>
				<Placemark>
					<name>Malvaglia Landeplatz</name>
					<description><![CDATA[Landeplatz<br/>Gemeinde Malvaglia, Höhe NN 377m<br/><a href="https://service.dhv.de/db2/details.php?qi=glp_details&amp;popup=1&amp;item=5347" target="_blank">Details anzeigen</a>]]></description>
					<styleUrl>#dhv_landeplatz</styleUrl>
					<Point>
						<coordinates>8.978183,46.407844</coordinates>
					</Point>
				</Placemark>
			</Folder>
			<Folder>
				<name>Monte Bisbino</name>
				<description><![CDATA[Hanggelände für Gleitschirme<br/>Max. Höhendifferenz 1011m.<br/><a href="https://service.dhv.de/db2/details.php?qi=glp_details&amp;popup=1&amp;item=1737">Details anzeigen</a>]]></description>
				<styleUrl>#dhv_gelaende</styleUrl>
				<open>0</open>
				<Placemark>
					<name>Monte Bisbino Startplatz</name>
					<description><![CDATA[Startplatz, Startrichtung W<br/>Gemeinde Morbio, Höhe NN 1317m<br/><a href="https://service.dhv.de/db2/details.php?qi=glp_details&amp;popup=1&amp;item=1737" target="_blank">Details anzeigen</a>]]></description>
					<styleUrl>#dhv_startplatz</styleUrl>
					<Point>
						<coordinates>9.065858,45.873136</coordinates>
					</Point>
				</Placemark>
				<Placemark>
					<name>Monte Bisbino Landeplatz</name>
					<description><![CDATA[Landeplatz<br/>Gemeinde Morbio, Höhe NN 306m<br/><a href="https://service.dhv.de/db2/details.php?qi=glp_details&amp;popup=1&amp;item=1737" target="_blank">Details anzeigen</a>]]></description>
					<styleUrl>#dhv_landeplatz</styleUrl>
					<Point>
						<coordinates>9.021875,45.851114</coordinates>
					</Point>
				</Placemark>
			</Folder>
			<Folder>
				<name>Monte Generoso</name>
				<description><![CDATA[Hanggelände für Gleitschirme<br/>Max. Höhendifferenz 1368m.<br/><a href="https://service.dhv.de/db2/details.php?qi=glp_details&amp;popup=1&amp;item=1738">Details anzeigen</a>]]></description>
				<styleUrl>#dhv_gelaende</styleUrl>
				<open>0</open>
				<Placemark>
					<name>Monte Generoso Startplatz 1</name>
					<description><![CDATA[Startplatz, Startrichtung S<br/>Gemeinde Capolago, Höhe NN 1640m<br/><a href="https://service.dhv.de/db2/details.php?qi=glp_details&amp;popup=1&amp;item=1738" target="_blank">Details anzeigen</a>]]></description>
					<styleUrl>#dhv_startplatz</styleUrl>
					<Point>
						<coordinates>9.021696,45.929019</coordinates>
					</Point>
				</Placemark>
				<Placemark>
					<name>Monte Generoso Startplatz 2</name>
					<description><![CDATA[Startplatz, Startrichtung S-SW<br/>Gemeinde Capolago, Höhe NN 1530m<br/><a href="https://service.dhv.de/db2/details.php?qi=glp_details&amp;popup=1&amp;item=1738" target="_blank">Details anzeigen</a>]]></description>
					<styleUrl>#dhv_startplatz</styleUrl>
					<Point>
						<coordinates>9.013198,45.923914</coordinates>
					</Point>
				</Placemark>
				<Placemark>
					<name>Monte Generoso Landeplatz</name>
					<description><![CDATA[Landeplatz<br/>Gemeinde Capolago, Höhe NN 272m<br/><a href="https://service.dhv.de/db2/details.php?qi=glp_details&amp;popup=1&amp;item=1738" target="_blank">Details anzeigen</a>]]></description>
					<styleUrl>#dhv_landeplatz</styleUrl>
					<Point>
						<coordinates>8.975392,45.903139</coordinates>
					</Point>
				</Placemark>
			</Folder>
			<Folder>
				<name>Monte Lema</name>
				<description><![CDATA[Hanggelände für Gleitschirme<br/>Max. Höhendifferenz 1203m.<br/><a href="https://service.dhv.de/db2/details.php?qi=glp_details&amp;popup=1&amp;item=1739">Details anzeigen</a>]]></description>
				<styleUrl>#dhv_gelaende</styleUrl>
				<open>0</open>
				<Placemark>
					<name>Monte Lema Startplatz</name>
					<description><![CDATA[Startplatz, Startrichtung O-SW<br/>Gemeinde Miglieglia, Höhe NN 1577m<br/><a href="https://service.dhv.de/db2/details.php?qi=glp_details&amp;popup=1&amp;item=1739" target="_blank">Details anzeigen</a>]]></description>
					<styleUrl>#dhv_startplatz</styleUrl>
					<Point>
						<coordinates>8.830950,46.039003</coordinates>
					</Point>
				</Placemark>
				<Placemark>
					<name>Monte Lema Landeplatz 1</name>
					<description><![CDATA[Landeplatz<br/>Gemeinde Miglieglia, Höhe NN 713m<br/><a href="https://service.dhv.de/db2/details.php?qi=glp_details&amp;popup=1&amp;item=1739" target="_blank">Details anzeigen</a>]]></description>
					<styleUrl>#dhv_landeplatz</styleUrl>
					<Point>
						<coordinates>8.860126,46.026435</coordinates>
					</Point>
				</Placemark>
				<Placemark>
					<name>Monte Lema Landeplatz 2</name>
					<description><![CDATA[Landeplatz<br/>Gemeinde Miglieglia, Höhe NN 374m<br/><a href="https://service.dhv.de/db2/details.php?qi=glp_details&amp;popup=1&amp;item=1739" target="_blank">Details anzeigen</a>]]></description>
					<styleUrl>#dhv_landeplatz</styleUrl>
					<Point>
						<coordinates>8.816250,45.999642</coordinates>
					</Point>
				</Placemark>
			</Folder>
			<Folder>
				<name>Monte Tamaro</name>
				<description><![CDATA[Hanggelände für Gleitschirme<br/>Max. Höhendifferenz 1070m.<br/><a href="https://service.dhv.de/db2/details.php?qi=glp_details&amp;popup=1&amp;item=1741">Details anzeigen</a>]]></description>
				<styleUrl>#dhv_gelaende</styleUrl>
				<open>0</open>
				<Placemark>
					<name>Monte Tamaro Startplatz</name>
					<description><![CDATA[Startplatz, Startrichtung O-SO<br/>Gemeinde Rivera, Höhe NN 1516m<br/><a href="https://service.dhv.de/db2/details.php?qi=glp_details&amp;popup=1&amp;item=1741" target="_blank">Details anzeigen</a>]]></description>
					<styleUrl>#dhv_startplatz</styleUrl>
					<Point>
						<coordinates>8.893806,46.116497</coordinates>
					</Point>
				</Placemark>
				<Placemark>
					<name>Monte Tamaro Landeplatz 1</name>
					<description><![CDATA[Landeplatz<br/>Gemeinde Rivera, Höhe NN 472m<br/><a href="https://service.dhv.de/db2/details.php?qi=glp_details&amp;popup=1&amp;item=1741" target="_blank">Details anzeigen</a>]]></description>
					<styleUrl>#dhv_landeplatz</styleUrl>
					<Point>
						<coordinates>8.921422,46.126203</coordinates>
					</Point>
				</Placemark>
				<Placemark>
					<name>Monte Tamaro Landeplatz 2</name>
					<description><![CDATA[Landeplatz<br/>Gemeinde Rivera, Höhe NN 446m<br/><a href="https://service.dhv.de/db2/details.php?qi=glp_details&amp;popup=1&amp;item=1741" target="_blank">Details anzeigen</a>]]></description>
					<styleUrl>#dhv_landeplatz</styleUrl>
					<Point>
						<coordinates>8.930972,46.112081</coordinates>
					</Point>
				</Placemark>
			</Folder>
			<Folder>
				<name>Monti di Gana</name>
				<description><![CDATA[Hanggelände für Gleitschirme<br/><a href="https://service.dhv.de/db2/details.php?qi=glp_details&amp;popup=1&amp;item=2094">Details anzeigen</a>]]></description>
				<styleUrl>#dhv_gelaende</styleUrl>
				<open>0</open>
				<Placemark>
					<name>Monti di Gana Startplatz</name>
					<description><![CDATA[Startplatz, Startrichtung S<br/>Gemeinde Riazzino, Höhe NN 1272m<br/><a href="https://service.dhv.de/db2/details.php?qi=glp_details&amp;popup=1&amp;item=2094" target="_blank">Details anzeigen</a>]]></description>
					<styleUrl>#dhv_startplatz</styleUrl>
					<Point>
						<coordinates>8.907950,46.197022</coordinates>
					</Point>
				</Placemark>
			</Folder>
			<Folder>
				<name>Mornera</name>
				<description><![CDATA[Hanggelände für Gleitschirme<br/>Max. Höhendifferenz 1154m.<br/><a href="https://service.dhv.de/db2/details.php?qi=glp_details&amp;popup=1&amp;item=2095">Details anzeigen</a>]]></description>
				<styleUrl>#dhv_gelaende</styleUrl>
				<open>0</open>
				<Placemark>
					<name>Mornera Startplatz</name>
					<description><![CDATA[Startplatz, Startrichtung S<br/>Gemeinde Bellinzona, Höhe NN 1382m<br/><a href="https://service.dhv.de/db2/details.php?qi=glp_details&amp;popup=1&amp;item=2095" target="_blank">Details anzeigen</a>]]></description>
					<styleUrl>#dhv_startplatz</styleUrl>
					<Point>
						<coordinates>8.985833,46.205811</coordinates>
					</Point>
				</Placemark>
				<Placemark>
					<name>Mornera Landeplatz</name>
					<description><![CDATA[Landeplatz<br/>Gemeinde Bellinzona, Höhe NN 228m<br/><a href="https://service.dhv.de/db2/details.php?qi=glp_details&amp;popup=1&amp;item=2095" target="_blank">Details anzeigen</a>]]></description>
					<styleUrl>#dhv_landeplatz</styleUrl>
					<Point>
						<coordinates>9.009403,46.189311</coordinates>
					</Point>
				</Placemark>
			</Folder>
			<Folder>
				<name>Parusciana</name>
				<description><![CDATA[Hanggelände für Gleitschirme<br/>Max. Höhendifferenz 1004m.<br/><a href="https://service.dhv.de/db2/details.php?qi=glp_details&amp;popup=1&amp;item=1743">Details anzeigen</a>]]></description>
				<styleUrl>#dhv_gelaende</styleUrl>
				<open>0</open>
				<Placemark>
					<name>Parusciana Startplatz</name>
					<description><![CDATA[Startplatz, Startrichtung SW-W<br/>Gemeinde Lumino, Höhe NN 1250m<br/><a href="https://service.dhv.de/db2/details.php?qi=glp_details&amp;popup=1&amp;item=1743" target="_blank">Details anzeigen</a>]]></description>
					<styleUrl>#dhv_startplatz</styleUrl>
					<Point>
						<coordinates>9.054125,46.241808</coordinates>
					</Point>
				</Placemark>
				<Placemark>
					<name>Parusciana Startplatz</name>
					<description><![CDATA[Startplatz, Startrichtung S<br/>Gemeinde Lumino, Höhe NN 1249m<br/><a href="https://service.dhv.de/db2/details.php?qi=glp_details&amp;popup=1&amp;item=2092" target="_blank">Details anzeigen</a>]]></description>
					<styleUrl>#dhv_startplatz</styleUrl>
					<Point>
						<coordinates>9.054158,46.241744</coordinates>
					</Point>
				</Placemark>
				<Placemark>
					<name>Parusciana Landeplatz</name>
					<description><![CDATA[Landeplatz<br/>Gemeinde Lumino, Höhe NN 247m<br/><a href="https://service.dhv.de/db2/details.php?qi=glp_details&amp;popup=1&amp;item=2092" target="_blank">Details anzeigen</a>]]></description>
					<styleUrl>#dhv_landeplatz</styleUrl>
					<Point>
						<coordinates>9.060317,46.227283</coordinates>
					</Point>
				</Placemark>
				<Placemark>
					<name>Parusciana Landeplatz</name>
					<description><![CDATA[Landeplatz<br/>Gemeinde Lumino, Höhe NN 246m<br/><a href="https://service.dhv.de/db2/details.php?qi=glp_details&amp;popup=1&amp;item=1743" target="_blank">Details anzeigen</a>]]></description>
					<styleUrl>#dhv_landeplatz</styleUrl>
					<Point>
						<coordinates>9.060094,46.227456</coordinates>
					</Point>
				</Placemark>
			</Folder>
			<Folder>
				<name>St. Maria</name>
				<description><![CDATA[Hanggelände für Gleitschirme<br/>Max. Höhendifferenz 898m.<br/><a href="https://service.dhv.de/db2/details.php?qi=glp_details&amp;popup=1&amp;item=1744">Details anzeigen</a>]]></description>
				<styleUrl>#dhv_gelaende</styleUrl>
				<open>0</open>
				<Placemark>
					<name>St. Maria Startplatz</name>
					<description><![CDATA[Startplatz, Startrichtung SO<br/>Gemeinde Grono, Höhe NN 1214m<br/><a href="https://service.dhv.de/db2/details.php?qi=glp_details&amp;popup=1&amp;item=1744" target="_blank">Details anzeigen</a>]]></description>
					<styleUrl>#dhv_startplatz</styleUrl>
					<Point>
						<coordinates>9.137928,46.267442</coordinates>
					</Point>
				</Placemark>
				<Placemark>
					<name>St. Maria Landeplatz</name>
					<description><![CDATA[Landeplatz<br/>Gemeinde Grono, Höhe NN 316m<br/><a href="https://service.dhv.de/db2/details.php?qi=glp_details&amp;popup=1&amp;item=1744" target="_blank">Details anzeigen</a>]]></description>
					<styleUrl>#dhv_landeplatz</styleUrl>
					<Point>
						<coordinates>9.156072,46.245786</coordinates>
					</Point>
				</Placemark>
			</Folder>
		</Folder>
		<Folder>
			<name>Thurgau</name>
			<open>0</open>
			<Folder>
				<name>Triesen</name>
				<description><![CDATA[Hanggelände für Gleitschirme und Hängegleiter<br/>Max. Höhendifferenz 973m.<br/><a href="https://service.dhv.de/db2/details.php?qi=glp_details&amp;popup=1&amp;item=1563">Details anzeigen</a>]]></description>
				<styleUrl>#dhv_gelaende</styleUrl>
				<open>0</open>
				<Placemark>
					<name>Triesen Startplatz</name>
					<description><![CDATA[Startplatz, Startrichtung W<br/>Gemeinde Triesen, Höhe NN 1439m<br/><a href="https://service.dhv.de/db2/details.php?qi=glp_details&amp;popup=1&amp;item=1563" target="_blank">Details anzeigen</a>]]></description>
					<styleUrl>#dhv_startplatz</styleUrl>
					<Point>
						<coordinates>9.551525,47.131503</coordinates>
					</Point>
				</Placemark>
				<Placemark>
					<name>Triesen Landeplatz</name>
					<description><![CDATA[Landeplatz<br/>Gemeinde Triesen, Höhe NN 466m<br/><a href="https://service.dhv.de/db2/details.php?qi=glp_details&amp;popup=1&amp;item=1563" target="_blank">Details anzeigen</a>]]></description>
					<styleUrl>#dhv_landeplatz</styleUrl>
					<Point>
						<coordinates>9.526622,47.123664</coordinates>
					</Point>
				</Placemark>
			</Folder>
		</Folder>
		<Folder>
			<name>Uri</name>
			<open>0</open>
			<Folder>
				<name>Brüsti</name>
				<description><![CDATA[Hanggelände für Gleitschirme<br/>Max. Höhendifferenz 1090m.<br/><a href="https://service.dhv.de/db2/details.php?qi=glp_details&amp;popup=1&amp;item=1568">Details anzeigen</a>]]></description>
				<styleUrl>#dhv_gelaende</styleUrl>
				<open>0</open>
				<Placemark>
					<name>Brüsti Startplatz 2</name>
					<description><![CDATA[Startplatz, Startrichtung SO<br/>Gemeinde Attighausen, Höhe NN 1592m<br/><a href="https://service.dhv.de/db2/details.php?qi=glp_details&amp;popup=1&amp;item=1568" target="_blank">Details anzeigen</a>]]></description>
					<styleUrl>#dhv_startplatz</styleUrl>
					<Point>
						<coordinates>8.601186,46.843494</coordinates>
					</Point>
				</Placemark>
				<Placemark>
					<name>Brüsti Startplatz 1</name>
					<description><![CDATA[Startplatz, Startrichtung NO<br/>Gemeinde Attighausen, Höhe NN 1540m<br/><a href="https://service.dhv.de/db2/details.php?qi=glp_details&amp;popup=1&amp;item=1568" target="_blank">Details anzeigen</a>]]></description>
					<styleUrl>#dhv_startplatz</styleUrl>
					<Point>
						<coordinates>8.606158,46.843833</coordinates>
					</Point>
				</Placemark>
				<Placemark>
					<name>Brüsti Landeplatz</name>
					<description><![CDATA[Landeplatz<br/>Gemeinde Attighausen, Höhe NN 502m<br/><a href="https://service.dhv.de/db2/details.php?qi=glp_details&amp;popup=1&amp;item=1568" target="_blank">Details anzeigen</a>]]></description>
					<styleUrl>#dhv_landeplatz</styleUrl>
					<Point>
						<coordinates>8.629831,46.858789</coordinates>
					</Point>
				</Placemark>
			</Folder>
			<Folder>
				<name>Eggbergen</name>
				<description><![CDATA[Hanggelände für Gleitschirme und Hängegleiter<br/>Max. Höhendifferenz 1159m.<br/><a href="https://service.dhv.de/db2/details.php?qi=glp_details&amp;popup=1&amp;item=1282">Details anzeigen</a>]]></description>
				<styleUrl>#dhv_gelaende</styleUrl>
				<open>0</open>
				<Placemark>
					<name>Eggbergen Startplatz 1</name>
					<description><![CDATA[Startplatz, Startrichtung NW<br/>Gemeinde Flüelen, Höhe NN 1592m<br/><a href="https://service.dhv.de/db2/details.php?qi=glp_details&amp;popup=1&amp;item=1282" target="_blank">Details anzeigen</a>]]></description>
					<styleUrl>#dhv_startplatz</styleUrl>
					<Point>
						<coordinates>8.651750,46.903667</coordinates>
					</Point>
				</Placemark>
				<Placemark>
					<name>Eggbergen Startplatz 2</name>
					<description><![CDATA[Startplatz, Startrichtung W-NW<br/>Gemeinde Flüelen, Höhe NN 1428m<br/><a href="https://service.dhv.de/db2/details.php?qi=glp_details&amp;popup=1&amp;item=1282" target="_blank">Details anzeigen</a>]]></description>
					<styleUrl>#dhv_startplatz</styleUrl>
					<Point>
						<coordinates>8.643742,46.904236</coordinates>
					</Point>
				</Placemark>
				<Placemark>
					<name>Eggbergen Landeplatz 2</name>
					<description><![CDATA[Landeplatz<br/>Gemeinde Flüelen, Höhe NN 433m<br/><a href="https://service.dhv.de/db2/details.php?qi=glp_details&amp;popup=1&amp;item=1282" target="_blank">Details anzeigen</a>]]></description>
					<styleUrl>#dhv_landeplatz</styleUrl>
					<Point>
						<coordinates>8.617916,46.895950</coordinates>
					</Point>
				</Placemark>
			</Folder>
			<Folder>
				<name>Fisetenpass</name>
				<description><![CDATA[Hanggelände für Gleitschirme<br/>Max. Höhendifferenz 701m.<br/><a href="https://service.dhv.de/db2/details.php?qi=glp_details&amp;popup=1&amp;item=5209">Details anzeigen</a>]]></description>
				<styleUrl>#dhv_gelaende</styleUrl>
				<open>0</open>
				<Placemark>
					<name>Fisetenpass Startplatz</name>
					<description><![CDATA[Startplatz, Startrichtung NW<br/>Gemeinde Spiringen, Höhe NN 2051m<br/><a href="https://service.dhv.de/db2/details.php?qi=glp_details&amp;popup=1&amp;item=5209" target="_blank">Details anzeigen</a>]]></description>
					<styleUrl>#dhv_startplatz</styleUrl>
					<Point>
						<coordinates>8.934914,46.885750</coordinates>
					</Point>
				</Placemark>
				<Placemark>
					<name>Fisetenpass Landeplatz</name>
					<description><![CDATA[Landeplatz<br/>Gemeinde Spiringen, Höhe NN 1350m<br/><a href="https://service.dhv.de/db2/details.php?qi=glp_details&amp;popup=1&amp;item=5209" target="_blank">Details anzeigen</a>]]></description>
					<styleUrl>#dhv_landeplatz</styleUrl>
					<Point>
						<coordinates>8.905442,46.891072</coordinates>
					</Point>
				</Placemark>
			</Folder>
			<Folder>
				<name>Gemsstock</name>
				<description><![CDATA[Hanggelände für Gleitschirme<br/>Max. Höhendifferenz 1419m.<br/><a href="https://service.dhv.de/db2/details.php?qi=glp_details&amp;popup=1&amp;item=1702">Details anzeigen</a>]]></description>
				<styleUrl>#dhv_gelaende</styleUrl>
				<open>0</open>
				<Placemark>
					<name>Gemsstock Startplatz</name>
					<description><![CDATA[Startplatz, Startrichtung N-NO<br/>Gemeinde Andermatt, Höhe NN 2853m<br/><a href="https://service.dhv.de/db2/details.php?qi=glp_details&amp;popup=1&amp;item=1702" target="_blank">Details anzeigen</a>]]></description>
					<styleUrl>#dhv_startplatz</styleUrl>
					<Point>
						<coordinates>8.611958,46.604253</coordinates>
					</Point>
				</Placemark>
				<Placemark>
					<name>Gemsstock Landeplatz</name>
					<description><![CDATA[Landeplatz<br/>Gemeinde Andermatt, Höhe NN 1434m<br/><a href="https://service.dhv.de/db2/details.php?qi=glp_details&amp;popup=1&amp;item=1702" target="_blank">Details anzeigen</a>]]></description>
					<styleUrl>#dhv_landeplatz</styleUrl>
					<Point>
						<coordinates>8.591695,46.631595</coordinates>
					</Point>
				</Placemark>
			</Folder>
			<Folder>
				<name>Gitschenberg</name>
				<description><![CDATA[Hanggelände für Gleitschirme<br/>Max. Höhendifferenz 931m.<br/><a href="https://service.dhv.de/db2/details.php?qi=glp_details&amp;popup=1&amp;item=1564">Details anzeigen</a>]]></description>
				<styleUrl>#dhv_gelaende</styleUrl>
				<open>0</open>
				<Placemark>
					<name>Gitschenberg Startplatz</name>
					<description><![CDATA[Startplatz, Startrichtung NO<br/>Gemeinde Seedorf, Höhe NN 1364m<br/><a href="https://service.dhv.de/db2/details.php?qi=glp_details&amp;popup=1&amp;item=1564" target="_blank">Details anzeigen</a>]]></description>
					<styleUrl>#dhv_startplatz</styleUrl>
					<Point>
						<coordinates>8.590400,46.877353</coordinates>
					</Point>
				</Placemark>
				<Placemark>
					<name>Gitschenberg Landeplatz</name>
					<description><![CDATA[Landeplatz<br/>Gemeinde Seedorf, Höhe NN 444m<br/><a href="https://service.dhv.de/db2/details.php?qi=glp_details&amp;popup=1&amp;item=1564" target="_blank">Details anzeigen</a>]]></description>
					<styleUrl>#dhv_landeplatz</styleUrl>
					<Point>
						<coordinates>8.606117,46.884278</coordinates>
					</Point>
				</Placemark>
			</Folder>
			<Folder>
				<name>Gitschenen</name>
				<description><![CDATA[Hanggelände für Gleitschirme<br/>Max. Höhendifferenz 602m.<br/><a href="https://service.dhv.de/db2/details.php?qi=glp_details&amp;popup=1&amp;item=2475">Details anzeigen</a>]]></description>
				<styleUrl>#dhv_gelaende</styleUrl>
				<open>0</open>
				<Placemark>
					<name>Gitschenen Startplatz</name>
					<description><![CDATA[Startplatz, Startrichtung SO<br/>Gemeinde Isenthal - St. Jakob, Höhe NN 1580m<br/><a href="https://service.dhv.de/db2/details.php?qi=glp_details&amp;popup=1&amp;item=2475" target="_blank">Details anzeigen</a>]]></description>
					<styleUrl>#dhv_startplatz</styleUrl>
					<Point>
						<coordinates>8.504533,46.902444</coordinates>
					</Point>
				</Placemark>
				<Placemark>
					<name>Gitschenen Landeplatz</name>
					<description><![CDATA[Landeplatz<br/>Gemeinde Isenthal - St. Jakob, Höhe NN 978m<br/><a href="https://service.dhv.de/db2/details.php?qi=glp_details&amp;popup=1&amp;item=2475" target="_blank">Details anzeigen</a>]]></description>
					<styleUrl>#dhv_landeplatz</styleUrl>
					<Point>
						<coordinates>8.523242,46.901806</coordinates>
					</Point>
				</Placemark>
			</Folder>
			<Folder>
				<name>Göschnenalpsee</name>
				<description><![CDATA[Hanggelände für Gleitschirme<br/>Max. Höhendifferenz 94m.<br/><a href="https://service.dhv.de/db2/details.php?qi=glp_details&amp;popup=1&amp;item=1916">Details anzeigen</a>]]></description>
				<styleUrl>#dhv_gelaende</styleUrl>
				<open>0</open>
				<Placemark>
					<name>Göschenenalpsee Startplatz</name>
					<description><![CDATA[Startplatz, Startrichtung O<br/>Gemeinde Göschenen, Höhe NN 1795m<br/><a href="https://service.dhv.de/db2/details.php?qi=glp_details&amp;popup=1&amp;item=1916" target="_blank">Details anzeigen</a>]]></description>
					<styleUrl>#dhv_startplatz</styleUrl>
					<Point>
						<coordinates>8.498050,46.647389</coordinates>
					</Point>
				</Placemark>
				<Placemark>
					<name>Göschenenalpsee Landeplatz</name>
					<description><![CDATA[Landeplatz<br/>Gemeinde Göschenen, Höhe NN 1701m<br/><a href="https://service.dhv.de/db2/details.php?qi=glp_details&amp;popup=1&amp;item=1916" target="_blank">Details anzeigen</a>]]></description>
					<styleUrl>#dhv_landeplatz</styleUrl>
					<Point>
						<coordinates>8.499702,46.646298</coordinates>
					</Point>
				</Placemark>
			</Folder>
			<Folder>
				<name>Gurschenalp</name>
				<description><![CDATA[Hanggelände für Gleitschirme<br/>Max. Höhendifferenz 844m.<br/><a href="https://service.dhv.de/db2/details.php?qi=glp_details&amp;popup=1&amp;item=1712">Details anzeigen</a>]]></description>
				<styleUrl>#dhv_gelaende</styleUrl>
				<open>0</open>
				<Placemark>
					<name>Gurschenalp Startplatz</name>
					<description><![CDATA[Startplatz, Startrichtung NW-N<br/>Gemeinde Andermatt, Höhe NN 2278m<br/><a href="https://service.dhv.de/db2/details.php?qi=glp_details&amp;popup=1&amp;item=1712" target="_blank">Details anzeigen</a>]]></description>
					<styleUrl>#dhv_startplatz</styleUrl>
					<Point>
						<coordinates>8.596911,46.616992</coordinates>
					</Point>
				</Placemark>
				<Placemark>
					<name>Gemsstock Landeplatz</name>
					<description><![CDATA[Landeplatz<br/>Gemeinde Andermatt, Höhe NN 1434m<br/><a href="https://service.dhv.de/db2/details.php?qi=glp_details&amp;popup=1&amp;item=1712" target="_blank">Details anzeigen</a>]]></description>
					<styleUrl>#dhv_landeplatz</styleUrl>
					<Point>
						<coordinates>8.591695,46.631595</coordinates>
					</Point>
				</Placemark>
			</Folder>
			<Folder>
				<name>Gütsch</name>
				<description><![CDATA[Hanggelände für Gleitschirme<br/>Max. Höhendifferenz 652m.<br/><a href="https://service.dhv.de/db2/details.php?qi=glp_details&amp;popup=1&amp;item=1713">Details anzeigen</a>]]></description>
				<styleUrl>#dhv_gelaende</styleUrl>
				<open>0</open>
				<Placemark>
					<name>Gütsch Startplatz</name>
					<description><![CDATA[Startplatz, Startrichtung SW<br/>Gemeinde Andermatt, Höhe NN 2086m<br/><a href="https://service.dhv.de/db2/details.php?qi=glp_details&amp;popup=1&amp;item=1713" target="_blank">Details anzeigen</a>]]></description>
					<styleUrl>#dhv_startplatz</styleUrl>
					<Point>
						<coordinates>8.610181,46.648069</coordinates>
					</Point>
				</Placemark>
				<Placemark>
					<name>Gemsstock Landeplatz</name>
					<description><![CDATA[Landeplatz<br/>Gemeinde Andermatt, Höhe NN 1434m<br/><a href="https://service.dhv.de/db2/details.php?qi=glp_details&amp;popup=1&amp;item=1713" target="_blank">Details anzeigen</a>]]></description>
					<styleUrl>#dhv_landeplatz</styleUrl>
					<Point>
						<coordinates>8.591695,46.631595</coordinates>
					</Point>
				</Placemark>
			</Folder>
			<Folder>
				<name>Haldi</name>
				<description><![CDATA[Hanggelände für Gleitschirme<br/>Max. Höhendifferenz 680m.<br/><a href="https://service.dhv.de/db2/details.php?qi=glp_details&amp;popup=1&amp;item=1296">Details anzeigen</a>]]></description>
				<styleUrl>#dhv_gelaende</styleUrl>
				<open>0</open>
				<Placemark>
					<name>Haldi Startplatz</name>
					<description><![CDATA[Startplatz, Startrichtung SW<br/>Gemeinde Schattdorf, Höhe NN 1152m<br/><a href="https://service.dhv.de/db2/details.php?qi=glp_details&amp;popup=1&amp;item=1296" target="_blank">Details anzeigen</a>]]></description>
					<styleUrl>#dhv_startplatz</styleUrl>
					<Point>
						<coordinates>8.676525,46.861447</coordinates>
					</Point>
				</Placemark>
				<Placemark>
					<name>Haldi Landeplatz</name>
					<description><![CDATA[Landeplatz<br/>Gemeinde Schattdorf, Höhe NN 472m<br/><a href="https://service.dhv.de/db2/details.php?qi=glp_details&amp;popup=1&amp;item=1296" target="_blank">Details anzeigen</a>]]></description>
					<styleUrl>#dhv_landeplatz</styleUrl>
					<Point>
						<coordinates>8.656003,46.866845</coordinates>
					</Point>
				</Placemark>
			</Folder>
			<Folder>
				<name>Mettenen</name>
				<description><![CDATA[Hanggelände für Gleitschirme<br/>Max. Höhendifferenz 808m.<br/><a href="https://service.dhv.de/db2/details.php?qi=glp_details&amp;popup=1&amp;item=2097">Details anzeigen</a>]]></description>
				<styleUrl>#dhv_gelaende</styleUrl>
				<open>0</open>
				<Placemark>
					<name>Mettenen Startplatz</name>
					<description><![CDATA[Startplatz, Startrichtung S<br/>Gemeinde Unterschächen, Höhe NN 1815m<br/><a href="https://service.dhv.de/db2/details.php?qi=glp_details&amp;popup=1&amp;item=2097" target="_blank">Details anzeigen</a>]]></description>
					<styleUrl>#dhv_startplatz</styleUrl>
					<Point>
						<coordinates>8.781386,46.880247</coordinates>
					</Point>
				</Placemark>
				<Placemark>
					<name>Mettenen Landeplatz</name>
					<description><![CDATA[Landeplatz<br/>Gemeinde Unterschächen, Höhe NN 1007m<br/><a href="https://service.dhv.de/db2/details.php?qi=glp_details&amp;popup=1&amp;item=2097" target="_blank">Details anzeigen</a>]]></description>
					<styleUrl>#dhv_landeplatz</styleUrl>
					<Point>
						<coordinates>8.773881,46.863481</coordinates>
					</Point>
				</Placemark>
			</Folder>
			<Folder>
				<name>Nätschen</name>
				<description><![CDATA[Hanggelände für Gleitschirme<br/>Max. Höhendifferenz 435m.<br/><a href="https://service.dhv.de/db2/details.php?qi=glp_details&amp;popup=1&amp;item=1745">Details anzeigen</a>]]></description>
				<styleUrl>#dhv_gelaende</styleUrl>
				<open>0</open>
				<Placemark>
					<name>Nätschen Startplatz</name>
					<description><![CDATA[Startplatz, Startrichtung SW<br/>Gemeinde Andermatt, Höhe NN 1869m<br/><a href="https://service.dhv.de/db2/details.php?qi=glp_details&amp;popup=1&amp;item=1745" target="_blank">Details anzeigen</a>]]></description>
					<styleUrl>#dhv_startplatz</styleUrl>
					<Point>
						<coordinates>8.607500,46.644397</coordinates>
					</Point>
				</Placemark>
				<Placemark>
					<name>Gemsstock Landeplatz</name>
					<description><![CDATA[Landeplatz<br/>Gemeinde Andermatt, Höhe NN 1434m<br/><a href="https://service.dhv.de/db2/details.php?qi=glp_details&amp;popup=1&amp;item=1745" target="_blank">Details anzeigen</a>]]></description>
					<styleUrl>#dhv_landeplatz</styleUrl>
					<Point>
						<coordinates>8.591695,46.631595</coordinates>
					</Point>
				</Placemark>
			</Folder>
			<Folder>
				<name>Ratzi</name>
				<description><![CDATA[Hanggelände für Gleitschirme<br/>Max. Höhendifferenz 636m.<br/><a href="https://service.dhv.de/db2/details.php?qi=glp_details&amp;popup=1&amp;item=1570">Details anzeigen</a>]]></description>
				<styleUrl>#dhv_gelaende</styleUrl>
				<open>0</open>
				<Placemark>
					<name>Ratzi Startplatz</name>
					<description><![CDATA[Startplatz, Startrichtung S-W<br/>Gemeinde Spiringen, Höhe NN 1606m<br/><a href="https://service.dhv.de/db2/details.php?qi=glp_details&amp;popup=1&amp;item=1570" target="_blank">Details anzeigen</a>]]></description>
					<styleUrl>#dhv_startplatz</styleUrl>
					<Point>
						<coordinates>8.728911,46.888392</coordinates>
					</Point>
				</Placemark>
				<Placemark>
					<name>Ratzi Landeplatz</name>
					<description><![CDATA[Landeplatz<br/>Gemeinde Spiringen, Höhe NN 970m<br/><a href="https://service.dhv.de/db2/details.php?qi=glp_details&amp;popup=1&amp;item=1570" target="_blank">Details anzeigen</a>]]></description>
					<styleUrl>#dhv_landeplatz</styleUrl>
					<Point>
						<coordinates>8.726542,46.874133</coordinates>
					</Point>
				</Placemark>
			</Folder>
			<Folder>
				<name>Rophaien</name>
				<description><![CDATA[Hanggelände für Gleitschirme<br/>Max. Höhendifferenz 1630m.<br/><a href="https://service.dhv.de/db2/details.php?qi=glp_details&amp;popup=1&amp;item=2101">Details anzeigen</a>]]></description>
				<styleUrl>#dhv_gelaende</styleUrl>
				<open>0</open>
				<Placemark>
					<name>Rophaien Startplatz</name>
					<description><![CDATA[Startplatz, Startrichtung N-O<br/>Gemeinde Flüelen, Höhe NN 2063m<br/><a href="https://service.dhv.de/db2/details.php?qi=glp_details&amp;popup=1&amp;item=2101" target="_blank">Details anzeigen</a>]]></description>
					<styleUrl>#dhv_startplatz</styleUrl>
					<Point>
						<coordinates>8.646597,46.928108</coordinates>
					</Point>
				</Placemark>
			</Folder>
			<Folder>
				<name>Ruogig</name>
				<description><![CDATA[Hanggelände für Gleitschirme<br/>Max. Höhendifferenz 1169m.<br/><a href="https://service.dhv.de/db2/details.php?qi=glp_details&amp;popup=1&amp;item=1569">Details anzeigen</a>]]></description>
				<styleUrl>#dhv_gelaende</styleUrl>
				<open>0</open>
				<Placemark>
					<name>Ruogig Startplatz</name>
					<description><![CDATA[Startplatz, Startrichtung SW<br/>Gemeinde Bürglen, Höhe NN 1859m<br/><a href="https://service.dhv.de/db2/details.php?qi=glp_details&amp;popup=1&amp;item=1569" target="_blank">Details anzeigen</a>]]></description>
					<styleUrl>#dhv_startplatz</styleUrl>
					<Point>
						<coordinates>8.690506,46.906036</coordinates>
					</Point>
				</Placemark>
				<Placemark>
					<name>Ruogig Landeplatz</name>
					<description><![CDATA[Landeplatz<br/>Gemeinde Bürglen, Höhe NN 690m<br/><a href="https://service.dhv.de/db2/details.php?qi=glp_details&amp;popup=1&amp;item=1569" target="_blank">Details anzeigen</a>]]></description>
					<styleUrl>#dhv_landeplatz</styleUrl>
					<Point>
						<coordinates>8.678341,46.874986</coordinates>
					</Point>
				</Placemark>
			</Folder>
			<Folder>
				<name>Schartihöreli</name>
				<description><![CDATA[Hanggelände für Gleitschirme<br/>Max. Höhendifferenz 1150m.<br/><a href="https://service.dhv.de/db2/details.php?qi=glp_details&amp;popup=1&amp;item=2476">Details anzeigen</a>]]></description>
				<styleUrl>#dhv_gelaende</styleUrl>
				<open>0</open>
				<Placemark>
					<name>Schartihöreli Startplatz 1</name>
					<description><![CDATA[Startplatz, Startrichtung NO-O<br/>Gemeinde Isenthal, Höhe NN 1583m<br/><a href="https://service.dhv.de/db2/details.php?qi=glp_details&amp;popup=1&amp;item=2476" target="_blank">Details anzeigen</a>]]></description>
					<styleUrl>#dhv_startplatz</styleUrl>
					<Point>
						<coordinates>8.568022,46.896339</coordinates>
					</Point>
				</Placemark>
				<Placemark>
					<name>Schartihöreli Startplatz 2</name>
					<description><![CDATA[Startplatz, Startrichtung O<br/>Gemeinde Isenthal, Höhe NN 1565m<br/><a href="https://service.dhv.de/db2/details.php?qi=glp_details&amp;popup=1&amp;item=2476" target="_blank">Details anzeigen</a>]]></description>
					<styleUrl>#dhv_startplatz</styleUrl>
					<Point>
						<coordinates>8.566661,46.891492</coordinates>
					</Point>
				</Placemark>
			</Folder>
			<Folder>
				<name>Schön Chulm</name>
				<description><![CDATA[Hanggelände für Gleitschirme<br/>Max. Höhendifferenz 1598m.<br/><a href="https://service.dhv.de/db2/details.php?qi=glp_details&amp;popup=1&amp;item=2102">Details anzeigen</a>]]></description>
				<styleUrl>#dhv_gelaende</styleUrl>
				<open>0</open>
				<Placemark>
					<name>Schön Chulm Startplatz</name>
					<description><![CDATA[Startplatz, Startrichtung SW<br/>Gemeinde Bürglen, Höhe NN 2031m<br/><a href="https://service.dhv.de/db2/details.php?qi=glp_details&amp;popup=1&amp;item=2102" target="_blank">Details anzeigen</a>]]></description>
					<styleUrl>#dhv_startplatz</styleUrl>
					<Point>
						<coordinates>8.672844,46.916961</coordinates>
					</Point>
				</Placemark>
				<Placemark>
					<name>Wängihorn Landeplatz</name>
					<description><![CDATA[Landeplatz<br/>Gemeinde Bürglen, Höhe NN 685m<br/><a href="https://service.dhv.de/db2/details.php?qi=glp_details&amp;popup=1&amp;item=2102" target="_blank">Details anzeigen</a>]]></description>
					<styleUrl>#dhv_landeplatz</styleUrl>
					<Point>
						<coordinates>8.678494,46.875347</coordinates>
					</Point>
				</Placemark>
			</Folder>
			<Folder>
				<name>Sittlisalp</name>
				<description><![CDATA[Hanggelände für Gleitschirme<br/>Max. Höhendifferenz 806m.<br/><a href="https://service.dhv.de/db2/details.php?qi=glp_details&amp;popup=1&amp;item=2100">Details anzeigen</a>]]></description>
				<styleUrl>#dhv_gelaende</styleUrl>
				<open>0</open>
				<Placemark>
					<name>Sittlisalp Startplatz</name>
					<description><![CDATA[Startplatz, Startrichtung N<br/>Gemeinde Unterschächen, Höhe NN 1813m<br/><a href="https://service.dhv.de/db2/details.php?qi=glp_details&amp;popup=1&amp;item=2100" target="_blank">Details anzeigen</a>]]></description>
					<styleUrl>#dhv_startplatz</styleUrl>
					<Point>
						<coordinates>8.756997,46.854728</coordinates>
					</Point>
				</Placemark>
				<Placemark>
					<name>Mettenen Landeplatz</name>
					<description><![CDATA[Landeplatz<br/>Gemeinde Unterschächen, Höhe NN 1007m<br/><a href="https://service.dhv.de/db2/details.php?qi=glp_details&amp;popup=1&amp;item=2100" target="_blank">Details anzeigen</a>]]></description>
					<styleUrl>#dhv_landeplatz</styleUrl>
					<Point>
						<coordinates>8.773881,46.863481</coordinates>
					</Point>
				</Placemark>
			</Folder>
			<Folder>
				<name>Tätsch</name>
				<description><![CDATA[Hanggelände für Gleitschirme<br/>Max. Höhendifferenz 745m.<br/><a href="https://service.dhv.de/db2/details.php?qi=glp_details&amp;popup=1&amp;item=1775">Details anzeigen</a>]]></description>
				<styleUrl>#dhv_gelaende</styleUrl>
				<open>0</open>
				<Placemark>
					<name>Tätsch Startplatz</name>
					<description><![CDATA[Startplatz, Startrichtung SO<br/>Gemeinde Realp, Höhe NN 2296m<br/><a href="https://service.dhv.de/db2/details.php?qi=glp_details&amp;popup=1&amp;item=1775" target="_blank">Details anzeigen</a>]]></description>
					<styleUrl>#dhv_startplatz</styleUrl>
					<Point>
						<coordinates>8.480269,46.599219</coordinates>
					</Point>
				</Placemark>
				<Placemark>
					<name>Tätsch Landeplatz</name>
					<description><![CDATA[Landeplatz<br/>Gemeinde Realp, Höhe NN 1551m<br/><a href="https://service.dhv.de/db2/details.php?qi=glp_details&amp;popup=1&amp;item=1775" target="_blank">Details anzeigen</a>]]></description>
					<styleUrl>#dhv_landeplatz</styleUrl>
					<Point>
						<coordinates>8.501103,46.596525</coordinates>
					</Point>
				</Placemark>
			</Folder>
			<Folder>
				<name>Wängihorn</name>
				<description><![CDATA[Hanggelände für Gleitschirme<br/>Max. Höhendifferenz 1238m.<br/><a href="https://service.dhv.de/db2/details.php?qi=glp_details&amp;popup=1&amp;item=2099">Details anzeigen</a>]]></description>
				<styleUrl>#dhv_gelaende</styleUrl>
				<open>0</open>
				<Placemark>
					<name>Wängihorn Startplatz</name>
					<description><![CDATA[Startplatz, Startrichtung SW-W<br/>Gemeinde Bürglen, Höhe NN 1923m<br/><a href="https://service.dhv.de/db2/details.php?qi=glp_details&amp;popup=1&amp;item=2099" target="_blank">Details anzeigen</a>]]></description>
					<styleUrl>#dhv_startplatz</styleUrl>
					<Point>
						<coordinates>8.713169,46.858406</coordinates>
					</Point>
				</Placemark>
				<Placemark>
					<name>Wängihorn Landeplatz</name>
					<description><![CDATA[Landeplatz<br/>Gemeinde Bürglen, Höhe NN 685m<br/><a href="https://service.dhv.de/db2/details.php?qi=glp_details&amp;popup=1&amp;item=2099" target="_blank">Details anzeigen</a>]]></description>
					<styleUrl>#dhv_landeplatz</styleUrl>
					<Point>
						<coordinates>8.678494,46.875347</coordinates>
					</Point>
				</Placemark>
			</Folder>
			<Folder>
				<name>Wannelen</name>
				<description><![CDATA[Hanggelände für Gleitschirme<br/>Max. Höhendifferenz 621m.<br/><a href="https://service.dhv.de/db2/details.php?qi=glp_details&amp;popup=1&amp;item=2098">Details anzeigen</a>]]></description>
				<styleUrl>#dhv_gelaende</styleUrl>
				<open>0</open>
				<Placemark>
					<name>Wannelen Startplatz</name>
					<description><![CDATA[Startplatz, Startrichtung N<br/>Gemeinde Unterschächen, Höhe NN 1628m<br/><a href="https://service.dhv.de/db2/details.php?qi=glp_details&amp;popup=1&amp;item=2098" target="_blank">Details anzeigen</a>]]></description>
					<styleUrl>#dhv_startplatz</styleUrl>
					<Point>
						<coordinates>8.788878,46.857061</coordinates>
					</Point>
				</Placemark>
				<Placemark>
					<name>Mettenen Landeplatz</name>
					<description><![CDATA[Landeplatz<br/>Gemeinde Unterschächen, Höhe NN 1007m<br/><a href="https://service.dhv.de/db2/details.php?qi=glp_details&amp;popup=1&amp;item=2098" target="_blank">Details anzeigen</a>]]></description>
					<styleUrl>#dhv_landeplatz</styleUrl>
					<Point>
						<coordinates>8.773881,46.863481</coordinates>
					</Point>
				</Placemark>
			</Folder>
		</Folder>
		<Folder>
			<name>Waadt</name>
			<open>0</open>
			<Folder>
				<name>Dent de Vaulion</name>
				<description><![CDATA[Hanggelände für Gleitschirme und Hängegleiter<br/><a href="https://service.dhv.de/db2/details.php?qi=glp_details&amp;popup=1&amp;item=2269">Details anzeigen</a>]]></description>
				<styleUrl>#dhv_gelaende</styleUrl>
				<open>0</open>
				<Placemark>
					<name>Dent de Vaulion Startplatz</name>
					<description><![CDATA[Startplatz, Startrichtung NW<br/>Gemeinde Vallorbe, Höhe NN 1480m<br/><a href="https://service.dhv.de/db2/details.php?qi=glp_details&amp;popup=1&amp;item=2269" target="_blank">Details anzeigen</a>]]></description>
					<styleUrl>#dhv_startplatz</styleUrl>
					<Point>
						<coordinates>6.350814,46.684164</coordinates>
					</Point>
				</Placemark>
			</Folder>
			<Folder>
				<name>En Curnaux</name>
				<description><![CDATA[Hanggelände für Gleitschirme und Hängegleiter<br/>Max. Höhendifferenz 702m.<br/><a href="https://service.dhv.de/db2/details.php?qi=glp_details&amp;popup=1&amp;item=5360">Details anzeigen</a>]]></description>
				<styleUrl>#dhv_gelaende</styleUrl>
				<open>0</open>
				<Placemark>
					<name>En Curnaux Startplatz</name>
					<description><![CDATA[Startplatz, Startrichtung SW<br/>Gemeinde Villars-sur-Ollon, Höhe NN 1123m<br/><a href="https://service.dhv.de/db2/details.php?qi=glp_details&amp;popup=1&amp;item=5360" target="_blank">Details anzeigen</a>]]></description>
					<styleUrl>#dhv_startplatz</styleUrl>
					<Point>
						<coordinates>7.023003,46.296422</coordinates>
					</Point>
				</Placemark>
				<Placemark>
					<name>Roc Orsay Landeplatz 2</name>
					<description><![CDATA[Landeplatz<br/>Gemeinde Villars-sur-Ollon, Höhe NN 421m<br/><a href="https://service.dhv.de/db2/details.php?qi=glp_details&amp;popup=1&amp;item=5360" target="_blank">Details anzeigen</a>]]></description>
					<styleUrl>#dhv_landeplatz</styleUrl>
					<Point>
						<coordinates>6.994078,46.276889</coordinates>
					</Point>
				</Placemark>
			</Folder>
			<Folder>
				<name>Isenau</name>
				<description><![CDATA[Hanggelände für Gleitschirme<br/>Max. Höhendifferenz 936m.<br/><a href="https://service.dhv.de/db2/details.php?qi=glp_details&amp;popup=1&amp;item=5348">Details anzeigen</a>]]></description>
				<styleUrl>#dhv_gelaende</styleUrl>
				<open>0</open>
				<Placemark>
					<name>Isenau Startplatz</name>
					<description><![CDATA[Startplatz, Startrichtung S-SW<br/>Gemeinde Les Diablerets, Höhe NN 2100m<br/><a href="https://service.dhv.de/db2/details.php?qi=glp_details&amp;popup=1&amp;item=5348" target="_blank">Details anzeigen</a>]]></description>
					<styleUrl>#dhv_startplatz</styleUrl>
					<Point>
						<coordinates>7.194511,46.376519</coordinates>
					</Point>
				</Placemark>
				<Placemark>
					<name>Les Diablerets Landeplatz</name>
					<description><![CDATA[Landeplatz<br/>Gemeinde Les Diablerets, Höhe NN 1164m<br/><a href="https://service.dhv.de/db2/details.php?qi=glp_details&amp;popup=1&amp;item=5348" target="_blank">Details anzeigen</a>]]></description>
					<styleUrl>#dhv_landeplatz</styleUrl>
					<Point>
						<coordinates>7.154619,46.348038</coordinates>
					</Point>
				</Placemark>
			</Folder>
			<Folder>
				<name>Jaman</name>
				<description><![CDATA[Hanggelände für Gleitschirme und Hängegleiter<br/>Max. Höhendifferenz 1377m.<br/><a href="https://service.dhv.de/db2/details.php?qi=glp_details&amp;popup=1&amp;item=1766">Details anzeigen</a>]]></description>
				<styleUrl>#dhv_gelaende</styleUrl>
				<open>0</open>
				<Placemark>
					<name>Jaman Startplatz</name>
					<description><![CDATA[Startplatz, Startrichtung W-NW<br/>Gemeinde Villeneuve, Höhe NN 1751m<br/><a href="https://service.dhv.de/db2/details.php?qi=glp_details&amp;popup=1&amp;item=1766" target="_blank">Details anzeigen</a>]]></description>
					<styleUrl>#dhv_startplatz</styleUrl>
					<Point>
						<coordinates>6.976203,46.441711</coordinates>
					</Point>
				</Placemark>
				<Placemark>
					<name>Rochers de Naye Landeplatz 2</name>
					<description><![CDATA[Landeplatz<br/>Gemeinde Villeneuve, Höhe NN 375m<br/><a href="https://service.dhv.de/db2/details.php?qi=glp_details&amp;popup=1&amp;item=1766" target="_blank">Details anzeigen</a>]]></description>
					<styleUrl>#dhv_landeplatz</styleUrl>
					<Point>
						<coordinates>6.918536,46.394656</coordinates>
					</Point>
				</Placemark>
				<Placemark>
					<name>Rochers de Naye Landeplatz 1</name>
					<description><![CDATA[Landeplatz<br/>Gemeinde Villeneuve, Höhe NN 374m<br/><a href="https://service.dhv.de/db2/details.php?qi=glp_details&amp;popup=1&amp;item=1766" target="_blank">Details anzeigen</a>]]></description>
					<styleUrl>#dhv_landeplatz</styleUrl>
					<Point>
						<coordinates>6.923389,46.387264</coordinates>
					</Point>
				</Placemark>
			</Folder>
			<Folder>
				<name>La Barilette</name>
				<description><![CDATA[Hanggelände für Gleitschirme und Hängegleiter<br/>Max. Höhendifferenz 875m.<br/><a href="https://service.dhv.de/db2/details.php?qi=glp_details&amp;popup=1&amp;item=5345">Details anzeigen</a>]]></description>
				<styleUrl>#dhv_gelaende</styleUrl>
				<open>0</open>
				<Placemark>
					<name>La Barilette Startplatz</name>
					<description><![CDATA[Startplatz, Startrichtung SO<br/>Gemeinde La Rippe, Höhe NN 1420m<br/><a href="https://service.dhv.de/db2/details.php?qi=glp_details&amp;popup=1&amp;item=5345" target="_blank">Details anzeigen</a>]]></description>
					<styleUrl>#dhv_startplatz</styleUrl>
					<Point>
						<coordinates>6.132131,46.429475</coordinates>
					</Point>
				</Placemark>
				<Placemark>
					<name>La Barilette Landeplatz</name>
					<description><![CDATA[Landeplatz<br/>Gemeinde La Rippe, Höhe NN 545m<br/><a href="https://service.dhv.de/db2/details.php?qi=glp_details&amp;popup=1&amp;item=5345" target="_blank">Details anzeigen</a>]]></description>
					<styleUrl>#dhv_landeplatz</styleUrl>
					<Point>
						<coordinates>6.149403,46.393308</coordinates>
					</Point>
				</Placemark>
			</Folder>
			<Folder>
				<name>La Berneuse</name>
				<description><![CDATA[Hanggelände für Gleitschirme<br/>Max. Höhendifferenz 754m.<br/><a href="https://service.dhv.de/db2/details.php?qi=glp_details&amp;popup=1&amp;item=1626">Details anzeigen</a>]]></description>
				<styleUrl>#dhv_gelaende</styleUrl>
				<open>0</open>
				<Placemark>
					<name>La Berneuse Startplatz</name>
					<description><![CDATA[Startplatz, Startrichtung O, S, W<br/>Gemeinde Leysin, Höhe NN 2036m<br/><a href="https://service.dhv.de/db2/details.php?qi=glp_details&amp;popup=1&amp;item=1626" target="_blank">Details anzeigen</a>]]></description>
					<styleUrl>#dhv_startplatz</styleUrl>
					<Point>
						<coordinates>7.002464,46.359203</coordinates>
					</Point>
				</Placemark>
				<Placemark>
					<name>La Berneuse Landeplatz</name>
					<description><![CDATA[Landeplatz<br/>Gemeinde Leysin, Höhe NN 1282m<br/><a href="https://service.dhv.de/db2/details.php?qi=glp_details&amp;popup=1&amp;item=1626" target="_blank">Details anzeigen</a>]]></description>
					<styleUrl>#dhv_landeplatz</styleUrl>
					<Point>
						<coordinates>7.022436,46.349075</coordinates>
					</Point>
				</Placemark>
			</Folder>
			<Folder>
				<name>La Cotelette</name>
				<description><![CDATA[Hanggelände für Gleitschirme und Hängegleiter<br/>Max. Höhendifferenz 651m.<br/><a href="https://service.dhv.de/db2/details.php?qi=glp_details&amp;popup=1&amp;item=1723">Details anzeigen</a>]]></description>
				<styleUrl>#dhv_gelaende</styleUrl>
				<open>0</open>
				<Placemark>
					<name>La Cotelette Startplatz</name>
					<description><![CDATA[Startplatz, Startrichtung SO<br/>Gemeinde Baulmes, Höhe NN 1266m<br/><a href="https://service.dhv.de/db2/details.php?qi=glp_details&amp;popup=1&amp;item=1723" target="_blank">Details anzeigen</a>]]></description>
					<styleUrl>#dhv_startplatz</styleUrl>
					<Point>
						<coordinates>6.485844,46.779778</coordinates>
					</Point>
				</Placemark>
				<Placemark>
					<name>La Cotelette Landeplatz</name>
					<description><![CDATA[Landeplatz<br/>Gemeinde Baulmes, Höhe NN 615m<br/><a href="https://service.dhv.de/db2/details.php?qi=glp_details&amp;popup=1&amp;item=1723" target="_blank">Details anzeigen</a>]]></description>
					<styleUrl>#dhv_landeplatz</styleUrl>
					<Point>
						<coordinates>6.511514,46.777489</coordinates>
					</Point>
				</Placemark>
			</Folder>
			<Folder>
				<name>La Dole</name>
				<description><![CDATA[Hanggelände für Gleitschirme und Hängegleiter<br/>Max. Höhendifferenz 1114m.<br/><a href="https://service.dhv.de/db2/details.php?qi=glp_details&amp;popup=1&amp;item=5346">Details anzeigen</a>]]></description>
				<styleUrl>#dhv_gelaende</styleUrl>
				<open>0</open>
				<Placemark>
					<name>La Dole Startplatz</name>
					<description><![CDATA[Startplatz, Startrichtung O-SO, NW<br/>Gemeinde Gingins, Höhe NN 1659m<br/><a href="https://service.dhv.de/db2/details.php?qi=glp_details&amp;popup=1&amp;item=5346" target="_blank">Details anzeigen</a>]]></description>
					<styleUrl>#dhv_startplatz</styleUrl>
					<Point>
						<coordinates>6.101594,46.427408</coordinates>
					</Point>
				</Placemark>
				<Placemark>
					<name>La Dole Landeplatz 2</name>
					<description><![CDATA[Landeplatz<br/>Gemeinde Gingins, Höhe NN 1288m<br/><a href="https://service.dhv.de/db2/details.php?qi=glp_details&amp;popup=1&amp;item=5346" target="_blank">Details anzeigen</a>]]></description>
					<styleUrl>#dhv_landeplatz</styleUrl>
					<Point>
						<coordinates>6.093761,46.441714</coordinates>
					</Point>
				</Placemark>
				<Placemark>
					<name>La Dole Landeplatz 1</name>
					<description><![CDATA[Landeplatz<br/>Gemeinde Gingins, Höhe NN 1234m<br/><a href="https://service.dhv.de/db2/details.php?qi=glp_details&amp;popup=1&amp;item=5346" target="_blank">Details anzeigen</a>]]></description>
					<styleUrl>#dhv_landeplatz</styleUrl>
					<Point>
						<coordinates>6.082300,46.439183</coordinates>
					</Point>
				</Placemark>
				<Placemark>
					<name>La Barilette Landeplatz</name>
					<description><![CDATA[Landeplatz<br/>Gemeinde La Rippe, Höhe NN 545m<br/><a href="https://service.dhv.de/db2/details.php?qi=glp_details&amp;popup=1&amp;item=5346" target="_blank">Details anzeigen</a>]]></description>
					<styleUrl>#dhv_landeplatz</styleUrl>
					<Point>
						<coordinates>6.149403,46.393308</coordinates>
					</Point>
				</Placemark>
			</Folder>
			<Folder>
				<name>La Montagnette</name>
				<description><![CDATA[Hanggelände für Gleitschirme<br/>Max. Höhendifferenz 734m.<br/><a href="https://service.dhv.de/db2/details.php?qi=glp_details&amp;popup=1&amp;item=2053">Details anzeigen</a>]]></description>
				<styleUrl>#dhv_gelaende</styleUrl>
				<open>0</open>
				<Placemark>
					<name>La Montagnette Startplatz</name>
					<description><![CDATA[Startplatz, Startrichtung N<br/>Gemeinde Chateau-d&#039;Oex, Höhe NN 1666m<br/><a href="https://service.dhv.de/db2/details.php?qi=glp_details&amp;popup=1&amp;item=2053" target="_blank">Details anzeigen</a>]]></description>
					<styleUrl>#dhv_startplatz</styleUrl>
					<Point>
						<coordinates>7.147108,46.446997</coordinates>
					</Point>
				</Placemark>
				<Placemark>
					<name>La Montagnette Landeplatz</name>
					<description><![CDATA[Landeplatz<br/>Gemeinde Chateau-d&#039;Oex, Höhe NN 932m<br/><a href="https://service.dhv.de/db2/details.php?qi=glp_details&amp;popup=1&amp;item=2053" target="_blank">Details anzeigen</a>]]></description>
					<styleUrl>#dhv_landeplatz</styleUrl>
					<Point>
						<coordinates>7.129061,46.469422</coordinates>
					</Point>
				</Placemark>
			</Folder>
			<Folder>
				<name>La Truche</name>
				<description><![CDATA[Hanggelände für Gleitschirme und Hängegleiter<br/>Max. Höhendifferenz 994m.<br/><a href="https://service.dhv.de/db2/details.php?qi=glp_details&amp;popup=1&amp;item=5361">Details anzeigen</a>]]></description>
				<styleUrl>#dhv_gelaende</styleUrl>
				<open>0</open>
				<Placemark>
					<name>La Truche Startplatz</name>
					<description><![CDATA[Startplatz, Startrichtung SW-W<br/>Gemeinde Villars-sur-Ollon, Höhe NN 1415m<br/><a href="https://service.dhv.de/db2/details.php?qi=glp_details&amp;popup=1&amp;item=5361" target="_blank">Details anzeigen</a>]]></description>
					<styleUrl>#dhv_startplatz</styleUrl>
					<Point>
						<coordinates>7.031289,46.306925</coordinates>
					</Point>
				</Placemark>
				<Placemark>
					<name>Roc Orsay Landeplatz 2</name>
					<description><![CDATA[Landeplatz<br/>Gemeinde Villars-sur-Ollon, Höhe NN 421m<br/><a href="https://service.dhv.de/db2/details.php?qi=glp_details&amp;popup=1&amp;item=5361" target="_blank">Details anzeigen</a>]]></description>
					<styleUrl>#dhv_landeplatz</styleUrl>
					<Point>
						<coordinates>6.994078,46.276889</coordinates>
					</Point>
				</Placemark>
			</Folder>
			<Folder>
				<name>Le Chamossaire</name>
				<description><![CDATA[Hanggelände für Gleitschirme<br/><a href="https://service.dhv.de/db2/details.php?qi=glp_details&amp;popup=1&amp;item=1730">Details anzeigen</a>]]></description>
				<styleUrl>#dhv_gelaende</styleUrl>
				<open>0</open>
				<Placemark>
					<name>Le Chamossaire Startplatz</name>
					<description><![CDATA[Startplatz, Startrichtung SO<br/>Gemeinde Villars Sur Ollon, Höhe NN 2062m<br/><a href="https://service.dhv.de/db2/details.php?qi=glp_details&amp;popup=1&amp;item=1730" target="_blank">Details anzeigen</a>]]></description>
					<styleUrl>#dhv_startplatz</styleUrl>
					<Point>
						<coordinates>7.062325,46.325742</coordinates>
					</Point>
				</Placemark>
			</Folder>
			<Folder>
				<name>Le Suchet</name>
				<description><![CDATA[Hanggelände für Gleitschirme und Hängegleiter<br/>Max. Höhendifferenz 968m.<br/><a href="https://service.dhv.de/db2/details.php?qi=glp_details&amp;popup=1&amp;item=1732">Details anzeigen</a>]]></description>
				<styleUrl>#dhv_gelaende</styleUrl>
				<open>0</open>
				<Placemark>
					<name>Le Suchet Startplatz</name>
					<description><![CDATA[Startplatz, Startrichtung NNO-N<br/>Gemeinde Baulmes, Höhe NN 1583m<br/><a href="https://service.dhv.de/db2/details.php?qi=glp_details&amp;popup=1&amp;item=1732" target="_blank">Details anzeigen</a>]]></description>
					<styleUrl>#dhv_startplatz</styleUrl>
					<Point>
						<coordinates>6.466464,46.772358</coordinates>
					</Point>
				</Placemark>
				<Placemark>
					<name>La Cotelette Landeplatz</name>
					<description><![CDATA[Landeplatz<br/>Gemeinde Baulmes, Höhe NN 615m<br/><a href="https://service.dhv.de/db2/details.php?qi=glp_details&amp;popup=1&amp;item=1732" target="_blank">Details anzeigen</a>]]></description>
					<styleUrl>#dhv_landeplatz</styleUrl>
					<Point>
						<coordinates>6.511514,46.777489</coordinates>
					</Point>
				</Placemark>
			</Folder>
			<Folder>
				<name>Les Diablerets</name>
				<description><![CDATA[Hanggelände für Gleitschirme<br/>Max. Höhendifferenz 1708m.<br/><a href="https://service.dhv.de/db2/details.php?qi=glp_details&amp;popup=1&amp;item=1733">Details anzeigen</a>]]></description>
				<styleUrl>#dhv_gelaende</styleUrl>
				<open>0</open>
				<Placemark>
					<name>Les Diablerets Startplatz</name>
					<description><![CDATA[Startplatz, Startrichtung NO-O<br/>Gemeinde Les Diablerets, Höhe NN 2872m<br/><a href="https://service.dhv.de/db2/details.php?qi=glp_details&amp;popup=1&amp;item=1733" target="_blank">Details anzeigen</a>]]></description>
					<styleUrl>#dhv_startplatz</styleUrl>
					<Point>
						<coordinates>7.207278,46.325021</coordinates>
					</Point>
				</Placemark>
				<Placemark>
					<name>Les Diablerets Landeplatz</name>
					<description><![CDATA[Landeplatz<br/>Gemeinde Les Diablerets, Höhe NN 1164m<br/><a href="https://service.dhv.de/db2/details.php?qi=glp_details&amp;popup=1&amp;item=1733" target="_blank">Details anzeigen</a>]]></description>
					<styleUrl>#dhv_landeplatz</styleUrl>
					<Point>
						<coordinates>7.154619,46.348038</coordinates>
					</Point>
				</Placemark>
			</Folder>
			<Folder>
				<name>Les Pleiades</name>
				<description><![CDATA[Hanggelände für Gleitschirme und Hängegleiter<br/>Max. Höhendifferenz 908m.<br/><a href="https://service.dhv.de/db2/details.php?qi=glp_details&amp;popup=1&amp;item=1727">Details anzeigen</a>]]></description>
				<styleUrl>#dhv_gelaende</styleUrl>
				<open>0</open>
				<Placemark>
					<name>Les Pleiades Startplatz 1</name>
					<description><![CDATA[Startplatz, Startrichtung SW-NW<br/>Gemeinde Blonay, Höhe NN 1358m<br/><a href="https://service.dhv.de/db2/details.php?qi=glp_details&amp;popup=1&amp;item=1727" target="_blank">Details anzeigen</a>]]></description>
					<styleUrl>#dhv_startplatz</styleUrl>
					<Point>
						<coordinates>6.907225,46.483132</coordinates>
					</Point>
				</Placemark>
				<Placemark>
					<name>Les Pleiades Startplatz 2</name>
					<description><![CDATA[Startplatz, Startrichtung S<br/>Gemeinde Blonay, Höhe NN 1268m<br/><a href="https://service.dhv.de/db2/details.php?qi=glp_details&amp;popup=1&amp;item=1727" target="_blank">Details anzeigen</a>]]></description>
					<styleUrl>#dhv_startplatz</styleUrl>
					<Point>
						<coordinates>6.910639,46.478825</coordinates>
					</Point>
				</Placemark>
				<Placemark>
					<name>Les Pleiades Landeplatz 2</name>
					<description><![CDATA[Landeplatz<br/>Gemeinde Blonay, Höhe NN 615m<br/><a href="https://service.dhv.de/db2/details.php?qi=glp_details&amp;popup=1&amp;item=1727" target="_blank">Details anzeigen</a>]]></description>
					<styleUrl>#dhv_landeplatz</styleUrl>
					<Point>
						<coordinates>6.892786,46.467353</coordinates>
					</Point>
				</Placemark>
				<Placemark>
					<name>Les Pleiades Landeplatz 1</name>
					<description><![CDATA[Landeplatz<br/>Gemeinde Blonay, Höhe NN 450m<br/><a href="https://service.dhv.de/db2/details.php?qi=glp_details&amp;popup=1&amp;item=1727" target="_blank">Details anzeigen</a>]]></description>
					<styleUrl>#dhv_landeplatz</styleUrl>
					<Point>
						<coordinates>6.885606,46.455447</coordinates>
					</Point>
				</Placemark>
			</Folder>
			<Folder>
				<name>Les Rodoments</name>
				<description><![CDATA[Hanggelände für Gleitschirme<br/>Max. Höhendifferenz 806m.<br/><a href="https://service.dhv.de/db2/details.php?qi=glp_details&amp;popup=1&amp;item=1734">Details anzeigen</a>]]></description>
				<styleUrl>#dhv_gelaende</styleUrl>
				<open>0</open>
				<Placemark>
					<name>Les Rodoments Startplatz</name>
					<description><![CDATA[Startplatz, Startrichtung SW<br/>Gemeinde Rougemont, Höhe NN 1792m<br/><a href="https://service.dhv.de/db2/details.php?qi=glp_details&amp;popup=1&amp;item=1734" target="_blank">Details anzeigen</a>]]></description>
					<styleUrl>#dhv_startplatz</styleUrl>
					<Point>
						<coordinates>7.221494,46.505656</coordinates>
					</Point>
				</Placemark>
				<Placemark>
					<name>Les Rodoments Landeplatz</name>
					<description><![CDATA[Landeplatz<br/>Gemeinde Rougemont, Höhe NN 986m<br/><a href="https://service.dhv.de/db2/details.php?qi=glp_details&amp;popup=1&amp;item=1734" target="_blank">Details anzeigen</a>]]></description>
					<styleUrl>#dhv_landeplatz</styleUrl>
					<Point>
						<coordinates>7.208789,46.487289</coordinates>
					</Point>
				</Placemark>
			</Folder>
			<Folder>
				<name>Marnex</name>
				<description><![CDATA[Hanggelände für Gleitschirme<br/>Max. Höhendifferenz 574m.<br/><a href="https://service.dhv.de/db2/details.php?qi=glp_details&amp;popup=1&amp;item=5349">Details anzeigen</a>]]></description>
				<styleUrl>#dhv_gelaende</styleUrl>
				<open>0</open>
				<Placemark>
					<name>Marnex Startplatz</name>
					<description><![CDATA[Startplatz, Startrichtung SW<br/>Gemeinde Les Diablerets, Höhe NN 1738m<br/><a href="https://service.dhv.de/db2/details.php?qi=glp_details&amp;popup=1&amp;item=5349" target="_blank">Details anzeigen</a>]]></description>
					<styleUrl>#dhv_startplatz</styleUrl>
					<Point>
						<coordinates>7.154353,46.367875</coordinates>
					</Point>
				</Placemark>
				<Placemark>
					<name>Les Diablerets Landeplatz</name>
					<description><![CDATA[Landeplatz<br/>Gemeinde Les Diablerets, Höhe NN 1164m<br/><a href="https://service.dhv.de/db2/details.php?qi=glp_details&amp;popup=1&amp;item=5349" target="_blank">Details anzeigen</a>]]></description>
					<styleUrl>#dhv_landeplatz</styleUrl>
					<Point>
						<coordinates>7.154619,46.348038</coordinates>
					</Point>
				</Placemark>
			</Folder>
			<Folder>
				<name>Mauborget</name>
				<description><![CDATA[Hanggelände für Gleitschirme und Hängegleiter<br/>Max. Höhendifferenz 619m.<br/><a href="https://service.dhv.de/db2/details.php?qi=glp_details&amp;popup=1&amp;item=2103">Details anzeigen</a>]]></description>
				<styleUrl>#dhv_gelaende</styleUrl>
				<open>0</open>
				<Placemark>
					<name>Mauborget Startplatz</name>
					<description><![CDATA[Startplatz, Startrichtung SO-S<br/>Gemeinde Fontaines-sur-Grandson, Höhe NN 1176m<br/><a href="https://service.dhv.de/db2/details.php?qi=glp_details&amp;popup=1&amp;item=2103" target="_blank">Details anzeigen</a>]]></description>
					<styleUrl>#dhv_startplatz</styleUrl>
					<Point>
						<coordinates>6.612021,46.854019</coordinates>
					</Point>
				</Placemark>
				<Placemark>
					<name>Mauborget Landeplatz</name>
					<description><![CDATA[Landeplatz<br/>Gemeinde Fontaines-sur-Grandson, Höhe NN 557m<br/><a href="https://service.dhv.de/db2/details.php?qi=glp_details&amp;popup=1&amp;item=2103" target="_blank">Details anzeigen</a>]]></description>
					<styleUrl>#dhv_landeplatz</styleUrl>
					<Point>
						<coordinates>6.616047,46.832875</coordinates>
					</Point>
				</Placemark>
			</Folder>
			<Folder>
				<name>Meilleret</name>
				<description><![CDATA[Hanggelände für Gleitschirme<br/><a href="https://service.dhv.de/db2/details.php?qi=glp_details&amp;popup=1&amp;item=5350">Details anzeigen</a>]]></description>
				<styleUrl>#dhv_gelaende</styleUrl>
				<open>0</open>
				<Placemark>
					<name>Meilleret Startplatz</name>
					<description><![CDATA[Startplatz, Startrichtung W, NO-O<br/>Gemeinde Les Diablerets, Höhe NN 1945m<br/><a href="https://service.dhv.de/db2/details.php?qi=glp_details&amp;popup=1&amp;item=5350" target="_blank">Details anzeigen</a>]]></description>
					<styleUrl>#dhv_startplatz</styleUrl>
					<Point>
						<coordinates>7.120497,46.334500</coordinates>
					</Point>
				</Placemark>
			</Folder>
			<Folder>
				<name>Mont de Cerfs</name>
				<description><![CDATA[Hanggelände für Gleitschirme und Hängegleiter<br/>Max. Höhendifferenz 135m.<br/><a href="https://service.dhv.de/db2/details.php?qi=glp_details&amp;popup=1&amp;item=2268">Details anzeigen</a>]]></description>
				<styleUrl>#dhv_gelaende</styleUrl>
				<open>0</open>
				<Placemark>
					<name>Mont des Cerfs Startplatz</name>
					<description><![CDATA[Startplatz, Startrichtung NW<br/>Gemeinde Auberson, Höhe NN 1227m<br/><a href="https://service.dhv.de/db2/details.php?qi=glp_details&amp;popup=1&amp;item=2268" target="_blank">Details anzeigen</a>]]></description>
					<styleUrl>#dhv_startplatz</styleUrl>
					<Point>
						<coordinates>6.476975,46.812350</coordinates>
					</Point>
				</Placemark>
				<Placemark>
					<name>Mont des Cerfs Landeplatz</name>
					<description><![CDATA[Landeplatz<br/>Gemeinde Auberson, Höhe NN 1092m<br/><a href="https://service.dhv.de/db2/details.php?qi=glp_details&amp;popup=1&amp;item=2268" target="_blank">Details anzeigen</a>]]></description>
					<styleUrl>#dhv_landeplatz</styleUrl>
					<Point>
						<coordinates>6.474553,46.815992</coordinates>
					</Point>
				</Placemark>
			</Folder>
			<Folder>
				<name>Roc Orsay</name>
				<description><![CDATA[Hanggelände für Gleitschirme und Hängegleiter<br/>Max. Höhendifferenz 1460m.<br/><a href="https://service.dhv.de/db2/details.php?qi=glp_details&amp;popup=1&amp;item=5359">Details anzeigen</a>]]></description>
				<styleUrl>#dhv_gelaende</styleUrl>
				<open>0</open>
				<Placemark>
					<name>Roc Orsay Startplatz</name>
					<description><![CDATA[Startplatz, Startrichtung S<br/>Gemeinde Villars-sur-Ollon, Höhe NN 1881m<br/><a href="https://service.dhv.de/db2/details.php?qi=glp_details&amp;popup=1&amp;item=5359" target="_blank">Details anzeigen</a>]]></description>
					<styleUrl>#dhv_startplatz</styleUrl>
					<Point>
						<coordinates>7.068281,46.321528</coordinates>
					</Point>
				</Placemark>
				<Placemark>
					<name>Roc Orsay Landeplatz 1</name>
					<description><![CDATA[Landeplatz<br/>Gemeinde Villars-sur-Ollon, Höhe NN 1366m<br/><a href="https://service.dhv.de/db2/details.php?qi=glp_details&amp;popup=1&amp;item=5359" target="_blank">Details anzeigen</a>]]></description>
					<styleUrl>#dhv_landeplatz</styleUrl>
					<Point>
						<coordinates>7.062328,46.306497</coordinates>
					</Point>
				</Placemark>
				<Placemark>
					<name>Roc Orsay Landeplatz 2</name>
					<description><![CDATA[Landeplatz<br/>Gemeinde Villars-sur-Ollon, Höhe NN 421m<br/><a href="https://service.dhv.de/db2/details.php?qi=glp_details&amp;popup=1&amp;item=5359" target="_blank">Details anzeigen</a>]]></description>
					<styleUrl>#dhv_landeplatz</styleUrl>
					<Point>
						<coordinates>6.994078,46.276889</coordinates>
					</Point>
				</Placemark>
			</Folder>
			<Folder>
				<name>Rochers de Naye</name>
				<description><![CDATA[Hanggelände für Gleitschirme und Hängegleiter<br/>Max. Höhendifferenz 1649m.<br/><a href="https://service.dhv.de/db2/details.php?qi=glp_details&amp;popup=1&amp;item=1764">Details anzeigen</a>]]></description>
				<styleUrl>#dhv_gelaende</styleUrl>
				<open>0</open>
				<Placemark>
					<name>Rochers de Naye Startplatz 2</name>
					<description><![CDATA[Startplatz, Startrichtung O<br/>Gemeinde Villeneuve, Höhe NN 2023m<br/><a href="https://service.dhv.de/db2/details.php?qi=glp_details&amp;popup=1&amp;item=1764" target="_blank">Details anzeigen</a>]]></description>
					<styleUrl>#dhv_startplatz</styleUrl>
					<Point>
						<coordinates>6.976614,46.431989</coordinates>
					</Point>
				</Placemark>
				<Placemark>
					<name>Rochers de Naye Startplatz 1</name>
					<description><![CDATA[Startplatz, Startrichtung S-SW<br/>Gemeinde Villeneuve, Höhe NN 1977m<br/><a href="https://service.dhv.de/db2/details.php?qi=glp_details&amp;popup=1&amp;item=1764" target="_blank">Details anzeigen</a>]]></description>
					<styleUrl>#dhv_startplatz</styleUrl>
					<Point>
						<coordinates>6.977878,46.431628</coordinates>
					</Point>
				</Placemark>
				<Placemark>
					<name>Rochers de Naye Landeplatz 2</name>
					<description><![CDATA[Landeplatz<br/>Gemeinde Villeneuve, Höhe NN 375m<br/><a href="https://service.dhv.de/db2/details.php?qi=glp_details&amp;popup=1&amp;item=1764" target="_blank">Details anzeigen</a>]]></description>
					<styleUrl>#dhv_landeplatz</styleUrl>
					<Point>
						<coordinates>6.918536,46.394656</coordinates>
					</Point>
				</Placemark>
				<Placemark>
					<name>Rochers de Naye Landeplatz 1</name>
					<description><![CDATA[Landeplatz<br/>Gemeinde Villeneuve, Höhe NN 374m<br/><a href="https://service.dhv.de/db2/details.php?qi=glp_details&amp;popup=1&amp;item=1764" target="_blank">Details anzeigen</a>]]></description>
					<styleUrl>#dhv_landeplatz</styleUrl>
					<Point>
						<coordinates>6.923389,46.387264</coordinates>
					</Point>
				</Placemark>
			</Folder>
			<Folder>
				<name>Sonchaux</name>
				<description><![CDATA[Hanggelände für Gleitschirme und Hängegleiter<br/>Max. Höhendifferenz 1020m.<br/><a href="https://service.dhv.de/db2/details.php?qi=glp_details&amp;popup=1&amp;item=1765">Details anzeigen</a>]]></description>
				<styleUrl>#dhv_gelaende</styleUrl>
				<open>0</open>
				<Placemark>
					<name>Sonchaux Startplatz</name>
					<description><![CDATA[Startplatz, Startrichtung SW<br/>Gemeinde Villeneuve, Höhe NN 1394m<br/><a href="https://service.dhv.de/db2/details.php?qi=glp_details&amp;popup=1&amp;item=1765" target="_blank">Details anzeigen</a>]]></description>
					<styleUrl>#dhv_startplatz</styleUrl>
					<Point>
						<coordinates>6.951131,46.417908</coordinates>
					</Point>
				</Placemark>
				<Placemark>
					<name>Rochers de Naye Landeplatz 2</name>
					<description><![CDATA[Landeplatz<br/>Gemeinde Villeneuve, Höhe NN 375m<br/><a href="https://service.dhv.de/db2/details.php?qi=glp_details&amp;popup=1&amp;item=1765" target="_blank">Details anzeigen</a>]]></description>
					<styleUrl>#dhv_landeplatz</styleUrl>
					<Point>
						<coordinates>6.918536,46.394656</coordinates>
					</Point>
				</Placemark>
				<Placemark>
					<name>Rochers de Naye Landeplatz 1</name>
					<description><![CDATA[Landeplatz<br/>Gemeinde Villeneuve, Höhe NN 374m<br/><a href="https://service.dhv.de/db2/details.php?qi=glp_details&amp;popup=1&amp;item=1765" target="_blank">Details anzeigen</a>]]></description>
					<styleUrl>#dhv_landeplatz</styleUrl>
					<Point>
						<coordinates>6.923389,46.387264</coordinates>
					</Point>
				</Placemark>
			</Folder>
			<Folder>
				<name>St. Cergue</name>
				<description><![CDATA[Hanggelände für Gleitschirme und Hängegleiter<br/>Max. Höhendifferenz 436m.<br/><a href="https://service.dhv.de/db2/details.php?qi=glp_details&amp;popup=1&amp;item=3145">Details anzeigen</a>]]></description>
				<styleUrl>#dhv_gelaende</styleUrl>
				<open>0</open>
				<Placemark>
					<name>St. Cergue Startplatz</name>
					<description><![CDATA[Startplatz, Startrichtung SO-S<br/>Gemeinde Givrins, Höhe NN 1009m<br/><a href="https://service.dhv.de/db2/details.php?qi=glp_details&amp;popup=1&amp;item=3145" target="_blank">Details anzeigen</a>]]></description>
					<styleUrl>#dhv_startplatz</styleUrl>
					<Point>
						<coordinates>6.175728,46.444994</coordinates>
					</Point>
				</Placemark>
				<Placemark>
					<name>St. Cergue Landeplatz</name>
					<description><![CDATA[Landeplatz<br/>Gemeinde Givrins, Höhe NN 573m<br/><a href="https://service.dhv.de/db2/details.php?qi=glp_details&amp;popup=1&amp;item=3145" target="_blank">Details anzeigen</a>]]></description>
					<styleUrl>#dhv_landeplatz</styleUrl>
					<Point>
						<coordinates>6.202797,46.432861</coordinates>
					</Point>
				</Placemark>
			</Folder>
			<Folder>
				<name>Videmanette</name>
				<description><![CDATA[Hanggelände für Gleitschirme<br/>Max. Höhendifferenz 1163m.<br/><a href="https://service.dhv.de/db2/details.php?qi=glp_details&amp;popup=1&amp;item=1604">Details anzeigen</a>]]></description>
				<styleUrl>#dhv_gelaende</styleUrl>
				<open>0</open>
				<Placemark>
					<name>La Videmanette Startplatz 1</name>
					<description><![CDATA[Startplatz, Startrichtung O-SO<br/>Gemeinde Rougemont, Höhe NN 2147m<br/><a href="https://service.dhv.de/db2/details.php?qi=glp_details&amp;popup=1&amp;item=1604" target="_blank">Details anzeigen</a>]]></description>
					<styleUrl>#dhv_startplatz</styleUrl>
					<Point>
						<coordinates>7.205225,46.459847</coordinates>
					</Point>
				</Placemark>
				<Placemark>
					<name>La Videmanette Startplatz 2</name>
					<description><![CDATA[Startplatz, Startrichtung SW<br/>Gemeinde Rougemont, Höhe NN 2131m<br/><a href="https://service.dhv.de/db2/details.php?qi=glp_details&amp;popup=1&amp;item=1604" target="_blank">Details anzeigen</a>]]></description>
					<styleUrl>#dhv_startplatz</styleUrl>
					<Point>
						<coordinates>7.199139,46.454758</coordinates>
					</Point>
				</Placemark>
				<Placemark>
					<name>La Videmanette Landeplatz</name>
					<description><![CDATA[Landeplatz<br/>Gemeinde Rougemont, Höhe NN 984m<br/><a href="https://service.dhv.de/db2/details.php?qi=glp_details&amp;popup=1&amp;item=1604" target="_blank">Details anzeigen</a>]]></description>
					<styleUrl>#dhv_landeplatz</styleUrl>
					<Point>
						<coordinates>7.208456,46.487367</coordinates>
					</Point>
				</Placemark>
			</Folder>
		</Folder>
		<Folder>
			<name>Wallis</name>
			<open>0</open>
			<Folder>
				<name>Aiguille de Champeys</name>
				<description><![CDATA[Hanggelände für Gleitschirme<br/>Max. Höhendifferenz 1131m.<br/><a href="https://service.dhv.de/db2/details.php?qi=glp_details&amp;popup=1&amp;item=1683">Details anzeigen</a>]]></description>
				<styleUrl>#dhv_gelaende</styleUrl>
				<open>0</open>
				<Placemark>
					<name>Aiguille de Champeys Startplatz</name>
					<description><![CDATA[Startplatz, Startrichtung SO<br/>Gemeinde Vald-D&#039;Illiez, Höhe NN 2016m<br/><a href="https://service.dhv.de/db2/details.php?qi=glp_details&amp;popup=1&amp;item=1683" target="_blank">Details anzeigen</a>]]></description>
					<styleUrl>#dhv_startplatz</styleUrl>
					<Point>
						<coordinates>6.847361,46.204117</coordinates>
					</Point>
				</Placemark>
				<Placemark>
					<name>Aiguille de Champeys Landeplatz</name>
					<description><![CDATA[Landeplatz<br/>Gemeinde Vald-D&#039;Illiez, Höhe NN 885m<br/><a href="https://service.dhv.de/db2/details.php?qi=glp_details&amp;popup=1&amp;item=1683" target="_blank">Details anzeigen</a>]]></description>
					<styleUrl>#dhv_landeplatz</styleUrl>
					<Point>
						<coordinates>6.887769,46.185941</coordinates>
					</Point>
				</Placemark>
			</Folder>
			<Folder>
				<name>Aminona</name>
				<description><![CDATA[Hanggelände für Gleitschirme und Hängegleiter<br/>Max. Höhendifferenz 1269m.<br/><a href="https://service.dhv.de/db2/details.php?qi=glp_details&amp;popup=1&amp;item=5356">Details anzeigen</a>]]></description>
				<styleUrl>#dhv_gelaende</styleUrl>
				<open>0</open>
				<Placemark>
					<name>Aminona Startplatz</name>
					<description><![CDATA[Startplatz, Startrichtung S<br/>Gemeinde Siders, Höhe NN 1809m<br/><a href="https://service.dhv.de/db2/details.php?qi=glp_details&amp;popup=1&amp;item=5356" target="_blank">Details anzeigen</a>]]></description>
					<styleUrl>#dhv_startplatz</styleUrl>
					<Point>
						<coordinates>7.536206,46.341050</coordinates>
					</Point>
				</Placemark>
				<Placemark>
					<name>Petit Mont Bonvin Landeplatz 1</name>
					<description><![CDATA[Landeplatz<br/>Gemeinde Aminona, Höhe NN 1496m<br/><a href="https://service.dhv.de/db2/details.php?qi=glp_details&amp;popup=1&amp;item=5356" target="_blank">Details anzeigen</a>]]></description>
					<styleUrl>#dhv_landeplatz</styleUrl>
					<Point>
						<coordinates>7.527283,46.331408</coordinates>
					</Point>
				</Placemark>
				<Placemark>
					<name>Petit Mont Bonvin Landeplatz 2</name>
					<description><![CDATA[Landeplatz<br/>Gemeinde Aminona, Höhe NN 540m<br/><a href="https://service.dhv.de/db2/details.php?qi=glp_details&amp;popup=1&amp;item=5356" target="_blank">Details anzeigen</a>]]></description>
					<styleUrl>#dhv_landeplatz</styleUrl>
					<Point>
						<coordinates>7.555628,46.299303</coordinates>
					</Point>
				</Placemark>
			</Folder>
			<Folder>
				<name>Bächigalen</name>
				<description><![CDATA[Hanggelände für Gleitschirme<br/>Max. Höhendifferenz 1092m.<br/><a href="https://service.dhv.de/db2/details.php?qi=glp_details&amp;popup=1&amp;item=1623">Details anzeigen</a>]]></description>
				<styleUrl>#dhv_gelaende</styleUrl>
				<open>0</open>
				<Placemark>
					<name>Bächigalen Startplatz</name>
					<description><![CDATA[Startplatz, Startrichtung SO<br/>Gemeinde Reckingen, Höhe NN 2455m<br/><a href="https://service.dhv.de/db2/details.php?qi=glp_details&amp;popup=1&amp;item=1623" target="_blank">Details anzeigen</a>]]></description>
					<styleUrl>#dhv_startplatz</styleUrl>
					<Point>
						<coordinates>8.227353,46.487744</coordinates>
					</Point>
				</Placemark>
				<Placemark>
					<name>Bächigalen Landeplatz</name>
					<description><![CDATA[Landeplatz<br/>Gemeinde Reckingen, Höhe NN 1363m<br/><a href="https://service.dhv.de/db2/details.php?qi=glp_details&amp;popup=1&amp;item=1623" target="_blank">Details anzeigen</a>]]></description>
					<styleUrl>#dhv_landeplatz</styleUrl>
					<Point>
						<coordinates>8.227086,46.460878</coordinates>
					</Point>
				</Placemark>
			</Folder>
			<Folder>
				<name>Belalp</name>
				<description><![CDATA[Hanggelände für Gleitschirme und Hängegleiter<br/>Max. Höhendifferenz 2343m.<br/><a href="https://service.dhv.de/db2/details.php?qi=glp_details&amp;popup=1&amp;item=5703">Details anzeigen</a>]]></description>
				<styleUrl>#dhv_gelaende</styleUrl>
				<open>0</open>
				<Placemark>
					<name>Belalp Startplatz 2 (Winter)</name>
					<description><![CDATA[Startplatz, Startrichtung SO<br/>Gemeinde Naters, Höhe NN 3021m<br/><a href="https://service.dhv.de/db2/details.php?qi=glp_details&amp;popup=1&amp;item=5703" target="_blank">Details anzeigen</a>]]></description>
					<styleUrl>#dhv_startplatz</styleUrl>
					<Point>
						<coordinates>7.965278,46.402936</coordinates>
					</Point>
				</Placemark>
				<Placemark>
					<name>Belalp Startplatz 1 (Sommer)</name>
					<description><![CDATA[Startplatz, Startrichtung SO<br/>Gemeinde Naters, Höhe NN 2051m<br/><a href="https://service.dhv.de/db2/details.php?qi=glp_details&amp;popup=1&amp;item=5703" target="_blank">Details anzeigen</a>]]></description>
					<styleUrl>#dhv_startplatz</styleUrl>
					<Point>
						<coordinates>7.975369,46.371400</coordinates>
					</Point>
				</Placemark>
				<Placemark>
					<name>Ried Landeplatz</name>
					<description><![CDATA[Landeplatz<br/>Gemeinde Ried, Höhe NN 881m<br/><a href="https://service.dhv.de/db2/details.php?qi=glp_details&amp;popup=1&amp;item=5703" target="_blank">Details anzeigen</a>]]></description>
					<styleUrl>#dhv_landeplatz</styleUrl>
					<Point>
						<coordinates>8.009964,46.313200</coordinates>
					</Point>
				</Placemark>
				<Placemark>
					<name>Greicheralp Landeplatz 1</name>
					<description><![CDATA[Landeplatz<br/>Gemeinde Bitsch, Höhe NN 700m<br/><a href="https://service.dhv.de/db2/details.php?qi=glp_details&amp;popup=1&amp;item=5703" target="_blank">Details anzeigen</a>]]></description>
					<styleUrl>#dhv_landeplatz</styleUrl>
					<Point>
						<coordinates>8.016753,46.334269</coordinates>
					</Point>
				</Placemark>
				<Placemark>
					<name>Greicheralp Landeplatz 2</name>
					<description><![CDATA[Landeplatz<br/>Gemeinde Naters, Höhe NN 678m<br/><a href="https://service.dhv.de/db2/details.php?qi=glp_details&amp;popup=1&amp;item=5703" target="_blank">Details anzeigen</a>]]></description>
					<styleUrl>#dhv_landeplatz</styleUrl>
					<Point>
						<coordinates>8.005619,46.325903</coordinates>
					</Point>
				</Placemark>
			</Folder>
			<Folder>
				<name>Bellalui</name>
				<description><![CDATA[Hanggelände für Gleitschirme<br/>Max. Höhendifferenz 1010m.<br/><a href="https://service.dhv.de/db2/details.php?qi=glp_details&amp;popup=1&amp;item=1624">Details anzeigen</a>]]></description>
				<styleUrl>#dhv_gelaende</styleUrl>
				<open>0</open>
				<Placemark>
					<name>Bellalui Startplatz</name>
					<description><![CDATA[Startplatz, Startrichtung NO-W<br/>Gemeinde Crans-Montana, Höhe NN 2505m<br/><a href="https://service.dhv.de/db2/details.php?qi=glp_details&amp;popup=1&amp;item=1624" target="_blank">Details anzeigen</a>]]></description>
					<styleUrl>#dhv_startplatz</styleUrl>
					<Point>
						<coordinates>7.485850,46.344289</coordinates>
					</Point>
				</Placemark>
				<Placemark>
					<name>Bellalui Landeplatz</name>
					<description><![CDATA[Landeplatz<br/>Gemeinde Crans-Montana, Höhe NN 1495m<br/><a href="https://service.dhv.de/db2/details.php?qi=glp_details&amp;popup=1&amp;item=1624" target="_blank">Details anzeigen</a>]]></description>
					<styleUrl>#dhv_landeplatz</styleUrl>
					<Point>
						<coordinates>7.478253,46.309397</coordinates>
					</Point>
				</Placemark>
			</Folder>
			<Folder>
				<name>Bendolla</name>
				<description><![CDATA[Hanggelände für Gleitschirme<br/>Max. Höhendifferenz 25m.<br/><a href="https://service.dhv.de/db2/details.php?qi=glp_details&amp;popup=1&amp;item=1625">Details anzeigen</a>]]></description>
				<styleUrl>#dhv_gelaende</styleUrl>
				<open>0</open>
				<Placemark>
					<name>Bendolla Startplatz 1</name>
					<description><![CDATA[Startplatz, Startrichtung NO<br/>Gemeinde Grimentz, Höhe NN 2226m<br/><a href="https://service.dhv.de/db2/details.php?qi=glp_details&amp;popup=1&amp;item=1625" target="_blank">Details anzeigen</a>]]></description>
					<styleUrl>#dhv_startplatz</styleUrl>
					<Point>
						<coordinates>7.555378,46.177811</coordinates>
					</Point>
				</Placemark>
				<Placemark>
					<name>Bendolla Startplatz 2</name>
					<description><![CDATA[Startplatz, Startrichtung SO-S<br/>Gemeinde Grimentz, Höhe NN 2201m<br/><a href="https://service.dhv.de/db2/details.php?qi=glp_details&amp;popup=1&amp;item=1625" target="_blank">Details anzeigen</a>]]></description>
					<styleUrl>#dhv_startplatz</styleUrl>
					<Point>
						<coordinates>7.559067,46.184528</coordinates>
					</Point>
				</Placemark>
			</Folder>
			<Folder>
				<name>Blauherd</name>
				<description><![CDATA[Hanggelände für Gleitschirme<br/>Max. Höhendifferenz 934m.<br/><a href="https://service.dhv.de/db2/details.php?qi=glp_details&amp;popup=1&amp;item=1709">Details anzeigen</a>]]></description>
				<styleUrl>#dhv_gelaende</styleUrl>
				<open>0</open>
				<Placemark>
					<name>Blauherd Startplatz</name>
					<description><![CDATA[Startplatz, Startrichtung W<br/>Gemeinde Zermatt, Höhe NN 2554m<br/><a href="https://service.dhv.de/db2/details.php?qi=glp_details&amp;popup=1&amp;item=1709" target="_blank">Details anzeigen</a>]]></description>
					<styleUrl>#dhv_startplatz</styleUrl>
					<Point>
						<coordinates>7.785172,46.017142</coordinates>
					</Point>
				</Placemark>
				<Placemark>
					<name>Riffelberg Landeplatz</name>
					<description><![CDATA[Landeplatz<br/>Gemeinde Zermatt, Höhe NN 1620m<br/><a href="https://service.dhv.de/db2/details.php?qi=glp_details&amp;popup=1&amp;item=1709" target="_blank">Details anzeigen</a>]]></description>
					<styleUrl>#dhv_landeplatz</styleUrl>
					<Point>
						<coordinates>7.748694,46.025961</coordinates>
					</Point>
				</Placemark>
			</Folder>
			<Folder>
				<name>Chalavornaire</name>
				<description><![CDATA[Hanggelände für Gleitschirme<br/><a href="https://service.dhv.de/db2/details.php?qi=glp_details&amp;popup=1&amp;item=5352">Details anzeigen</a>]]></description>
				<styleUrl>#dhv_gelaende</styleUrl>
				<open>0</open>
				<Placemark>
					<name>Chalavonaire Startplatz</name>
					<description><![CDATA[Startplatz, Startrichtung N<br/>Gemeinde Bouveret, Höhe NN 1108m<br/><a href="https://service.dhv.de/db2/details.php?qi=glp_details&amp;popup=1&amp;item=5352" target="_blank">Details anzeigen</a>]]></description>
					<styleUrl>#dhv_startplatz</styleUrl>
					<Point>
						<coordinates>6.855361,46.366167</coordinates>
					</Point>
				</Placemark>
			</Folder>
			<Folder>
				<name>Chou ou Tsou</name>
				<description><![CDATA[Hanggelände für Gleitschirme<br/>Max. Höhendifferenz 976m.<br/><a href="https://service.dhv.de/db2/details.php?qi=glp_details&amp;popup=1&amp;item=1678">Details anzeigen</a>]]></description>
				<styleUrl>#dhv_gelaende</styleUrl>
				<open>0</open>
				<Placemark>
					<name>Chou ou Tsou Startplatz</name>
					<description><![CDATA[Startplatz, Startrichtung NO-O<br/>Gemeinde Saillon, Höhe NN 1444m<br/><a href="https://service.dhv.de/db2/details.php?qi=glp_details&amp;popup=1&amp;item=1678" target="_blank">Details anzeigen</a>]]></description>
					<styleUrl>#dhv_startplatz</styleUrl>
					<Point>
						<coordinates>7.160961,46.191897</coordinates>
					</Point>
				</Placemark>
				<Placemark>
					<name>Chou ou Tsou Landeplatz</name>
					<description><![CDATA[Landeplatz<br/>Gemeinde Saillon, Höhe NN 468m<br/><a href="https://service.dhv.de/db2/details.php?qi=glp_details&amp;popup=1&amp;item=1678" target="_blank">Details anzeigen</a>]]></description>
					<styleUrl>#dhv_landeplatz</styleUrl>
					<Point>
						<coordinates>7.198406,46.169803</coordinates>
					</Point>
				</Placemark>
			</Folder>
			<Folder>
				<name>Col de Sorebois</name>
				<description><![CDATA[Hanggelände für Gleitschirme<br/>Max. Höhendifferenz 1214m.<br/><a href="https://service.dhv.de/db2/details.php?qi=glp_details&amp;popup=1&amp;item=1681">Details anzeigen</a>]]></description>
				<styleUrl>#dhv_gelaende</styleUrl>
				<open>0</open>
				<Placemark>
					<name>Col de Sorebois Startplatz 2</name>
					<description><![CDATA[Startplatz, Startrichtung SW<br/>Gemeinde Zinal, Höhe NN 2882m<br/><a href="https://service.dhv.de/db2/details.php?qi=glp_details&amp;popup=1&amp;item=1681" target="_blank">Details anzeigen</a>]]></description>
					<styleUrl>#dhv_startplatz</styleUrl>
					<Point>
						<coordinates>7.586203,46.150553</coordinates>
					</Point>
				</Placemark>
				<Placemark>
					<name>Col de Sorebois Startplatz 1</name>
					<description><![CDATA[Startplatz, Startrichtung O<br/>Gemeinde Zinal, Höhe NN 2820m<br/><a href="https://service.dhv.de/db2/details.php?qi=glp_details&amp;popup=1&amp;item=1681" target="_blank">Details anzeigen</a>]]></description>
					<styleUrl>#dhv_startplatz</styleUrl>
					<Point>
						<coordinates>7.586897,46.148092</coordinates>
					</Point>
				</Placemark>
				<Placemark>
					<name>Col de Sorebois Landeplatz</name>
					<description><![CDATA[Landeplatz<br/>Gemeinde Zinal, Höhe NN 1668m<br/><a href="https://service.dhv.de/db2/details.php?qi=glp_details&amp;popup=1&amp;item=1681" target="_blank">Details anzeigen</a>]]></description>
					<styleUrl>#dhv_landeplatz</styleUrl>
					<Point>
						<coordinates>7.625008,46.139303</coordinates>
					</Point>
				</Placemark>
			</Folder>
			<Folder>
				<name>Croix de Coeur</name>
				<description><![CDATA[Hanggelände für Gleitschirme<br/>Max. Höhendifferenz 685m.<br/><a href="https://service.dhv.de/db2/details.php?qi=glp_details&amp;popup=1&amp;item=1684">Details anzeigen</a>]]></description>
				<styleUrl>#dhv_gelaende</styleUrl>
				<open>0</open>
				<Placemark>
					<name>Croix de Coeur Startplatz 1</name>
					<description><![CDATA[Startplatz, Startrichtung S<br/>Gemeinde Verbier, Höhe NN 2194m<br/><a href="https://service.dhv.de/db2/details.php?qi=glp_details&amp;popup=1&amp;item=1684" target="_blank">Details anzeigen</a>]]></description>
					<styleUrl>#dhv_startplatz</styleUrl>
					<Point>
						<coordinates>7.232963,46.121563</coordinates>
					</Point>
				</Placemark>
				<Placemark>
					<name>Croix de Coeur Startplatz 2</name>
					<description><![CDATA[Startplatz, Startrichtung SO<br/>Gemeinde Verbier, Höhe NN 2165m<br/><a href="https://service.dhv.de/db2/details.php?qi=glp_details&amp;popup=1&amp;item=1684" target="_blank">Details anzeigen</a>]]></description>
					<styleUrl>#dhv_startplatz</styleUrl>
					<Point>
						<coordinates>7.228639,46.120811</coordinates>
					</Point>
				</Placemark>
				<Placemark>
					<name>Croix de Coeur Startplatz 3</name>
					<description><![CDATA[Startplatz, Startrichtung SO-SW<br/>Gemeinde Verbier, Höhe NN 2163m<br/><a href="https://service.dhv.de/db2/details.php?qi=glp_details&amp;popup=1&amp;item=1684" target="_blank">Details anzeigen</a>]]></description>
					<styleUrl>#dhv_startplatz</styleUrl>
					<Point>
						<coordinates>7.222781,46.117364</coordinates>
					</Point>
				</Placemark>
				<Placemark>
					<name>Ruinette Landeplatz 1</name>
					<description><![CDATA[Landeplatz<br/>Gemeinde Verbier, Höhe NN 1694m<br/><a href="https://service.dhv.de/db2/details.php?qi=glp_details&amp;popup=1&amp;item=1684" target="_blank">Details anzeigen</a>]]></description>
					<styleUrl>#dhv_landeplatz</styleUrl>
					<Point>
						<coordinates>7.236253,46.107639</coordinates>
					</Point>
				</Placemark>
				<Placemark>
					<name>Croix de Coeur Landeplatz</name>
					<description><![CDATA[Landeplatz<br/>Gemeinde Verbier, Höhe NN 1509m<br/><a href="https://service.dhv.de/db2/details.php?qi=glp_details&amp;popup=1&amp;item=1684" target="_blank">Details anzeigen</a>]]></description>
					<styleUrl>#dhv_landeplatz</styleUrl>
					<Point>
						<coordinates>7.219397,46.101572</coordinates>
					</Point>
				</Placemark>
			</Folder>
			<Folder>
				<name>Croix de L'Aiguille</name>
				<description><![CDATA[Hanggelände für Gleitschirme<br/>Max. Höhendifferenz 316m.<br/><a href="https://service.dhv.de/db2/details.php?qi=glp_details&amp;popup=1&amp;item=1686">Details anzeigen</a>]]></description>
				<styleUrl>#dhv_gelaende</styleUrl>
				<open>0</open>
				<Placemark>
					<name>Croix de L'Aiguille Startplatz</name>
					<description><![CDATA[Startplatz, Startrichtung NO-O<br/>Gemeinde Verbier, Höhe NN 1825m<br/><a href="https://service.dhv.de/db2/details.php?qi=glp_details&amp;popup=1&amp;item=1686" target="_blank">Details anzeigen</a>]]></description>
					<styleUrl>#dhv_startplatz</styleUrl>
					<Point>
						<coordinates>6.860664,46.196261</coordinates>
					</Point>
				</Placemark>
				<Placemark>
					<name>Croix de Coeur Landeplatz</name>
					<description><![CDATA[Landeplatz<br/>Gemeinde Verbier, Höhe NN 1509m<br/><a href="https://service.dhv.de/db2/details.php?qi=glp_details&amp;popup=1&amp;item=1686" target="_blank">Details anzeigen</a>]]></description>
					<styleUrl>#dhv_landeplatz</styleUrl>
					<Point>
						<coordinates>7.219397,46.101572</coordinates>
					</Point>
				</Placemark>
			</Folder>
			<Folder>
				<name>Cry d'Er</name>
				<description><![CDATA[Hanggelände für Gleitschirme<br/>Max. Höhendifferenz 735m.<br/><a href="https://service.dhv.de/db2/details.php?qi=glp_details&amp;popup=1&amp;item=1905">Details anzeigen</a>]]></description>
				<styleUrl>#dhv_gelaende</styleUrl>
				<open>0</open>
				<Placemark>
					<name>Cry d'Er Startplatz</name>
					<description><![CDATA[Startplatz, Startrichtung S<br/>Gemeinde Crans-Montana, Höhe NN 2230m<br/><a href="https://service.dhv.de/db2/details.php?qi=glp_details&amp;popup=1&amp;item=1905" target="_blank">Details anzeigen</a>]]></description>
					<styleUrl>#dhv_startplatz</styleUrl>
					<Point>
						<coordinates>7.478289,46.333972</coordinates>
					</Point>
				</Placemark>
				<Placemark>
					<name>Bellalui Landeplatz</name>
					<description><![CDATA[Landeplatz<br/>Gemeinde Crans-Montana, Höhe NN 1495m<br/><a href="https://service.dhv.de/db2/details.php?qi=glp_details&amp;popup=1&amp;item=1905" target="_blank">Details anzeigen</a>]]></description>
					<styleUrl>#dhv_landeplatz</styleUrl>
					<Point>
						<coordinates>7.478253,46.309397</coordinates>
					</Point>
				</Placemark>
			</Folder>
			<Folder>
				<name>Evolene</name>
				<description><![CDATA[Hanggelände für Gleitschirme<br/>Max. Höhendifferenz 1034m.<br/><a href="https://service.dhv.de/db2/details.php?qi=glp_details&amp;popup=1&amp;item=5376">Details anzeigen</a>]]></description>
				<styleUrl>#dhv_gelaende</styleUrl>
				<open>0</open>
				<Placemark>
					<name>Evolene Startplatz</name>
					<description><![CDATA[Startplatz, Startrichtung SW<br/>Gemeinde Evolene, Höhe NN 2419m<br/><a href="https://service.dhv.de/db2/details.php?qi=glp_details&amp;popup=1&amp;item=5376" target="_blank">Details anzeigen</a>]]></description>
					<styleUrl>#dhv_startplatz</styleUrl>
					<Point>
						<coordinates>7.515817,46.122431</coordinates>
					</Point>
				</Placemark>
				<Placemark>
					<name>Evolene Landeplatz</name>
					<description><![CDATA[Landeplatz<br/>Gemeinde Evolene, Höhe NN 1385m<br/><a href="https://service.dhv.de/db2/details.php?qi=glp_details&amp;popup=1&amp;item=5376" target="_blank">Details anzeigen</a>]]></description>
					<styleUrl>#dhv_landeplatz</styleUrl>
					<Point>
						<coordinates>7.501167,46.106500</coordinates>
					</Point>
				</Placemark>
			</Folder>
			<Folder>
				<name>Fiescheralp</name>
				<description><![CDATA[Hanggelände für Gleitschirme und Hängegleiter<br/>Max. Höhendifferenz 1180m.<br/><a href="https://service.dhv.de/db2/details.php?qi=glp_details&amp;popup=1&amp;item=5702">Details anzeigen</a>]]></description>
				<styleUrl>#dhv_gelaende</styleUrl>
				<open>0</open>
				<Placemark>
					<name>Fiescheralp Startplatz</name>
					<description><![CDATA[Startplatz, Startrichtung SO<br/>Gemeinde Fiesch, Höhe NN 2238m<br/><a href="https://service.dhv.de/db2/details.php?qi=glp_details&amp;popup=1&amp;item=5702" target="_blank">Details anzeigen</a>]]></description>
					<styleUrl>#dhv_startplatz</styleUrl>
					<Point>
						<coordinates>8.105875,46.415689</coordinates>
					</Point>
				</Placemark>
				<Placemark>
					<name>Galfera Landeplatz 2</name>
					<description><![CDATA[Landeplatz<br/>Gemeinde Fiesch, Höhe NN 1058m<br/><a href="https://service.dhv.de/db2/details.php?qi=glp_details&amp;popup=1&amp;item=5702" target="_blank">Details anzeigen</a>]]></description>
					<styleUrl>#dhv_landeplatz</styleUrl>
					<Point>
						<coordinates>8.137942,46.409219</coordinates>
					</Point>
				</Placemark>
			</Folder>
			<Folder>
				<name>Frassette</name>
				<description><![CDATA[Hanggelände für Gleitschirme<br/>Max. Höhendifferenz 914m.<br/><a href="https://service.dhv.de/db2/details.php?qi=glp_details&amp;popup=1&amp;item=5355">Details anzeigen</a>]]></description>
				<styleUrl>#dhv_gelaende</styleUrl>
				<open>0</open>
				<Placemark>
					<name>Frassette Startplatz</name>
					<description><![CDATA[Startplatz, Startrichtung SO<br/>Gemeinde Vionnaz, Höhe NN 1301m<br/><a href="https://service.dhv.de/db2/details.php?qi=glp_details&amp;popup=1&amp;item=5355" target="_blank">Details anzeigen</a>]]></description>
					<styleUrl>#dhv_startplatz</styleUrl>
					<Point>
						<coordinates>6.867750,46.320669</coordinates>
					</Point>
				</Placemark>
				<Placemark>
					<name>La Jorette Landeplatz</name>
					<description><![CDATA[Landeplatz<br/>Gemeinde Vionnaz, Höhe NN 387m<br/><a href="https://service.dhv.de/db2/details.php?qi=glp_details&amp;popup=1&amp;item=5355" target="_blank">Details anzeigen</a>]]></description>
					<styleUrl>#dhv_landeplatz</styleUrl>
					<Point>
						<coordinates>6.900925,46.315936</coordinates>
					</Point>
				</Placemark>
			</Folder>
			<Folder>
				<name>Galfera</name>
				<description><![CDATA[Hanggelände für Gleitschirme und Hängegleiter<br/>Max. Höhendifferenz 1114m.<br/><a href="https://service.dhv.de/db2/details.php?qi=glp_details&amp;popup=1&amp;item=1696">Details anzeigen</a>]]></description>
				<styleUrl>#dhv_gelaende</styleUrl>
				<open>0</open>
				<Placemark>
					<name>Galfera Startplatz</name>
					<description><![CDATA[Startplatz, Startrichtung SO-SW<br/>Gemeinde Fiesch, Höhe NN 2172m<br/><a href="https://service.dhv.de/db2/details.php?qi=glp_details&amp;popup=1&amp;item=1696" target="_blank">Details anzeigen</a>]]></description>
					<styleUrl>#dhv_startplatz</styleUrl>
					<Point>
						<coordinates>8.095164,46.404558</coordinates>
					</Point>
				</Placemark>
				<Placemark>
					<name>Galfera Landeplatz 1</name>
					<description><![CDATA[Landeplatz<br/>Gemeinde Fiesch, Höhe NN 1087m<br/><a href="https://service.dhv.de/db2/details.php?qi=glp_details&amp;popup=1&amp;item=1696" target="_blank">Details anzeigen</a>]]></description>
					<styleUrl>#dhv_landeplatz</styleUrl>
					<Point>
						<coordinates>8.144911,46.420483</coordinates>
					</Point>
				</Placemark>
				<Placemark>
					<name>Galfera Landeplatz 2</name>
					<description><![CDATA[Landeplatz<br/>Gemeinde Fiesch, Höhe NN 1058m<br/><a href="https://service.dhv.de/db2/details.php?qi=glp_details&amp;popup=1&amp;item=1696" target="_blank">Details anzeigen</a>]]></description>
					<styleUrl>#dhv_landeplatz</styleUrl>
					<Point>
						<coordinates>8.137942,46.409219</coordinates>
					</Point>
				</Placemark>
			</Folder>
			<Folder>
				<name>Greicheralp</name>
				<description><![CDATA[Hanggelände für Gleitschirme und Hängegleiter<br/>Max. Höhendifferenz 1227m.<br/><a href="https://service.dhv.de/db2/details.php?qi=glp_details&amp;popup=1&amp;item=1704">Details anzeigen</a>]]></description>
				<styleUrl>#dhv_gelaende</styleUrl>
				<open>0</open>
				<Placemark>
					<name>Greicheralp Startplatz</name>
					<description><![CDATA[Startplatz, Startrichtung SO-SW<br/>Gemeinde Mörel, Höhe NN 1905m<br/><a href="https://service.dhv.de/db2/details.php?qi=glp_details&amp;popup=1&amp;item=1704" target="_blank">Details anzeigen</a>]]></description>
					<styleUrl>#dhv_startplatz</styleUrl>
					<Point>
						<coordinates>8.030506,46.377144</coordinates>
					</Point>
				</Placemark>
				<Placemark>
					<name>Greicheralp Landeplatz 1</name>
					<description><![CDATA[Landeplatz<br/>Gemeinde Bitsch, Höhe NN 700m<br/><a href="https://service.dhv.de/db2/details.php?qi=glp_details&amp;popup=1&amp;item=1704" target="_blank">Details anzeigen</a>]]></description>
					<styleUrl>#dhv_landeplatz</styleUrl>
					<Point>
						<coordinates>8.016753,46.334269</coordinates>
					</Point>
				</Placemark>
				<Placemark>
					<name>Greicheralp Landeplatz 2</name>
					<description><![CDATA[Landeplatz<br/>Gemeinde Naters, Höhe NN 678m<br/><a href="https://service.dhv.de/db2/details.php?qi=glp_details&amp;popup=1&amp;item=1704" target="_blank">Details anzeigen</a>]]></description>
					<styleUrl>#dhv_landeplatz</styleUrl>
					<Point>
						<coordinates>8.005619,46.325903</coordinates>
					</Point>
				</Placemark>
			</Folder>
			<Folder>
				<name>Haute-Nendaz</name>
				<description><![CDATA[Hanggelände für Gleitschirme<br/>Max. Höhendifferenz 838m.<br/><a href="https://service.dhv.de/db2/details.php?qi=glp_details&amp;popup=1&amp;item=1714">Details anzeigen</a>]]></description>
				<styleUrl>#dhv_gelaende</styleUrl>
				<open>0</open>
				<Placemark>
					<name>Haute-Nendaz Startplatz</name>
					<description><![CDATA[Startplatz, Startrichtung N-NO<br/>Gemeinde Nendaz, Höhe NN 2183m<br/><a href="https://service.dhv.de/db2/details.php?qi=glp_details&amp;popup=1&amp;item=1714" target="_blank">Details anzeigen</a>]]></description>
					<styleUrl>#dhv_startplatz</styleUrl>
					<Point>
						<coordinates>7.283686,46.162036</coordinates>
					</Point>
				</Placemark>
				<Placemark>
					<name>Haute-Nendaz Landeplatz</name>
					<description><![CDATA[Landeplatz<br/>Gemeinde Nendaz, Höhe NN 1345m<br/><a href="https://service.dhv.de/db2/details.php?qi=glp_details&amp;popup=1&amp;item=1714" target="_blank">Details anzeigen</a>]]></description>
					<styleUrl>#dhv_landeplatz</styleUrl>
					<Point>
						<coordinates>7.288561,46.181111</coordinates>
					</Point>
				</Placemark>
			</Folder>
			<Folder>
				<name>Heimat</name>
				<description><![CDATA[Hanggelände für Gleitschirme und Hängegleiter<br/>Max. Höhendifferenz 1084m.<br/><a href="https://service.dhv.de/db2/details.php?qi=glp_details&amp;popup=1&amp;item=1697">Details anzeigen</a>]]></description>
				<styleUrl>#dhv_gelaende</styleUrl>
				<open>0</open>
				<Placemark>
					<name>Heimat Startplatz</name>
					<description><![CDATA[Startplatz, Startrichtung SO<br/>Gemeinde Fiesch, Höhe NN 2142m<br/><a href="https://service.dhv.de/db2/details.php?qi=glp_details&amp;popup=1&amp;item=1697" target="_blank">Details anzeigen</a>]]></description>
					<styleUrl>#dhv_startplatz</styleUrl>
					<Point>
						<coordinates>8.108539,46.414619</coordinates>
					</Point>
				</Placemark>
				<Placemark>
					<name>Galfera Landeplatz 1</name>
					<description><![CDATA[Landeplatz<br/>Gemeinde Fiesch, Höhe NN 1087m<br/><a href="https://service.dhv.de/db2/details.php?qi=glp_details&amp;popup=1&amp;item=1697" target="_blank">Details anzeigen</a>]]></description>
					<styleUrl>#dhv_landeplatz</styleUrl>
					<Point>
						<coordinates>8.144911,46.420483</coordinates>
					</Point>
				</Placemark>
				<Placemark>
					<name>Galfera Landeplatz 2</name>
					<description><![CDATA[Landeplatz<br/>Gemeinde Fiesch, Höhe NN 1058m<br/><a href="https://service.dhv.de/db2/details.php?qi=glp_details&amp;popup=1&amp;item=1697" target="_blank">Details anzeigen</a>]]></description>
					<styleUrl>#dhv_landeplatz</styleUrl>
					<Point>
						<coordinates>8.137942,46.409219</coordinates>
					</Point>
				</Placemark>
			</Folder>
			<Folder>
				<name>Hockenhorngrat</name>
				<description><![CDATA[Hanggelände für Gleitschirme<br/>Max. Höhendifferenz 936m.<br/><a href="https://service.dhv.de/db2/details.php?qi=glp_details&amp;popup=1&amp;item=1717">Details anzeigen</a>]]></description>
				<styleUrl>#dhv_gelaende</styleUrl>
				<open>0</open>
				<Placemark>
					<name>Hockenhorngrat Startplatz</name>
					<description><![CDATA[Startplatz, Startrichtung SO<br/>Gemeinde Wiler, Höhe NN 3038m<br/><a href="https://service.dhv.de/db2/details.php?qi=glp_details&amp;popup=1&amp;item=1717" target="_blank">Details anzeigen</a>]]></description>
					<styleUrl>#dhv_startplatz</styleUrl>
					<Point>
						<coordinates>7.748011,46.426667</coordinates>
					</Point>
				</Placemark>
				<Placemark>
					<name>Hockenhorngrat Landeplatz</name>
					<description><![CDATA[Landeplatz<br/>Gemeinde Wiler, Höhe NN 2102m<br/><a href="https://service.dhv.de/db2/details.php?qi=glp_details&amp;popup=1&amp;item=1717" target="_blank">Details anzeigen</a>]]></description>
					<styleUrl>#dhv_landeplatz</styleUrl>
					<Point>
						<coordinates>7.768825,46.414294</coordinates>
					</Point>
				</Placemark>
			</Folder>
			<Folder>
				<name>Jeizinen</name>
				<description><![CDATA[Hanggelände für Gleitschirme<br/>Max. Höhendifferenz 1005m.<br/><a href="https://service.dhv.de/db2/details.php?qi=glp_details&amp;popup=1&amp;item=2104">Details anzeigen</a>]]></description>
				<styleUrl>#dhv_gelaende</styleUrl>
				<open>0</open>
				<Placemark>
					<name>Jeizinen Startplatz</name>
					<description><![CDATA[Startplatz, Startrichtung SO-S<br/>Gemeinde Gampel, Höhe NN 1637m<br/><a href="https://service.dhv.de/db2/details.php?qi=glp_details&amp;popup=1&amp;item=2104" target="_blank">Details anzeigen</a>]]></description>
					<styleUrl>#dhv_startplatz</styleUrl>
					<Point>
						<coordinates>7.729858,46.330714</coordinates>
					</Point>
				</Placemark>
				<Placemark>
					<name>Jeizinen Landeplatz</name>
					<description><![CDATA[Landeplatz<br/>Gemeinde Gampel, Höhe NN 632m<br/><a href="https://service.dhv.de/db2/details.php?qi=glp_details&amp;popup=1&amp;item=2104" target="_blank">Details anzeigen</a>]]></description>
					<styleUrl>#dhv_landeplatz</styleUrl>
					<Point>
						<coordinates>7.738594,46.313828</coordinates>
					</Point>
				</Placemark>
			</Folder>
			<Folder>
				<name>Kleines Matterhorn</name>
				<description><![CDATA[Hanggelände für Gleitschirme<br/>Max. Höhendifferenz 2186m.<br/><a href="https://service.dhv.de/db2/details.php?qi=glp_details&amp;popup=1&amp;item=1707">Details anzeigen</a>]]></description>
				<styleUrl>#dhv_gelaende</styleUrl>
				<open>0</open>
				<Placemark>
					<name>Kleines Matterhorn Startplatz</name>
					<description><![CDATA[Startplatz, Startrichtung W<br/>Gemeinde Zermatt, Höhe NN 3806m<br/><a href="https://service.dhv.de/db2/details.php?qi=glp_details&amp;popup=1&amp;item=1707" target="_blank">Details anzeigen</a>]]></description>
					<styleUrl>#dhv_startplatz</styleUrl>
					<Point>
						<coordinates>7.729351,45.936656</coordinates>
					</Point>
				</Placemark>
				<Placemark>
					<name>Riffelberg Landeplatz</name>
					<description><![CDATA[Landeplatz<br/>Gemeinde Zermatt, Höhe NN 1620m<br/><a href="https://service.dhv.de/db2/details.php?qi=glp_details&amp;popup=1&amp;item=1707" target="_blank">Details anzeigen</a>]]></description>
					<styleUrl>#dhv_landeplatz</styleUrl>
					<Point>
						<coordinates>7.748694,46.025961</coordinates>
					</Point>
				</Placemark>
			</Folder>
			<Folder>
				<name>Kühboden</name>
				<description><![CDATA[Hanggelände für Gleitschirme und Hängegleiter<br/>Max. Höhendifferenz 1129m.<br/><a href="https://service.dhv.de/db2/details.php?qi=glp_details&amp;popup=1&amp;item=1722">Details anzeigen</a>]]></description>
				<styleUrl>#dhv_gelaende</styleUrl>
				<open>0</open>
				<Placemark>
					<name>Kühboden Startplatz 1</name>
					<description><![CDATA[Startplatz, Startrichtung O-SO<br/>Gemeinde Fiesch, Höhe NN 2187m<br/><a href="https://service.dhv.de/db2/details.php?qi=glp_details&amp;popup=1&amp;item=1722" target="_blank">Details anzeigen</a>]]></description>
					<styleUrl>#dhv_startplatz</styleUrl>
					<Point>
						<coordinates>8.102803,46.411267</coordinates>
					</Point>
				</Placemark>
				<Placemark>
					<name>Kühboden Startplatz 2</name>
					<description><![CDATA[Startplatz, Startrichtung O-SO<br/>Gemeinde Fiesch, Höhe NN 2187m<br/><a href="https://service.dhv.de/db2/details.php?qi=glp_details&amp;popup=1&amp;item=1722" target="_blank">Details anzeigen</a>]]></description>
					<styleUrl>#dhv_startplatz</styleUrl>
					<Point>
						<coordinates>8.103372,46.412395</coordinates>
					</Point>
				</Placemark>
				<Placemark>
					<name>Galfera Landeplatz 1</name>
					<description><![CDATA[Landeplatz<br/>Gemeinde Fiesch, Höhe NN 1087m<br/><a href="https://service.dhv.de/db2/details.php?qi=glp_details&amp;popup=1&amp;item=1722" target="_blank">Details anzeigen</a>]]></description>
					<styleUrl>#dhv_landeplatz</styleUrl>
					<Point>
						<coordinates>8.144911,46.420483</coordinates>
					</Point>
				</Placemark>
				<Placemark>
					<name>Galfera Landeplatz 2</name>
					<description><![CDATA[Landeplatz<br/>Gemeinde Fiesch, Höhe NN 1058m<br/><a href="https://service.dhv.de/db2/details.php?qi=glp_details&amp;popup=1&amp;item=1722" target="_blank">Details anzeigen</a>]]></description>
					<styleUrl>#dhv_landeplatz</styleUrl>
					<Point>
						<coordinates>8.137942,46.409219</coordinates>
					</Point>
				</Placemark>
			</Folder>
			<Folder>
				<name>La Breya</name>
				<description><![CDATA[Hanggelände für Gleitschirme<br/>Max. Höhendifferenz 1236m.<br/><a href="https://service.dhv.de/db2/details.php?qi=glp_details&amp;popup=1&amp;item=5377">Details anzeigen</a>]]></description>
				<styleUrl>#dhv_gelaende</styleUrl>
				<open>0</open>
				<Placemark>
					<name>La Breya Startplatz</name>
					<description><![CDATA[Startplatz, Startrichtung SO<br/>Gemeinde Orsieres, Höhe NN 2198m<br/><a href="https://service.dhv.de/db2/details.php?qi=glp_details&amp;popup=1&amp;item=5377" target="_blank">Details anzeigen</a>]]></description>
					<styleUrl>#dhv_startplatz</styleUrl>
					<Point>
						<coordinates>7.101756,46.020250</coordinates>
					</Point>
				</Placemark>
				<Placemark>
					<name>La Breya Landeplatz</name>
					<description><![CDATA[Landeplatz<br/>Gemeinde Orsieres, Höhe NN 962m<br/><a href="https://service.dhv.de/db2/details.php?qi=glp_details&amp;popup=1&amp;item=5377" target="_blank">Details anzeigen</a>]]></description>
					<styleUrl>#dhv_landeplatz</styleUrl>
					<Point>
						<coordinates>7.134700,46.019011</coordinates>
					</Point>
				</Placemark>
			</Folder>
			<Folder>
				<name>La Chaux Anteme</name>
				<description><![CDATA[Hanggelände für Gleitschirme<br/>Max. Höhendifferenz 859m.<br/><a href="https://service.dhv.de/db2/details.php?qi=glp_details&amp;popup=1&amp;item=5374">Details anzeigen</a>]]></description>
				<styleUrl>#dhv_gelaende</styleUrl>
				<open>0</open>
				<Placemark>
					<name>La Caux Anteme Startplatz</name>
					<description><![CDATA[Startplatz, Startrichtung SW-W<br/>Gemeinde Champery, Höhe NN 1744m<br/><a href="https://service.dhv.de/db2/details.php?qi=glp_details&amp;popup=1&amp;item=5374" target="_blank">Details anzeigen</a>]]></description>
					<styleUrl>#dhv_startplatz</styleUrl>
					<Point>
						<coordinates>6.886144,46.165436</coordinates>
					</Point>
				</Placemark>
				<Placemark>
					<name>Aiguille de Champeys Landeplatz</name>
					<description><![CDATA[Landeplatz<br/>Gemeinde Vald-D&#039;Illiez, Höhe NN 885m<br/><a href="https://service.dhv.de/db2/details.php?qi=glp_details&amp;popup=1&amp;item=5374" target="_blank">Details anzeigen</a>]]></description>
					<styleUrl>#dhv_landeplatz</styleUrl>
					<Point>
						<coordinates>6.887769,46.185941</coordinates>
					</Point>
				</Placemark>
			</Folder>
			<Folder>
				<name>La Jorette</name>
				<description><![CDATA[Hanggelände für Gleitschirme<br/>Max. Höhendifferenz 1214m.<br/><a href="https://service.dhv.de/db2/details.php?qi=glp_details&amp;popup=1&amp;item=1724">Details anzeigen</a>]]></description>
				<styleUrl>#dhv_gelaende</styleUrl>
				<open>0</open>
				<Placemark>
					<name>La Jorette Startplatz</name>
					<description><![CDATA[Startplatz, Startrichtung N<br/>Gemeinde Vionnaz, Höhe NN 1601m<br/><a href="https://service.dhv.de/db2/details.php?qi=glp_details&amp;popup=1&amp;item=1724" target="_blank">Details anzeigen</a>]]></description>
					<styleUrl>#dhv_startplatz</styleUrl>
					<Point>
						<coordinates>6.857239,46.304645</coordinates>
					</Point>
				</Placemark>
				<Placemark>
					<name>La Jorette Landeplatz</name>
					<description><![CDATA[Landeplatz<br/>Gemeinde Vionnaz, Höhe NN 387m<br/><a href="https://service.dhv.de/db2/details.php?qi=glp_details&amp;popup=1&amp;item=1724" target="_blank">Details anzeigen</a>]]></description>
					<styleUrl>#dhv_landeplatz</styleUrl>
					<Point>
						<coordinates>6.900925,46.315936</coordinates>
					</Point>
				</Placemark>
			</Folder>
			<Folder>
				<name>La Loutze</name>
				<description><![CDATA[Hanggelände für Gleitschirme<br/>Max. Höhendifferenz 1314m.<br/><a href="https://service.dhv.de/db2/details.php?qi=glp_details&amp;popup=1&amp;item=1736">Details anzeigen</a>]]></description>
				<styleUrl>#dhv_gelaende</styleUrl>
				<open>0</open>
				<Placemark>
					<name>La Loutze Startplatz</name>
					<description><![CDATA[Startplatz, Startrichtung SO<br/>Gemeinde Leytron, Höhe NN 1784m<br/><a href="https://service.dhv.de/db2/details.php?qi=glp_details&amp;popup=1&amp;item=1736" target="_blank">Details anzeigen</a>]]></description>
					<styleUrl>#dhv_startplatz</styleUrl>
					<Point>
						<coordinates>7.164642,46.212953</coordinates>
					</Point>
				</Placemark>
				<Placemark>
					<name>La Loutze Landeplatz</name>
					<description><![CDATA[Landeplatz<br/>Gemeinde Leytron, Höhe NN 470m<br/><a href="https://service.dhv.de/db2/details.php?qi=glp_details&amp;popup=1&amp;item=1736" target="_blank">Details anzeigen</a>]]></description>
					<styleUrl>#dhv_landeplatz</styleUrl>
					<Point>
						<coordinates>7.205247,46.180572</coordinates>
					</Point>
				</Placemark>
			</Folder>
			<Folder>
				<name>La Tournelle</name>
				<description><![CDATA[Hanggelände für Gleitschirme<br/>Max. Höhendifferenz 851m.<br/><a href="https://service.dhv.de/db2/details.php?qi=glp_details&amp;popup=1&amp;item=1695">Details anzeigen</a>]]></description>
				<styleUrl>#dhv_gelaende</styleUrl>
				<open>0</open>
				<Placemark>
					<name>La Tournelle Startplatz 2</name>
					<description><![CDATA[Startplatz, Startrichtung S<br/>Gemeinde Verbier, Höhe NN 2360m<br/><a href="https://service.dhv.de/db2/details.php?qi=glp_details&amp;popup=1&amp;item=1695" target="_blank">Details anzeigen</a>]]></description>
					<styleUrl>#dhv_startplatz</styleUrl>
					<Point>
						<coordinates>7.209922,46.119742</coordinates>
					</Point>
				</Placemark>
				<Placemark>
					<name>La Tournelle Startplatz 1</name>
					<description><![CDATA[Startplatz, Startrichtung SO<br/>Gemeinde Verbier, Höhe NN 2357m<br/><a href="https://service.dhv.de/db2/details.php?qi=glp_details&amp;popup=1&amp;item=1695" target="_blank">Details anzeigen</a>]]></description>
					<styleUrl>#dhv_startplatz</styleUrl>
					<Point>
						<coordinates>7.212217,46.121736</coordinates>
					</Point>
				</Placemark>
				<Placemark>
					<name>Ruinette Landeplatz 1</name>
					<description><![CDATA[Landeplatz<br/>Gemeinde Verbier, Höhe NN 1694m<br/><a href="https://service.dhv.de/db2/details.php?qi=glp_details&amp;popup=1&amp;item=1695" target="_blank">Details anzeigen</a>]]></description>
					<styleUrl>#dhv_landeplatz</styleUrl>
					<Point>
						<coordinates>7.236253,46.107639</coordinates>
					</Point>
				</Placemark>
				<Placemark>
					<name>Croix de Coeur Landeplatz</name>
					<description><![CDATA[Landeplatz<br/>Gemeinde Verbier, Höhe NN 1509m<br/><a href="https://service.dhv.de/db2/details.php?qi=glp_details&amp;popup=1&amp;item=1695" target="_blank">Details anzeigen</a>]]></description>
					<styleUrl>#dhv_landeplatz</styleUrl>
					<Point>
						<coordinates>7.219397,46.101572</coordinates>
					</Point>
				</Placemark>
			</Folder>
			<Folder>
				<name>Laucheralp</name>
				<description><![CDATA[Hanggelände für Gleitschirme und Hängegleiter<br/><a href="https://service.dhv.de/db2/details.php?qi=glp_details&amp;popup=1&amp;item=1964">Details anzeigen</a>]]></description>
				<styleUrl>#dhv_gelaende</styleUrl>
				<open>0</open>
				<Placemark>
					<name>Laucheralp Startplatz</name>
					<description><![CDATA[Startplatz, Startrichtung SO-S<br/>Gemeinde Wiler, Höhe NN 1981m<br/><a href="https://service.dhv.de/db2/details.php?qi=glp_details&amp;popup=1&amp;item=1964" target="_blank">Details anzeigen</a>]]></description>
					<styleUrl>#dhv_startplatz</styleUrl>
					<Point>
						<coordinates>7.771050,46.410747</coordinates>
					</Point>
				</Placemark>
			</Folder>
			<Folder>
				<name>Leiggern</name>
				<description><![CDATA[Hanggelände für Gleitschirme<br/>Max. Höhendifferenz 990m.<br/><a href="https://service.dhv.de/db2/details.php?qi=glp_details&amp;popup=1&amp;item=5358">Details anzeigen</a>]]></description>
				<styleUrl>#dhv_gelaende</styleUrl>
				<open>0</open>
				<Placemark>
					<name>Leiggern Startplatz</name>
					<description><![CDATA[Startplatz, Startrichtung S-SW<br/>Gemeinde Baltschieder, Höhe NN 1634m<br/><a href="https://service.dhv.de/db2/details.php?qi=glp_details&amp;popup=1&amp;item=5358" target="_blank">Details anzeigen</a>]]></description>
					<styleUrl>#dhv_startplatz</styleUrl>
					<Point>
						<coordinates>7.837717,46.326939</coordinates>
					</Point>
				</Placemark>
				<Placemark>
					<name>Leiggern Landeplatz</name>
					<description><![CDATA[Landeplatz<br/>Gemeinde Baltschieder, Höhe NN 644m<br/><a href="https://service.dhv.de/db2/details.php?qi=glp_details&amp;popup=1&amp;item=5358" target="_blank">Details anzeigen</a>]]></description>
					<styleUrl>#dhv_landeplatz</styleUrl>
					<Point>
						<coordinates>7.857414,46.307136</coordinates>
					</Point>
				</Placemark>
			</Folder>
			<Folder>
				<name>Les Attelas</name>
				<description><![CDATA[Hanggelände für Gleitschirme<br/>Max. Höhendifferenz 1842m.<br/><a href="https://service.dhv.de/db2/details.php?qi=glp_details&amp;popup=1&amp;item=1694">Details anzeigen</a>]]></description>
				<styleUrl>#dhv_gelaende</styleUrl>
				<open>0</open>
				<Placemark>
					<name>Les Attelas Startplatz</name>
					<description><![CDATA[Startplatz, Startrichtung SW-W<br/>Gemeinde Verbier, Höhe NN 2672m<br/><a href="https://service.dhv.de/db2/details.php?qi=glp_details&amp;popup=1&amp;item=1694" target="_blank">Details anzeigen</a>]]></description>
					<styleUrl>#dhv_startplatz</styleUrl>
					<Point>
						<coordinates>7.266936,46.100308</coordinates>
					</Point>
				</Placemark>
				<Placemark>
					<name>Ruinette Landeplatz 1</name>
					<description><![CDATA[Landeplatz<br/>Gemeinde Verbier, Höhe NN 1694m<br/><a href="https://service.dhv.de/db2/details.php?qi=glp_details&amp;popup=1&amp;item=1694" target="_blank">Details anzeigen</a>]]></description>
					<styleUrl>#dhv_landeplatz</styleUrl>
					<Point>
						<coordinates>7.236253,46.107639</coordinates>
					</Point>
				</Placemark>
				<Placemark>
					<name>Croix de Coeur Landeplatz</name>
					<description><![CDATA[Landeplatz<br/>Gemeinde Verbier, Höhe NN 1509m<br/><a href="https://service.dhv.de/db2/details.php?qi=glp_details&amp;popup=1&amp;item=1694" target="_blank">Details anzeigen</a>]]></description>
					<styleUrl>#dhv_landeplatz</styleUrl>
					<Point>
						<coordinates>7.219397,46.101572</coordinates>
					</Point>
				</Placemark>
				<Placemark>
					<name>Ruinettes Landeplatz 2</name>
					<description><![CDATA[Landeplatz<br/>Gemeinde Verbier, Höhe NN 933m<br/><a href="https://service.dhv.de/db2/details.php?qi=glp_details&amp;popup=1&amp;item=1694" target="_blank">Details anzeigen</a>]]></description>
					<styleUrl>#dhv_landeplatz</styleUrl>
					<Point>
						<coordinates>7.236608,46.059372</coordinates>
					</Point>
				</Placemark>
				<Placemark>
					<name>Ruinettes Landeplatz 3</name>
					<description><![CDATA[Landeplatz<br/>Gemeinde Verbier, Höhe NN 858m<br/><a href="https://service.dhv.de/db2/details.php?qi=glp_details&amp;popup=1&amp;item=1694" target="_blank">Details anzeigen</a>]]></description>
					<styleUrl>#dhv_landeplatz</styleUrl>
					<Point>
						<coordinates>7.226053,46.072072</coordinates>
					</Point>
				</Placemark>
				<Placemark>
					<name>Ruinettes Landeplatz 4</name>
					<description><![CDATA[Landeplatz<br/>Gemeinde Verbier, Höhe NN 830m<br/><a href="https://service.dhv.de/db2/details.php?qi=glp_details&amp;popup=1&amp;item=1694" target="_blank">Details anzeigen</a>]]></description>
					<styleUrl>#dhv_landeplatz</styleUrl>
					<Point>
						<coordinates>7.216631,46.077969</coordinates>
					</Point>
				</Placemark>
			</Folder>
			<Folder>
				<name>Les Crosets</name>
				<description><![CDATA[Hanggelände für Gleitschirme<br/>Max. Höhendifferenz 1381m.<br/><a href="https://service.dhv.de/db2/details.php?qi=glp_details&amp;popup=1&amp;item=5372">Details anzeigen</a>]]></description>
				<styleUrl>#dhv_gelaende</styleUrl>
				<open>0</open>
				<Placemark>
					<name>Les Crosets Startplatz 2</name>
					<description><![CDATA[Startplatz, Startrichtung W, O<br/>Gemeinde Champery, Höhe NN 2266m<br/><a href="https://service.dhv.de/db2/details.php?qi=glp_details&amp;popup=1&amp;item=5372" target="_blank">Details anzeigen</a>]]></description>
					<styleUrl>#dhv_startplatz</styleUrl>
					<Point>
						<coordinates>6.815828,46.191031</coordinates>
					</Point>
				</Placemark>
				<Placemark>
					<name>Les Crosets Startplatz 1</name>
					<description><![CDATA[Startplatz, Startrichtung SO<br/>Gemeinde Champery, Höhe NN 2025m<br/><a href="https://service.dhv.de/db2/details.php?qi=glp_details&amp;popup=1&amp;item=5372" target="_blank">Details anzeigen</a>]]></description>
					<styleUrl>#dhv_startplatz</styleUrl>
					<Point>
						<coordinates>6.827881,46.190806</coordinates>
					</Point>
				</Placemark>
				<Placemark>
					<name>Aiguille de Champeys Landeplatz</name>
					<description><![CDATA[Landeplatz<br/>Gemeinde Vald-D&#039;Illiez, Höhe NN 885m<br/><a href="https://service.dhv.de/db2/details.php?qi=glp_details&amp;popup=1&amp;item=5372" target="_blank">Details anzeigen</a>]]></description>
					<styleUrl>#dhv_landeplatz</styleUrl>
					<Point>
						<coordinates>6.887769,46.185941</coordinates>
					</Point>
				</Placemark>
			</Folder>
			<Folder>
				<name>Les Verneys</name>
				<description><![CDATA[Hanggelände für Gleitschirme<br/>Max. Höhendifferenz 688m.<br/><a href="https://service.dhv.de/db2/details.php?qi=glp_details&amp;popup=1&amp;item=5375">Details anzeigen</a>]]></description>
				<styleUrl>#dhv_gelaende</styleUrl>
				<open>0</open>
				<Placemark>
					<name>Les Vernays Startplatz</name>
					<description><![CDATA[Startplatz, Startrichtung SW-W<br/>Gemeinde Bex, Höhe NN 1178m<br/><a href="https://service.dhv.de/db2/details.php?qi=glp_details&amp;popup=1&amp;item=5375" target="_blank">Details anzeigen</a>]]></description>
					<styleUrl>#dhv_startplatz</styleUrl>
					<Point>
						<coordinates>7.046819,46.247019</coordinates>
					</Point>
				</Placemark>
				<Placemark>
					<name>Les Vernays Landeplatz</name>
					<description><![CDATA[Landeplatz<br/>Gemeinde Bex, Höhe NN 490m<br/><a href="https://service.dhv.de/db2/details.php?qi=glp_details&amp;popup=1&amp;item=5375" target="_blank">Details anzeigen</a>]]></description>
					<styleUrl>#dhv_landeplatz</styleUrl>
					<Point>
						<coordinates>7.028100,46.242083</coordinates>
					</Point>
				</Placemark>
			</Folder>
			<Folder>
				<name>Mayen</name>
				<description><![CDATA[Hanggelände für Gleitschirme<br/><a href="https://service.dhv.de/db2/details.php?qi=glp_details&amp;popup=1&amp;item=5353">Details anzeigen</a>]]></description>
				<styleUrl>#dhv_gelaende</styleUrl>
				<open>0</open>
				<Placemark>
					<name>Mayen Startplatz</name>
					<description><![CDATA[Startplatz, Startrichtung SO<br/>Gemeinde Vionnaz, Höhe NN 890m<br/><a href="https://service.dhv.de/db2/details.php?qi=glp_details&amp;popup=1&amp;item=5353" target="_blank">Details anzeigen</a>]]></description>
					<styleUrl>#dhv_startplatz</styleUrl>
					<Point>
						<coordinates>6.883608,46.314253</coordinates>
					</Point>
				</Placemark>
			</Folder>
			<Folder>
				<name>Moosalp</name>
				<description><![CDATA[Hanggelände für Gleitschirme<br/>Max. Höhendifferenz 1171m.<br/><a href="https://service.dhv.de/db2/details.php?qi=glp_details&amp;popup=1&amp;item=5371">Details anzeigen</a>]]></description>
				<styleUrl>#dhv_gelaende</styleUrl>
				<open>0</open>
				<Placemark>
					<name>Moosalp Startplatz</name>
					<description><![CDATA[Startplatz, Startrichtung O-SO<br/>Gemeinde St. Niklaus, Höhe NN 2320m<br/><a href="https://service.dhv.de/db2/details.php?qi=glp_details&amp;popup=1&amp;item=5371" target="_blank">Details anzeigen</a>]]></description>
					<styleUrl>#dhv_startplatz</styleUrl>
					<Point>
						<coordinates>7.820764,46.244917</coordinates>
					</Point>
				</Placemark>
				<Placemark>
					<name>Seetalhorn Landeplatz 2</name>
					<description><![CDATA[Landeplatz<br/>Gemeinde St. Niklaus, Höhe NN 1149m<br/><a href="https://service.dhv.de/db2/details.php?qi=glp_details&amp;popup=1&amp;item=5371" target="_blank">Details anzeigen</a>]]></description>
					<styleUrl>#dhv_landeplatz</styleUrl>
					<Point>
						<coordinates>7.809541,46.180930</coordinates>
					</Point>
				</Placemark>
			</Folder>
			<Folder>
				<name>Mutti</name>
				<description><![CDATA[Hanggelände für Gleitschirme und Hängegleiter<br/>Max. Höhendifferenz 727m.<br/><a href="https://service.dhv.de/db2/details.php?qi=glp_details&amp;popup=1&amp;item=1699">Details anzeigen</a>]]></description>
				<styleUrl>#dhv_gelaende</styleUrl>
				<open>0</open>
				<Placemark>
					<name>Mutti Startplatz</name>
					<description><![CDATA[Startplatz, Startrichtung SW<br/>Gemeinde Fiesch, Höhe NN 1785m<br/><a href="https://service.dhv.de/db2/details.php?qi=glp_details&amp;popup=1&amp;item=1699" target="_blank">Details anzeigen</a>]]></description>
					<styleUrl>#dhv_startplatz</styleUrl>
					<Point>
						<coordinates>8.155278,46.438028</coordinates>
					</Point>
				</Placemark>
				<Placemark>
					<name>Steibenkreuz Landeplatz 1</name>
					<description><![CDATA[Landeplatz<br/>Gemeinde Fiesch, Höhe NN 1365m<br/><a href="https://service.dhv.de/db2/details.php?qi=glp_details&amp;popup=1&amp;item=1699" target="_blank">Details anzeigen</a>]]></description>
					<styleUrl>#dhv_landeplatz</styleUrl>
					<Point>
						<coordinates>8.227981,46.461736</coordinates>
					</Point>
				</Placemark>
				<Placemark>
					<name>Steibenkreuz Landeplatz 2</name>
					<description><![CDATA[Landeplatz<br/>Gemeinde Fiesch, Höhe NN 1253m<br/><a href="https://service.dhv.de/db2/details.php?qi=glp_details&amp;popup=1&amp;item=1699" target="_blank">Details anzeigen</a>]]></description>
					<styleUrl>#dhv_landeplatz</styleUrl>
					<Point>
						<coordinates>8.193547,46.436739</coordinates>
					</Point>
				</Placemark>
				<Placemark>
					<name>Galfera Landeplatz 1</name>
					<description><![CDATA[Landeplatz<br/>Gemeinde Fiesch, Höhe NN 1087m<br/><a href="https://service.dhv.de/db2/details.php?qi=glp_details&amp;popup=1&amp;item=1699" target="_blank">Details anzeigen</a>]]></description>
					<styleUrl>#dhv_landeplatz</styleUrl>
					<Point>
						<coordinates>8.144911,46.420483</coordinates>
					</Point>
				</Placemark>
				<Placemark>
					<name>Galfera Landeplatz 2</name>
					<description><![CDATA[Landeplatz<br/>Gemeinde Fiesch, Höhe NN 1058m<br/><a href="https://service.dhv.de/db2/details.php?qi=glp_details&amp;popup=1&amp;item=1699" target="_blank">Details anzeigen</a>]]></description>
					<styleUrl>#dhv_landeplatz</styleUrl>
					<Point>
						<coordinates>8.137942,46.409219</coordinates>
					</Point>
				</Placemark>
			</Folder>
			<Folder>
				<name>Orsieres</name>
				<description><![CDATA[Hanggelände für Gleitschirme<br/>Max. Höhendifferenz 335m.<br/><a href="https://service.dhv.de/db2/details.php?qi=glp_details&amp;popup=1&amp;item=5378">Details anzeigen</a>]]></description>
				<styleUrl>#dhv_gelaende</styleUrl>
				<open>0</open>
				<Placemark>
					<name>Orsieres Startplatz</name>
					<description><![CDATA[Startplatz, Startrichtung O<br/>Gemeinde Orsieres, Höhe NN 1297m<br/><a href="https://service.dhv.de/db2/details.php?qi=glp_details&amp;popup=1&amp;item=5378" target="_blank">Details anzeigen</a>]]></description>
					<styleUrl>#dhv_startplatz</styleUrl>
					<Point>
						<coordinates>7.121203,46.018781</coordinates>
					</Point>
				</Placemark>
				<Placemark>
					<name>La Breya Landeplatz</name>
					<description><![CDATA[Landeplatz<br/>Gemeinde Orsieres, Höhe NN 962m<br/><a href="https://service.dhv.de/db2/details.php?qi=glp_details&amp;popup=1&amp;item=5378" target="_blank">Details anzeigen</a>]]></description>
					<styleUrl>#dhv_landeplatz</styleUrl>
					<Point>
						<coordinates>7.134700,46.019011</coordinates>
					</Point>
				</Placemark>
			</Folder>
			<Folder>
				<name>Pas de Maimbre</name>
				<description><![CDATA[Hanggelände für Gleitschirme<br/>Max. Höhendifferenz 1210m.<br/><a href="https://service.dhv.de/db2/details.php?qi=glp_details&amp;popup=1&amp;item=1754">Details anzeigen</a>]]></description>
				<styleUrl>#dhv_gelaende</styleUrl>
				<open>0</open>
				<Placemark>
					<name>Pas de Maimbre Startplatz 2</name>
					<description><![CDATA[Startplatz, Startrichtung W<br/>Gemeinde Anzere, Höhe NN 2353m<br/><a href="https://service.dhv.de/db2/details.php?qi=glp_details&amp;popup=1&amp;item=1754" target="_blank">Details anzeigen</a>]]></description>
					<styleUrl>#dhv_startplatz</styleUrl>
					<Point>
						<coordinates>7.385406,46.312350</coordinates>
					</Point>
				</Placemark>
				<Placemark>
					<name>Pas de Maimbre Startplatz 1</name>
					<description><![CDATA[Startplatz, Startrichtung SO<br/>Gemeinde Anzere, Höhe NN 2336m<br/><a href="https://service.dhv.de/db2/details.php?qi=glp_details&amp;popup=1&amp;item=1754" target="_blank">Details anzeigen</a>]]></description>
					<styleUrl>#dhv_startplatz</styleUrl>
					<Point>
						<coordinates>7.386681,46.312417</coordinates>
					</Point>
				</Placemark>
				<Placemark>
					<name>Pas de Maimbre Landelatz</name>
					<description><![CDATA[Landeplatz<br/>Gemeinde Anzere, Höhe NN 1143m<br/><a href="https://service.dhv.de/db2/details.php?qi=glp_details&amp;popup=1&amp;item=1754" target="_blank">Details anzeigen</a>]]></description>
					<styleUrl>#dhv_landeplatz</styleUrl>
					<Point>
						<coordinates>7.405511,46.284717</coordinates>
					</Point>
				</Placemark>
			</Folder>
			<Folder>
				<name>Petit Mont Bonvin</name>
				<description><![CDATA[Hanggelände für Gleitschirme und Hängegleiter<br/>Max. Höhendifferenz 1853m.<br/><a href="https://service.dhv.de/db2/details.php?qi=glp_details&amp;popup=1&amp;item=1965">Details anzeigen</a>]]></description>
				<styleUrl>#dhv_gelaende</styleUrl>
				<open>0</open>
				<Placemark>
					<name>Petit Mont Bonvin Startplatz 1</name>
					<description><![CDATA[Startplatz, Startrichtung S-SW<br/>Gemeinde Aminona, Höhe NN 2393m<br/><a href="https://service.dhv.de/db2/details.php?qi=glp_details&amp;popup=1&amp;item=1965" target="_blank">Details anzeigen</a>]]></description>
					<styleUrl>#dhv_startplatz</styleUrl>
					<Point>
						<coordinates>7.521017,46.352778</coordinates>
					</Point>
				</Placemark>
				<Placemark>
					<name>Petit Mont Bonvin Startplatz 2</name>
					<description><![CDATA[Startplatz, Startrichtung S<br/>Gemeinde Aminona, Höhe NN 2279m<br/><a href="https://service.dhv.de/db2/details.php?qi=glp_details&amp;popup=1&amp;item=1965" target="_blank">Details anzeigen</a>]]></description>
					<styleUrl>#dhv_startplatz</styleUrl>
					<Point>
						<coordinates>7.524272,46.347675</coordinates>
					</Point>
				</Placemark>
				<Placemark>
					<name>Petit Mont Bonvin Landeplatz 1</name>
					<description><![CDATA[Landeplatz<br/>Gemeinde Aminona, Höhe NN 1496m<br/><a href="https://service.dhv.de/db2/details.php?qi=glp_details&amp;popup=1&amp;item=1965" target="_blank">Details anzeigen</a>]]></description>
					<styleUrl>#dhv_landeplatz</styleUrl>
					<Point>
						<coordinates>7.527283,46.331408</coordinates>
					</Point>
				</Placemark>
				<Placemark>
					<name>Petit Mont Bonvin Landeplatz 2</name>
					<description><![CDATA[Landeplatz<br/>Gemeinde Aminona, Höhe NN 540m<br/><a href="https://service.dhv.de/db2/details.php?qi=glp_details&amp;popup=1&amp;item=1965" target="_blank">Details anzeigen</a>]]></description>
					<styleUrl>#dhv_landeplatz</styleUrl>
					<Point>
						<coordinates>7.555628,46.299303</coordinates>
					</Point>
				</Placemark>
			</Folder>
			<Folder>
				<name>Plaine Morte</name>
				<description><![CDATA[Hanggelände für Gleitschirme<br/>Max. Höhendifferenz 1412m.<br/><a href="https://service.dhv.de/db2/details.php?qi=glp_details&amp;popup=1&amp;item=5351">Details anzeigen</a>]]></description>
				<styleUrl>#dhv_gelaende</styleUrl>
				<open>0</open>
				<Placemark>
					<name>Plaine Morte Startplatz</name>
					<description><![CDATA[Startplatz, Startrichtung S-SW<br/>Gemeinde Crans Montana, Höhe NN 2907m<br/><a href="https://service.dhv.de/db2/details.php?qi=glp_details&amp;popup=1&amp;item=5351" target="_blank">Details anzeigen</a>]]></description>
					<styleUrl>#dhv_startplatz</styleUrl>
					<Point>
						<coordinates>7.487200,46.370389</coordinates>
					</Point>
				</Placemark>
				<Placemark>
					<name>Bellalui Landeplatz</name>
					<description><![CDATA[Landeplatz<br/>Gemeinde Crans-Montana, Höhe NN 1495m<br/><a href="https://service.dhv.de/db2/details.php?qi=glp_details&amp;popup=1&amp;item=5351" target="_blank">Details anzeigen</a>]]></description>
					<styleUrl>#dhv_landeplatz</styleUrl>
					<Point>
						<coordinates>7.478253,46.309397</coordinates>
					</Point>
				</Placemark>
			</Folder>
			<Folder>
				<name>Planachaux</name>
				<description><![CDATA[Hanggelände für Gleitschirme<br/>Max. Höhendifferenz 917m.<br/><a href="https://service.dhv.de/db2/details.php?qi=glp_details&amp;popup=1&amp;item=1685">Details anzeigen</a>]]></description>
				<styleUrl>#dhv_gelaende</styleUrl>
				<open>0</open>
				<Placemark>
					<name>Planachaux Startplatz 2</name>
					<description><![CDATA[Startplatz, Startrichtung NO<br/>Gemeinde Chambery, Höhe NN 1934m<br/><a href="https://service.dhv.de/db2/details.php?qi=glp_details&amp;popup=1&amp;item=1685" target="_blank">Details anzeigen</a>]]></description>
					<styleUrl>#dhv_startplatz</styleUrl>
					<Point>
						<coordinates>6.840450,46.177361</coordinates>
					</Point>
				</Placemark>
				<Placemark>
					<name>Planachaux Startplatz 1</name>
					<description><![CDATA[Startplatz, Startrichtung SW-W<br/>Gemeinde Chambery, Höhe NN 1929m<br/><a href="https://service.dhv.de/db2/details.php?qi=glp_details&amp;popup=1&amp;item=1685" target="_blank">Details anzeigen</a>]]></description>
					<styleUrl>#dhv_startplatz</styleUrl>
					<Point>
						<coordinates>6.840308,46.176733</coordinates>
					</Point>
				</Placemark>
				<Placemark>
					<name>Planachaux Startplatz 3</name>
					<description><![CDATA[Startplatz, Startrichtung N<br/>Gemeinde Chambery, Höhe NN 1925m<br/><a href="https://service.dhv.de/db2/details.php?qi=glp_details&amp;popup=1&amp;item=1685" target="_blank">Details anzeigen</a>]]></description>
					<styleUrl>#dhv_startplatz</styleUrl>
					<Point>
						<coordinates>6.844458,46.175850</coordinates>
					</Point>
				</Placemark>
				<Placemark>
					<name>Planachaux Startplatz 4</name>
					<description><![CDATA[Startplatz, Startrichtung N<br/>Gemeinde Chambery, Höhe NN 1911m<br/><a href="https://service.dhv.de/db2/details.php?qi=glp_details&amp;popup=1&amp;item=1685" target="_blank">Details anzeigen</a>]]></description>
					<styleUrl>#dhv_startplatz</styleUrl>
					<Point>
						<coordinates>6.840072,46.178228</coordinates>
					</Point>
				</Placemark>
				<Placemark>
					<name>Croix de Coeur Landeplatz</name>
					<description><![CDATA[Landeplatz<br/>Gemeinde Verbier, Höhe NN 1509m<br/><a href="https://service.dhv.de/db2/details.php?qi=glp_details&amp;popup=1&amp;item=1685" target="_blank">Details anzeigen</a>]]></description>
					<styleUrl>#dhv_landeplatz</styleUrl>
					<Point>
						<coordinates>7.219397,46.101572</coordinates>
					</Point>
				</Placemark>
				<Placemark>
					<name>Planachaux Landeplatz 1</name>
					<description><![CDATA[Landeplatz<br/>Gemeinde Chambery, Höhe NN 1068m<br/><a href="https://service.dhv.de/db2/details.php?qi=glp_details&amp;popup=1&amp;item=1685" target="_blank">Details anzeigen</a>]]></description>
					<styleUrl>#dhv_landeplatz</styleUrl>
					<Point>
						<coordinates>6.866014,46.173142</coordinates>
					</Point>
				</Placemark>
				<Placemark>
					<name>Planachaux Landeplatz 2</name>
					<description><![CDATA[Landeplatz<br/>Gemeinde Chambery, Höhe NN 1017m<br/><a href="https://service.dhv.de/db2/details.php?qi=glp_details&amp;popup=1&amp;item=1685" target="_blank">Details anzeigen</a>]]></description>
					<styleUrl>#dhv_landeplatz</styleUrl>
					<Point>
						<coordinates>6.865367,46.168858</coordinates>
					</Point>
				</Placemark>
			</Folder>
			<Folder>
				<name>Pointe de Bellevue</name>
				<description><![CDATA[Hanggelände für Gleitschirme<br/>Max. Höhendifferenz 1272m.<br/><a href="https://service.dhv.de/db2/details.php?qi=glp_details&amp;popup=1&amp;item=5369">Details anzeigen</a>]]></description>
				<styleUrl>#dhv_gelaende</styleUrl>
				<open>0</open>
				<Placemark>
					<name>Pointe de Bellevue Startplatz</name>
					<description><![CDATA[Startplatz, Startrichtung SO<br/>Gemeinde Monthey, Höhe NN 1667m<br/><a href="https://service.dhv.de/db2/details.php?qi=glp_details&amp;popup=1&amp;item=5369" target="_blank">Details anzeigen</a>]]></description>
					<styleUrl>#dhv_startplatz</styleUrl>
					<Point>
						<coordinates>6.904725,46.249083</coordinates>
					</Point>
				</Placemark>
				<Placemark>
					<name>Pointe de Bellevue Landeplatz 2</name>
					<description><![CDATA[Landeplatz<br/>Gemeinde Monthey, Höhe NN 402m<br/><a href="https://service.dhv.de/db2/details.php?qi=glp_details&amp;popup=1&amp;item=5369" target="_blank">Details anzeigen</a>]]></description>
					<styleUrl>#dhv_landeplatz</styleUrl>
					<Point>
						<coordinates>6.963983,46.245117</coordinates>
					</Point>
				</Placemark>
				<Placemark>
					<name>Pointe de Bellevue Landeplatz 1</name>
					<description><![CDATA[Landeplatz<br/>Gemeinde Monthey, Höhe NN 395m<br/><a href="https://service.dhv.de/db2/details.php?qi=glp_details&amp;popup=1&amp;item=5369" target="_blank">Details anzeigen</a>]]></description>
					<styleUrl>#dhv_landeplatz</styleUrl>
					<Point>
						<coordinates>6.959689,46.262281</coordinates>
					</Point>
				</Placemark>
			</Folder>
			<Folder>
				<name>Portes D'Onne</name>
				<description><![CDATA[Hanggelände für Gleitschirme<br/>Max. Höhendifferenz 1531m.<br/><a href="https://service.dhv.de/db2/details.php?qi=glp_details&amp;popup=1&amp;item=1756">Details anzeigen</a>]]></description>
				<styleUrl>#dhv_gelaende</styleUrl>
				<open>0</open>
				<Placemark>
					<name>Portes D'Onne Startplatz</name>
					<description><![CDATA[Startplatz, Startrichtung SO<br/>Gemeinde Vionnaz, Höhe NN 1918m<br/><a href="https://service.dhv.de/db2/details.php?qi=glp_details&amp;popup=1&amp;item=1756" target="_blank">Details anzeigen</a>]]></description>
					<styleUrl>#dhv_startplatz</styleUrl>
					<Point>
						<coordinates>6.865075,46.284292</coordinates>
					</Point>
				</Placemark>
				<Placemark>
					<name>La Jorette Landeplatz</name>
					<description><![CDATA[Landeplatz<br/>Gemeinde Vionnaz, Höhe NN 387m<br/><a href="https://service.dhv.de/db2/details.php?qi=glp_details&amp;popup=1&amp;item=1756" target="_blank">Details anzeigen</a>]]></description>
					<styleUrl>#dhv_landeplatz</styleUrl>
					<Point>
						<coordinates>6.900925,46.315936</coordinates>
					</Point>
				</Placemark>
			</Folder>
			<Folder>
				<name>Ried</name>
				<description><![CDATA[Hanggelände für Gleitschirme<br/>Max. Höhendifferenz 607m.<br/><a href="https://service.dhv.de/db2/details.php?qi=glp_details&amp;popup=1&amp;item=5357">Details anzeigen</a>]]></description>
				<styleUrl>#dhv_gelaende</styleUrl>
				<open>0</open>
				<Placemark>
					<name>Ried Startplatz</name>
					<description><![CDATA[Startplatz, Startrichtung SW<br/>Gemeinde Ried, Höhe NN 1488m<br/><a href="https://service.dhv.de/db2/details.php?qi=glp_details&amp;popup=1&amp;item=5357" target="_blank">Details anzeigen</a>]]></description>
					<styleUrl>#dhv_startplatz</styleUrl>
					<Point>
						<coordinates>8.040628,46.327772</coordinates>
					</Point>
				</Placemark>
				<Placemark>
					<name>Ried Landeplatz</name>
					<description><![CDATA[Landeplatz<br/>Gemeinde Ried, Höhe NN 881m<br/><a href="https://service.dhv.de/db2/details.php?qi=glp_details&amp;popup=1&amp;item=5357" target="_blank">Details anzeigen</a>]]></description>
					<styleUrl>#dhv_landeplatz</styleUrl>
					<Point>
						<coordinates>8.009964,46.313200</coordinates>
					</Point>
				</Placemark>
			</Folder>
			<Folder>
				<name>Riffelberg</name>
				<description><![CDATA[Hanggelände für Gleitschirme<br/>Max. Höhendifferenz 932m.<br/><a href="https://service.dhv.de/db2/details.php?qi=glp_details&amp;popup=1&amp;item=1705">Details anzeigen</a>]]></description>
				<styleUrl>#dhv_gelaende</styleUrl>
				<open>0</open>
				<Placemark>
					<name>Riffelberg Startplatz</name>
					<description><![CDATA[Startplatz, Startrichtung NW<br/>Gemeinde Zermatt, Höhe NN 2552m<br/><a href="https://service.dhv.de/db2/details.php?qi=glp_details&amp;popup=1&amp;item=1705" target="_blank">Details anzeigen</a>]]></description>
					<styleUrl>#dhv_startplatz</styleUrl>
					<Point>
						<coordinates>7.752453,45.993297</coordinates>
					</Point>
				</Placemark>
				<Placemark>
					<name>Riffelberg Landeplatz</name>
					<description><![CDATA[Landeplatz<br/>Gemeinde Zermatt, Höhe NN 1620m<br/><a href="https://service.dhv.de/db2/details.php?qi=glp_details&amp;popup=1&amp;item=1705" target="_blank">Details anzeigen</a>]]></description>
					<styleUrl>#dhv_landeplatz</styleUrl>
					<Point>
						<coordinates>7.748694,46.025961</coordinates>
					</Point>
				</Placemark>
			</Folder>
			<Folder>
				<name>Rinderhütte</name>
				<description><![CDATA[Hanggelände für Gleitschirme<br/>Max. Höhendifferenz 865m.<br/><a href="https://service.dhv.de/db2/details.php?qi=glp_details&amp;popup=1&amp;item=1762">Details anzeigen</a>]]></description>
				<styleUrl>#dhv_gelaende</styleUrl>
				<open>0</open>
				<Placemark>
					<name>Rinderhütte Startplatz</name>
					<description><![CDATA[Startplatz, Startrichtung W<br/>Gemeinde Leukerbad, Höhe NN 2309m<br/><a href="https://service.dhv.de/db2/details.php?qi=glp_details&amp;popup=1&amp;item=1762" target="_blank">Details anzeigen</a>]]></description>
					<styleUrl>#dhv_startplatz</styleUrl>
					<Point>
						<coordinates>7.648464,46.369550</coordinates>
					</Point>
				</Placemark>
				<Placemark>
					<name>Rinderhütte Landeplatz</name>
					<description><![CDATA[Landeplatz<br/>Gemeinde Leukerbad, Höhe NN 1444m<br/><a href="https://service.dhv.de/db2/details.php?qi=glp_details&amp;popup=1&amp;item=1762" target="_blank">Details anzeigen</a>]]></description>
					<styleUrl>#dhv_landeplatz</styleUrl>
					<Point>
						<coordinates>7.633011,46.382142</coordinates>
					</Point>
				</Placemark>
			</Folder>
			<Folder>
				<name>Roc D'Orsival</name>
				<description><![CDATA[Hanggelände für Gleitschirme<br/><a href="https://service.dhv.de/db2/details.php?qi=glp_details&amp;popup=1&amp;item=1763">Details anzeigen</a>]]></description>
				<styleUrl>#dhv_gelaende</styleUrl>
				<open>0</open>
				<Placemark>
					<name>Roc D'Orsival Startplatz</name>
					<description><![CDATA[Startplatz, Startrichtung N<br/>Gemeinde Grimetz, Höhe NN 2809m<br/><a href="https://service.dhv.de/db2/details.php?qi=glp_details&amp;popup=1&amp;item=1763" target="_blank">Details anzeigen</a>]]></description>
					<styleUrl>#dhv_startplatz</styleUrl>
					<Point>
						<coordinates>7.534089,46.194842</coordinates>
					</Point>
				</Placemark>
			</Folder>
			<Folder>
				<name>Ruinette</name>
				<description><![CDATA[Hanggelände für Gleitschirme und Hängegleiter<br/>Max. Höhendifferenz 1337m.<br/><a href="https://service.dhv.de/db2/details.php?qi=glp_details&amp;popup=1&amp;item=1693">Details anzeigen</a>]]></description>
				<styleUrl>#dhv_gelaende</styleUrl>
				<open>0</open>
				<Placemark>
					<name>Ruinettes Startplatz</name>
					<description><![CDATA[Startplatz, Startrichtung SW-W<br/>Gemeinde Verbier, Höhe NN 2167m<br/><a href="https://service.dhv.de/db2/details.php?qi=glp_details&amp;popup=1&amp;item=1693" target="_blank">Details anzeigen</a>]]></description>
					<styleUrl>#dhv_startplatz</styleUrl>
					<Point>
						<coordinates>7.251519,46.090006</coordinates>
					</Point>
				</Placemark>
				<Placemark>
					<name>Ruinette Landeplatz 1</name>
					<description><![CDATA[Landeplatz<br/>Gemeinde Verbier, Höhe NN 1694m<br/><a href="https://service.dhv.de/db2/details.php?qi=glp_details&amp;popup=1&amp;item=1693" target="_blank">Details anzeigen</a>]]></description>
					<styleUrl>#dhv_landeplatz</styleUrl>
					<Point>
						<coordinates>7.236253,46.107639</coordinates>
					</Point>
				</Placemark>
				<Placemark>
					<name>Croix de Coeur Landeplatz</name>
					<description><![CDATA[Landeplatz<br/>Gemeinde Verbier, Höhe NN 1509m<br/><a href="https://service.dhv.de/db2/details.php?qi=glp_details&amp;popup=1&amp;item=1693" target="_blank">Details anzeigen</a>]]></description>
					<styleUrl>#dhv_landeplatz</styleUrl>
					<Point>
						<coordinates>7.219397,46.101572</coordinates>
					</Point>
				</Placemark>
				<Placemark>
					<name>Ruinettes Landeplatz 2</name>
					<description><![CDATA[Landeplatz<br/>Gemeinde Verbier, Höhe NN 933m<br/><a href="https://service.dhv.de/db2/details.php?qi=glp_details&amp;popup=1&amp;item=1693" target="_blank">Details anzeigen</a>]]></description>
					<styleUrl>#dhv_landeplatz</styleUrl>
					<Point>
						<coordinates>7.236608,46.059372</coordinates>
					</Point>
				</Placemark>
				<Placemark>
					<name>Ruinettes Landeplatz 3</name>
					<description><![CDATA[Landeplatz<br/>Gemeinde Verbier, Höhe NN 858m<br/><a href="https://service.dhv.de/db2/details.php?qi=glp_details&amp;popup=1&amp;item=1693" target="_blank">Details anzeigen</a>]]></description>
					<styleUrl>#dhv_landeplatz</styleUrl>
					<Point>
						<coordinates>7.226053,46.072072</coordinates>
					</Point>
				</Placemark>
				<Placemark>
					<name>Ruinettes Landeplatz 4</name>
					<description><![CDATA[Landeplatz<br/>Gemeinde Verbier, Höhe NN 830m<br/><a href="https://service.dhv.de/db2/details.php?qi=glp_details&amp;popup=1&amp;item=1693" target="_blank">Details anzeigen</a>]]></description>
					<styleUrl>#dhv_landeplatz</styleUrl>
					<Point>
						<coordinates>7.216631,46.077969</coordinates>
					</Point>
				</Placemark>
			</Folder>
			<Folder>
				<name>Sarreyer</name>
				<description><![CDATA[Hanggelände für Gleitschirme und Hängegleiter<br/>Max. Höhendifferenz 1012m.<br/><a href="https://service.dhv.de/db2/details.php?qi=glp_details&amp;popup=1&amp;item=5518">Details anzeigen</a>]]></description>
				<styleUrl>#dhv_gelaende</styleUrl>
				<open>0</open>
				<Placemark>
					<name>Sarreyer Startplatz</name>
					<description><![CDATA[Startplatz, Startrichtung S<br/>Gemeinde Sarreyer, Höhe NN 1945m<br/><a href="https://service.dhv.de/db2/details.php?qi=glp_details&amp;popup=1&amp;item=5518" target="_blank">Details anzeigen</a>]]></description>
					<styleUrl>#dhv_startplatz</styleUrl>
					<Point>
						<coordinates>7.263122,46.071636</coordinates>
					</Point>
				</Placemark>
				<Placemark>
					<name>Ruinettes Landeplatz 2</name>
					<description><![CDATA[Landeplatz<br/>Gemeinde Verbier, Höhe NN 933m<br/><a href="https://service.dhv.de/db2/details.php?qi=glp_details&amp;popup=1&amp;item=5518" target="_blank">Details anzeigen</a>]]></description>
					<styleUrl>#dhv_landeplatz</styleUrl>
					<Point>
						<coordinates>7.236608,46.059372</coordinates>
					</Point>
				</Placemark>
			</Folder>
			<Folder>
				<name>Schwarzsee</name>
				<description><![CDATA[Hanggelände für Gleitschirme<br/>Max. Höhendifferenz 964m.<br/><a href="https://service.dhv.de/db2/details.php?qi=glp_details&amp;popup=1&amp;item=1706">Details anzeigen</a>]]></description>
				<styleUrl>#dhv_gelaende</styleUrl>
				<open>0</open>
				<Placemark>
					<name>Schwarzsee Startplatz</name>
					<description><![CDATA[Startplatz, Startrichtung NW, S<br/>Gemeinde Zermatt, Höhe NN 2584m<br/><a href="https://service.dhv.de/db2/details.php?qi=glp_details&amp;popup=1&amp;item=1706" target="_blank">Details anzeigen</a>]]></description>
					<styleUrl>#dhv_startplatz</styleUrl>
					<Point>
						<coordinates>7.709219,45.991897</coordinates>
					</Point>
				</Placemark>
				<Placemark>
					<name>Riffelberg Landeplatz</name>
					<description><![CDATA[Landeplatz<br/>Gemeinde Zermatt, Höhe NN 1620m<br/><a href="https://service.dhv.de/db2/details.php?qi=glp_details&amp;popup=1&amp;item=1706" target="_blank">Details anzeigen</a>]]></description>
					<styleUrl>#dhv_landeplatz</styleUrl>
					<Point>
						<coordinates>7.748694,46.025961</coordinates>
					</Point>
				</Placemark>
			</Folder>
			<Folder>
				<name>Seetalhorn</name>
				<description><![CDATA[Hanggelände für Gleitschirme<br/>Max. Höhendifferenz 1270m.<br/><a href="https://service.dhv.de/db2/details.php?qi=glp_details&amp;popup=1&amp;item=1772">Details anzeigen</a>]]></description>
				<styleUrl>#dhv_gelaende</styleUrl>
				<open>0</open>
				<Placemark>
					<name>Seetalhorn Startplatz</name>
					<description><![CDATA[Startplatz, Startrichtung SW-NW<br/>Gemeinde Grächen, Höhe NN 2861m<br/><a href="https://service.dhv.de/db2/details.php?qi=glp_details&amp;popup=1&amp;item=1772" target="_blank">Details anzeigen</a>]]></description>
					<styleUrl>#dhv_startplatz</styleUrl>
					<Point>
						<coordinates>7.858787,46.175960</coordinates>
					</Point>
				</Placemark>
				<Placemark>
					<name>Seetalhorn Startplatz 1</name>
					<description><![CDATA[Startplatz, Startrichtung SW-NW<br/>Gemeinde Grächen, Höhe NN 2861m<br/><a href="https://service.dhv.de/db2/details.php?qi=glp_details&amp;popup=1&amp;item=1966" target="_blank">Details anzeigen</a>]]></description>
					<styleUrl>#dhv_startplatz</styleUrl>
					<Point>
						<coordinates>7.858567,46.175981</coordinates>
					</Point>
				</Placemark>
				<Placemark>
					<name>Seetalhorn Startplatz 2</name>
					<description><![CDATA[Startplatz, Startrichtung NW-NO<br/>Gemeinde Grächen, Höhe NN 2839m<br/><a href="https://service.dhv.de/db2/details.php?qi=glp_details&amp;popup=1&amp;item=1966" target="_blank">Details anzeigen</a>]]></description>
					<styleUrl>#dhv_startplatz</styleUrl>
					<Point>
						<coordinates>7.859683,46.177736</coordinates>
					</Point>
				</Placemark>
				<Placemark>
					<name>Seetalhorn Landeplatz</name>
					<description><![CDATA[Landeplatz<br/>Gemeinde Grächen, Höhe NN 1591m<br/><a href="https://service.dhv.de/db2/details.php?qi=glp_details&amp;popup=1&amp;item=1772" target="_blank">Details anzeigen</a>]]></description>
					<styleUrl>#dhv_landeplatz</styleUrl>
					<Point>
						<coordinates>7.838797,46.198561</coordinates>
					</Point>
				</Placemark>
				<Placemark>
					<name>Seetalhorn Landeplatz 1</name>
					<description><![CDATA[Landeplatz<br/>Gemeinde Grächen, Höhe NN 1591m<br/><a href="https://service.dhv.de/db2/details.php?qi=glp_details&amp;popup=1&amp;item=1966" target="_blank">Details anzeigen</a>]]></description>
					<styleUrl>#dhv_landeplatz</styleUrl>
					<Point>
						<coordinates>7.838306,46.198225</coordinates>
					</Point>
				</Placemark>
				<Placemark>
					<name>Seetalhorn Landeplatz 2</name>
					<description><![CDATA[Landeplatz<br/>Gemeinde St. Niklaus, Höhe NN 1149m<br/><a href="https://service.dhv.de/db2/details.php?qi=glp_details&amp;popup=1&amp;item=1966" target="_blank">Details anzeigen</a>]]></description>
					<styleUrl>#dhv_landeplatz</styleUrl>
					<Point>
						<coordinates>7.809541,46.180930</coordinates>
					</Point>
				</Placemark>
			</Folder>
			<Folder>
				<name>Soi d'en Haut</name>
				<description><![CDATA[Hanggelände für Gleitschirme<br/>Max. Höhendifferenz 118m.<br/><a href="https://service.dhv.de/db2/details.php?qi=glp_details&amp;popup=1&amp;item=5373">Details anzeigen</a>]]></description>
				<styleUrl>#dhv_gelaende</styleUrl>
				<open>0</open>
				<Placemark>
					<name>Soi d'en Haut Startplatz 1</name>
					<description><![CDATA[Startplatz, Startrichtung SW<br/>Gemeinde Champery, Höhe NN 2051m<br/><a href="https://service.dhv.de/db2/details.php?qi=glp_details&amp;popup=1&amp;item=5373" target="_blank">Details anzeigen</a>]]></description>
					<styleUrl>#dhv_startplatz</styleUrl>
					<Point>
						<coordinates>6.916528,46.186836</coordinates>
					</Point>
				</Placemark>
				<Placemark>
					<name>Soi d'en Haut Startplatz 2</name>
					<description><![CDATA[Startplatz, Startrichtung SW<br/>Gemeinde Champery, Höhe NN 1933m<br/><a href="https://service.dhv.de/db2/details.php?qi=glp_details&amp;popup=1&amp;item=5373" target="_blank">Details anzeigen</a>]]></description>
					<styleUrl>#dhv_startplatz</styleUrl>
					<Point>
						<coordinates>6.916447,46.184722</coordinates>
					</Point>
				</Placemark>
				<Placemark>
					<name>Aiguille de Champeys Landeplatz</name>
					<description><![CDATA[Landeplatz<br/>Gemeinde Vald-D&#039;Illiez, Höhe NN 885m<br/><a href="https://service.dhv.de/db2/details.php?qi=glp_details&amp;popup=1&amp;item=5373" target="_blank">Details anzeigen</a>]]></description>
					<styleUrl>#dhv_landeplatz</styleUrl>
					<Point>
						<coordinates>6.887769,46.185941</coordinates>
					</Point>
				</Placemark>
			</Folder>
			<Folder>
				<name>Steibenkreuz</name>
				<description><![CDATA[Hanggelände für Gleitschirme und Hängegleiter<br/>Max. Höhendifferenz 1331m.<br/><a href="https://service.dhv.de/db2/details.php?qi=glp_details&amp;popup=1&amp;item=1698">Details anzeigen</a>]]></description>
				<styleUrl>#dhv_gelaende</styleUrl>
				<open>0</open>
				<Placemark>
					<name>Steibenkreuz Startplatz</name>
					<description><![CDATA[Startplatz, Startrichtung SW<br/>Gemeinde Fiesch, Höhe NN 2389m<br/><a href="https://service.dhv.de/db2/details.php?qi=glp_details&amp;popup=1&amp;item=1698" target="_blank">Details anzeigen</a>]]></description>
					<styleUrl>#dhv_startplatz</styleUrl>
					<Point>
						<coordinates>8.162336,46.447978</coordinates>
					</Point>
				</Placemark>
				<Placemark>
					<name>Steibenkreuz Landeplatz 1</name>
					<description><![CDATA[Landeplatz<br/>Gemeinde Fiesch, Höhe NN 1365m<br/><a href="https://service.dhv.de/db2/details.php?qi=glp_details&amp;popup=1&amp;item=1698" target="_blank">Details anzeigen</a>]]></description>
					<styleUrl>#dhv_landeplatz</styleUrl>
					<Point>
						<coordinates>8.227981,46.461736</coordinates>
					</Point>
				</Placemark>
				<Placemark>
					<name>Steibenkreuz Landeplatz 2</name>
					<description><![CDATA[Landeplatz<br/>Gemeinde Fiesch, Höhe NN 1253m<br/><a href="https://service.dhv.de/db2/details.php?qi=glp_details&amp;popup=1&amp;item=1698" target="_blank">Details anzeigen</a>]]></description>
					<styleUrl>#dhv_landeplatz</styleUrl>
					<Point>
						<coordinates>8.193547,46.436739</coordinates>
					</Point>
				</Placemark>
				<Placemark>
					<name>Galfera Landeplatz 1</name>
					<description><![CDATA[Landeplatz<br/>Gemeinde Fiesch, Höhe NN 1087m<br/><a href="https://service.dhv.de/db2/details.php?qi=glp_details&amp;popup=1&amp;item=1698" target="_blank">Details anzeigen</a>]]></description>
					<styleUrl>#dhv_landeplatz</styleUrl>
					<Point>
						<coordinates>8.144911,46.420483</coordinates>
					</Point>
				</Placemark>
				<Placemark>
					<name>Galfera Landeplatz 2</name>
					<description><![CDATA[Landeplatz<br/>Gemeinde Fiesch, Höhe NN 1058m<br/><a href="https://service.dhv.de/db2/details.php?qi=glp_details&amp;popup=1&amp;item=1698" target="_blank">Details anzeigen</a>]]></description>
					<styleUrl>#dhv_landeplatz</styleUrl>
					<Point>
						<coordinates>8.137942,46.409219</coordinates>
					</Point>
				</Placemark>
			</Folder>
			<Folder>
				<name>Sunnega</name>
				<description><![CDATA[Hanggelände für Gleitschirme<br/>Max. Höhendifferenz 691m.<br/><a href="https://service.dhv.de/db2/details.php?qi=glp_details&amp;popup=1&amp;item=1708">Details anzeigen</a>]]></description>
				<styleUrl>#dhv_gelaende</styleUrl>
				<open>0</open>
				<Placemark>
					<name>Sunnega Startplatz</name>
					<description><![CDATA[Startplatz, Startrichtung W-N<br/>Gemeinde Zermatt, Höhe NN 2311m<br/><a href="https://service.dhv.de/db2/details.php?qi=glp_details&amp;popup=1&amp;item=1708" target="_blank">Details anzeigen</a>]]></description>
					<styleUrl>#dhv_startplatz</styleUrl>
					<Point>
						<coordinates>7.770958,46.017997</coordinates>
					</Point>
				</Placemark>
				<Placemark>
					<name>Riffelberg Landeplatz</name>
					<description><![CDATA[Landeplatz<br/>Gemeinde Zermatt, Höhe NN 1620m<br/><a href="https://service.dhv.de/db2/details.php?qi=glp_details&amp;popup=1&amp;item=1708" target="_blank">Details anzeigen</a>]]></description>
					<styleUrl>#dhv_landeplatz</styleUrl>
					<Point>
						<coordinates>7.748694,46.025961</coordinates>
					</Point>
				</Placemark>
			</Folder>
			<Folder>
				<name>Ulrichen</name>
				<description><![CDATA[Hanggelände für Gleitschirme und Hängegleiter<br/>Max. Höhendifferenz 775m.<br/><a href="https://service.dhv.de/db2/details.php?qi=glp_details&amp;popup=1&amp;item=1963">Details anzeigen</a>]]></description>
				<styleUrl>#dhv_gelaende</styleUrl>
				<open>0</open>
				<Placemark>
					<name>Ulrichen Startplatz</name>
					<description><![CDATA[Startplatz, Startrichtung SO-S<br/>Gemeinde Ulrichen, Höhe NN 2122m<br/><a href="https://service.dhv.de/db2/details.php?qi=glp_details&amp;popup=1&amp;item=1963" target="_blank">Details anzeigen</a>]]></description>
					<styleUrl>#dhv_startplatz</styleUrl>
					<Point>
						<coordinates>8.291196,46.517296</coordinates>
					</Point>
				</Placemark>
				<Placemark>
					<name>Ulrichen Landeplatz</name>
					<description><![CDATA[Landeplatz<br/>Gemeinde Ulrichen, Höhe NN 1347m<br/><a href="https://service.dhv.de/db2/details.php?qi=glp_details&amp;popup=1&amp;item=1963" target="_blank">Details anzeigen</a>]]></description>
					<styleUrl>#dhv_landeplatz</styleUrl>
					<Point>
						<coordinates>8.293736,46.500589</coordinates>
					</Point>
				</Placemark>
			</Folder>
			<Folder>
				<name>Unterrothorn</name>
				<description><![CDATA[Hanggelände für Gleitschirme<br/>Max. Höhendifferenz 1475m.<br/><a href="https://service.dhv.de/db2/details.php?qi=glp_details&amp;popup=1&amp;item=1710">Details anzeigen</a>]]></description>
				<styleUrl>#dhv_gelaende</styleUrl>
				<open>0</open>
				<Placemark>
					<name>Unterrothorn Startplatz</name>
					<description><![CDATA[Startplatz, Startrichtung N, S<br/>Gemeinde Zermatt, Höhe NN 3095m<br/><a href="https://service.dhv.de/db2/details.php?qi=glp_details&amp;popup=1&amp;item=1710" target="_blank">Details anzeigen</a>]]></description>
					<styleUrl>#dhv_startplatz</styleUrl>
					<Point>
						<coordinates>7.798431,46.021272</coordinates>
					</Point>
				</Placemark>
				<Placemark>
					<name>Riffelberg Landeplatz</name>
					<description><![CDATA[Landeplatz<br/>Gemeinde Zermatt, Höhe NN 1620m<br/><a href="https://service.dhv.de/db2/details.php?qi=glp_details&amp;popup=1&amp;item=1710" target="_blank">Details anzeigen</a>]]></description>
					<styleUrl>#dhv_landeplatz</styleUrl>
					<Point>
						<coordinates>7.748694,46.025961</coordinates>
					</Point>
				</Placemark>
			</Folder>
			<Folder>
				<name>Vercorin</name>
				<description><![CDATA[Hanggelände für Gleitschirme und Hängegleiter<br/>Max. Höhendifferenz 1818m.<br/><a href="https://service.dhv.de/db2/details.php?qi=glp_details&amp;popup=1&amp;item=1777">Details anzeigen</a>]]></description>
				<styleUrl>#dhv_gelaende</styleUrl>
				<open>0</open>
				<Placemark>
					<name>Vercorin Startplatz 1</name>
					<description><![CDATA[Startplatz, Startrichtung SW-O<br/>Gemeinde Vercorin, Höhe NN 2329m<br/><a href="https://service.dhv.de/db2/details.php?qi=glp_details&amp;popup=1&amp;item=1777" target="_blank">Details anzeigen</a>]]></description>
					<styleUrl>#dhv_startplatz</styleUrl>
					<Point>
						<coordinates>7.529933,46.228959</coordinates>
					</Point>
				</Placemark>
				<Placemark>
					<name>Vercorin Startplatz 4</name>
					<description><![CDATA[Startplatz, Startrichtung W-NW<br/>Gemeinde Vercorin, Höhe NN 2322m<br/><a href="https://service.dhv.de/db2/details.php?qi=glp_details&amp;popup=1&amp;item=1777" target="_blank">Details anzeigen</a>]]></description>
					<styleUrl>#dhv_startplatz</styleUrl>
					<Point>
						<coordinates>7.527942,46.229361</coordinates>
					</Point>
				</Placemark>
				<Placemark>
					<name>Vercorin Startplatz 2</name>
					<description><![CDATA[Startplatz, Startrichtung N-NO<br/>Gemeinde Vercorin, Höhe NN 1897m<br/><a href="https://service.dhv.de/db2/details.php?qi=glp_details&amp;popup=1&amp;item=1777" target="_blank">Details anzeigen</a>]]></description>
					<styleUrl>#dhv_startplatz</styleUrl>
					<Point>
						<coordinates>7.527367,46.240633</coordinates>
					</Point>
				</Placemark>
				<Placemark>
					<name>Vercorin Startplatz 3</name>
					<description><![CDATA[Startplatz, Startrichtung NW-N<br/>Gemeinde Vercorin, Höhe NN 1418m<br/><a href="https://service.dhv.de/db2/details.php?qi=glp_details&amp;popup=1&amp;item=1777" target="_blank">Details anzeigen</a>]]></description>
					<styleUrl>#dhv_startplatz</styleUrl>
					<Point>
						<coordinates>7.520672,46.248250</coordinates>
					</Point>
				</Placemark>
				<Placemark>
					<name>Vercorin Landeplatz 1</name>
					<description><![CDATA[Landeplatz<br/>Gemeinde Vercorin, Höhe NN 1308m<br/><a href="https://service.dhv.de/db2/details.php?qi=glp_details&amp;popup=1&amp;item=1777" target="_blank">Details anzeigen</a>]]></description>
					<styleUrl>#dhv_landeplatz</styleUrl>
					<Point>
						<coordinates>7.533989,46.255014</coordinates>
					</Point>
				</Placemark>
				<Placemark>
					<name>Vercorin Landeplatz</name>
					<description><![CDATA[Landeplatz<br/>Gemeinde Vercorin, Höhe NN 511m<br/><a href="https://service.dhv.de/db2/details.php?qi=glp_details&amp;popup=1&amp;item=1777" target="_blank">Details anzeigen</a>]]></description>
					<styleUrl>#dhv_landeplatz</styleUrl>
					<Point>
						<coordinates>7.506886,46.271675</coordinates>
					</Point>
				</Placemark>
			</Folder>
			<Folder>
				<name>Veysonnaz</name>
				<description><![CDATA[Hanggelände für Gleitschirme<br/>Max. Höhendifferenz 615m.<br/><a href="https://service.dhv.de/db2/details.php?qi=glp_details&amp;popup=1&amp;item=2105">Details anzeigen</a>]]></description>
				<styleUrl>#dhv_gelaende</styleUrl>
				<open>0</open>
				<Placemark>
					<name>Veysonnaz Startplatz</name>
					<description><![CDATA[Startplatz, Startrichtung SW-W<br/>Gemeinde Veysonnaz, Höhe NN 1619m<br/><a href="https://service.dhv.de/db2/details.php?qi=glp_details&amp;popup=1&amp;item=2105" target="_blank">Details anzeigen</a>]]></description>
					<styleUrl>#dhv_startplatz</styleUrl>
					<Point>
						<coordinates>7.345969,46.187481</coordinates>
					</Point>
				</Placemark>
				<Placemark>
					<name>Veysonnaz Landeplatz 1</name>
					<description><![CDATA[Landeplatz<br/>Gemeinde Veysonnaz, Höhe NN 1318m<br/><a href="https://service.dhv.de/db2/details.php?qi=glp_details&amp;popup=1&amp;item=2105" target="_blank">Details anzeigen</a>]]></description>
					<styleUrl>#dhv_landeplatz</styleUrl>
					<Point>
						<coordinates>7.336517,46.192628</coordinates>
					</Point>
				</Placemark>
				<Placemark>
					<name>Veysonnaz Landeplatz 2</name>
					<description><![CDATA[Landeplatz<br/>Gemeinde Basse-Nendaz, Höhe NN 1004m<br/><a href="https://service.dhv.de/db2/details.php?qi=glp_details&amp;popup=1&amp;item=2105" target="_blank">Details anzeigen</a>]]></description>
					<styleUrl>#dhv_landeplatz</styleUrl>
					<Point>
						<coordinates>7.315711,46.187436</coordinates>
					</Point>
				</Placemark>
			</Folder>
			<Folder>
				<name>Virage</name>
				<description><![CDATA[Hanggelände für Gleitschirme<br/>Max. Höhendifferenz 624m.<br/><a href="https://service.dhv.de/db2/details.php?qi=glp_details&amp;popup=1&amp;item=5354">Details anzeigen</a>]]></description>
				<styleUrl>#dhv_gelaende</styleUrl>
				<open>0</open>
				<Placemark>
					<name>Virage Startplatz</name>
					<description><![CDATA[Startplatz, Startrichtung SO<br/>Gemeinde Vionnaz, Höhe NN 1011m<br/><a href="https://service.dhv.de/db2/details.php?qi=glp_details&amp;popup=1&amp;item=5354" target="_blank">Details anzeigen</a>]]></description>
					<styleUrl>#dhv_startplatz</styleUrl>
					<Point>
						<coordinates>6.879922,46.319747</coordinates>
					</Point>
				</Placemark>
				<Placemark>
					<name>La Jorette Landeplatz</name>
					<description><![CDATA[Landeplatz<br/>Gemeinde Vionnaz, Höhe NN 387m<br/><a href="https://service.dhv.de/db2/details.php?qi=glp_details&amp;popup=1&amp;item=5354" target="_blank">Details anzeigen</a>]]></description>
					<styleUrl>#dhv_landeplatz</styleUrl>
					<Point>
						<coordinates>6.900925,46.315936</coordinates>
					</Point>
				</Placemark>
			</Folder>
		</Folder>
		<Folder>
			<name>Zug</name>
			<open>0</open>
			<Folder>
				<name>Gottschalkenberg</name>
				<description><![CDATA[Hanggelände für Gleitschirme und Hängegleiter<br/>Max. Höhendifferenz 500m.<br/><a href="https://service.dhv.de/db2/details.php?qi=glp_details&amp;popup=1&amp;item=2106">Details anzeigen</a>]]></description>
				<styleUrl>#dhv_gelaende</styleUrl>
				<open>0</open>
				<Placemark>
					<name>Gottschalkenberg Startplatz</name>
					<description><![CDATA[Startplatz, Startrichtung N<br/>Gemeinde Hütten, Höhe NN 1162m<br/><a href="https://service.dhv.de/db2/details.php?qi=glp_details&amp;popup=1&amp;item=2106" target="_blank">Details anzeigen</a>]]></description>
					<styleUrl>#dhv_startplatz</styleUrl>
					<Point>
						<coordinates>8.648500,47.157500</coordinates>
					</Point>
				</Placemark>
				<Placemark>
					<name>Gottschalkenberg Landeplatz</name>
					<description><![CDATA[Landeplatz<br/>Gemeinde Hütten, Höhe NN 662m<br/><a href="https://service.dhv.de/db2/details.php?qi=glp_details&amp;popup=1&amp;item=2106" target="_blank">Details anzeigen</a>]]></description>
					<styleUrl>#dhv_landeplatz</styleUrl>
					<Point>
						<coordinates>8.666714,47.182694</coordinates>
					</Point>
				</Placemark>
			</Folder>
			<Folder>
				<name>Ramenegg</name>
				<description><![CDATA[Hanggelände für Gleitschirme und Hängegleiter<br/>Max. Höhendifferenz 401m.<br/><a href="https://service.dhv.de/db2/details.php?qi=glp_details&amp;popup=1&amp;item=1758">Details anzeigen</a>]]></description>
				<styleUrl>#dhv_gelaende</styleUrl>
				<open>0</open>
				<Placemark>
					<name>Ramenegg Startplatz</name>
					<description><![CDATA[Startplatz, Startrichtung O<br/>Gemeinde Morgarten, Höhe NN 1124m<br/><a href="https://service.dhv.de/db2/details.php?qi=glp_details&amp;popup=1&amp;item=1758" target="_blank">Details anzeigen</a>]]></description>
					<styleUrl>#dhv_startplatz</styleUrl>
					<Point>
						<coordinates>8.614836,47.101892</coordinates>
					</Point>
				</Placemark>
				<Placemark>
					<name>Ramenegg Landeplatz</name>
					<description><![CDATA[Landeplatz<br/>Gemeinde Morgarten, Höhe NN 723m<br/><a href="https://service.dhv.de/db2/details.php?qi=glp_details&amp;popup=1&amp;item=1758" target="_blank">Details anzeigen</a>]]></description>
					<styleUrl>#dhv_landeplatz</styleUrl>
					<Point>
						<coordinates>8.634219,47.101017</coordinates>
					</Point>
				</Placemark>
			</Folder>
			<Folder>
				<name>Zugerberg</name>
				<description><![CDATA[Hanggelände für Gleitschirme<br/>Max. Höhendifferenz 488m.<br/><a href="https://service.dhv.de/db2/details.php?qi=glp_details&amp;popup=1&amp;item=1412">Details anzeigen</a>]]></description>
				<styleUrl>#dhv_gelaende</styleUrl>
				<open>0</open>
				<Placemark>
					<name>Zugerberg Startplatz</name>
					<description><![CDATA[Startplatz, Startrichtung W<br/>Gemeinde Zug, Höhe NN 945m<br/><a href="https://service.dhv.de/db2/details.php?qi=glp_details&amp;popup=1&amp;item=1412" target="_blank">Details anzeigen</a>]]></description>
					<styleUrl>#dhv_startplatz</styleUrl>
					<Point>
						<coordinates>8.535844,47.147936</coordinates>
					</Point>
				</Placemark>
				<Placemark>
					<name>Zugerberg Landeplatz</name>
					<description><![CDATA[Landeplatz<br/>Gemeinde Zug, Höhe NN 457m<br/><a href="https://service.dhv.de/db2/details.php?qi=glp_details&amp;popup=1&amp;item=1412" target="_blank">Details anzeigen</a>]]></description>
					<styleUrl>#dhv_landeplatz</styleUrl>
					<Point>
						<coordinates>8.513047,47.150183</coordinates>
					</Point>
				</Placemark>
			</Folder>
		</Folder>
		<Folder>
			<name>Zürich</name>
			<open>0</open>
			<Folder>
				<name>Alp Scheidegg</name>
				<description><![CDATA[Hanggelände für Gleitschirme und Hängegleiter<br/>Max. Höhendifferenz 527m.<br/><a href="https://service.dhv.de/db2/details.php?qi=glp_details&amp;popup=1&amp;item=2109">Details anzeigen</a>]]></description>
				<styleUrl>#dhv_gelaende</styleUrl>
				<open>0</open>
				<Placemark>
					<name>Alp Scheidegg Startplatz</name>
					<description><![CDATA[Startplatz, Startrichtung SW-W<br/>Gemeinde Gibswil-Ried, Höhe NN 1209m<br/><a href="https://service.dhv.de/db2/details.php?qi=glp_details&amp;popup=1&amp;item=2109" target="_blank">Details anzeigen</a>]]></description>
					<styleUrl>#dhv_startplatz</styleUrl>
					<Point>
						<coordinates>8.943983,47.304667</coordinates>
					</Point>
				</Placemark>
				<Placemark>
					<name>Alp Scheidegg Landeplatz 2</name>
					<description><![CDATA[Landeplatz<br/>Gemeinde Gibswil-Ried, Höhe NN 779m<br/><a href="https://service.dhv.de/db2/details.php?qi=glp_details&amp;popup=1&amp;item=2109" target="_blank">Details anzeigen</a>]]></description>
					<styleUrl>#dhv_landeplatz</styleUrl>
					<Point>
						<coordinates>8.927325,47.294108</coordinates>
					</Point>
				</Placemark>
				<Placemark>
					<name>Alp Scheidegg Landeplatz 1</name>
					<description><![CDATA[Landeplatz<br/>Gemeinde Gibswil-Ried, Höhe NN 771m<br/><a href="https://service.dhv.de/db2/details.php?qi=glp_details&amp;popup=1&amp;item=2109" target="_blank">Details anzeigen</a>]]></description>
					<styleUrl>#dhv_landeplatz</styleUrl>
					<Point>
						<coordinates>8.913881,47.310052</coordinates>
					</Point>
				</Placemark>
				<Placemark>
					<name>Alp Scheidegg Landeplatz 3</name>
					<description><![CDATA[Landeplatz<br/>Gemeinde Gibswil-Ried, Höhe NN 689m<br/><a href="https://service.dhv.de/db2/details.php?qi=glp_details&amp;popup=1&amp;item=2109" target="_blank">Details anzeigen</a>]]></description>
					<styleUrl>#dhv_landeplatz</styleUrl>
					<Point>
						<coordinates>8.919978,47.295494</coordinates>
					</Point>
				</Placemark>
				<Placemark>
					<name>Alp Scheidegg Landeplatz 4</name>
					<description><![CDATA[Landeplatz<br/>Gemeinde Gibswil-Ried, Höhe NN 682m<br/><a href="https://service.dhv.de/db2/details.php?qi=glp_details&amp;popup=1&amp;item=2109" target="_blank">Details anzeigen</a>]]></description>
					<styleUrl>#dhv_landeplatz</styleUrl>
					<Point>
						<coordinates>8.915903,47.288817</coordinates>
					</Point>
				</Placemark>
			</Folder>
			<Folder>
				<name>Oberrieden</name>
				<description><![CDATA[Hanggelände für Gleitschirme<br/><a href="https://service.dhv.de/db2/details.php?qi=glp_details&amp;popup=1&amp;item=2107">Details anzeigen</a>]]></description>
				<styleUrl>#dhv_gelaende</styleUrl>
				<open>0</open>
				<Placemark>
					<name>Oberrieden Start-/Landeplatz</name>
					<description><![CDATA[Startplatz, Startrichtung NO<br/>Gemeinde Oberrieden, Höhe NN 576m<br/><a href="https://service.dhv.de/db2/details.php?qi=glp_details&amp;popup=1&amp;item=2107" target="_blank">Details anzeigen</a>]]></description>
					<styleUrl>#dhv_startplatz</styleUrl>
					<Point>
						<coordinates>8.575086,47.267236</coordinates>
					</Point>
				</Placemark>
			</Folder>
			<Folder>
				<name>Uetliberg</name>
				<description><![CDATA[Hanggelände für Gleitschirme und Hängegleiter<br/>Max. Höhendifferenz 316m.<br/><a href="https://service.dhv.de/db2/details.php?qi=glp_details&amp;popup=1&amp;item=1783">Details anzeigen</a>]]></description>
				<styleUrl>#dhv_gelaende</styleUrl>
				<open>0</open>
				<Placemark>
					<name>Uetliberg Startplatz</name>
					<description><![CDATA[Startplatz, Startrichtung NO<br/>Gemeinde Zürich, Höhe NN 735m<br/><a href="https://service.dhv.de/db2/details.php?qi=glp_details&amp;popup=1&amp;item=1783" target="_blank">Details anzeigen</a>]]></description>
					<styleUrl>#dhv_startplatz</styleUrl>
					<Point>
						<coordinates>8.500692,47.322519</coordinates>
					</Point>
				</Placemark>
				<Placemark>
					<name>Uetliberg Landeplatz 1</name>
					<description><![CDATA[Landeplatz<br/>Gemeinde Zürich, Höhe NN 568m<br/><a href="https://service.dhv.de/db2/details.php?qi=glp_details&amp;popup=1&amp;item=1783" target="_blank">Details anzeigen</a>]]></description>
					<styleUrl>#dhv_landeplatz</styleUrl>
					<Point>
						<coordinates>8.506206,47.325456</coordinates>
					</Point>
				</Placemark>
				<Placemark>
					<name>Uetliberg Landeplatz 2</name>
					<description><![CDATA[Landeplatz<br/>Gemeinde Zürich, Höhe NN 419m<br/><a href="https://service.dhv.de/db2/details.php?qi=glp_details&amp;popup=1&amp;item=1783" target="_blank">Details anzeigen</a>]]></description>
					<styleUrl>#dhv_landeplatz</styleUrl>
					<Point>
						<coordinates>8.519386,47.353219</coordinates>
					</Point>
				</Placemark>
			</Folder>
		</Folder>
	</Folder>
</Document>
</kml>

